ID|train_test|fold
p0000_orig|test|0
p0000_mut|train|0
p0001_orig|val|0
p0001_mut|test|0
p0002_orig|test|0
p0002_mut|test|0
p0003_orig|train|0
p0003_mut|val|0
p0004_orig|val|0
p0004_mut|test|0
p0005_orig|test|0
p0005_mut|train|0
p0006_orig|train|0
p0006_mut|test|0
p0007_orig|test|0
p0007_mut|train|0
p0008_orig|test|0
p0008_mut|test|0
p0009_orig|train|0
p0009_mut|train|0
p0010_orig|train|0
p0010_mut|test|0
p0011_orig|test|0
p0011_mut|val|0
p0012_orig|train|0
p0012_mut|train|0
p0013_orig|val|0
p0013_mut|test|0
p0014_orig|val|0
p0014_mut|test|0
p0015_orig|test|0
p0015_mut|train|0
p0016_orig|test|0
p0016_mut|val|0
p0017_orig|test|0
p0017_mut|train|0
p0018_orig|val|0
p0018_mut|train|0
p0019_orig|test|0
p0019_mut|train|0
p0020_orig|val|0
p0020_mut|train|0
p0021_orig|val|0
p0021_mut|train|0
p0022_orig|val|0
p0022_mut|test|0
p0023_orig|val|0
p0023_mut|train|0
p0024_orig|val|0
p0024_mut|test|0
p0025_orig|val|0
p0025_mut|val|0
p0026_orig|val|0
p0026_mut|test|0
p0027_orig|val|0
p0027_mut|train|0
p0028_orig|train|0
p0028_mut|train|0
p0029_orig|val|0
p0029_mut|test|0
p0030_orig|test|0
p0030_mut|train|0
p0031_orig|train|0
p0031_mut|val|0
p0032_orig|train|0
p0032_mut|test|0
p0033_orig|val|0
p0033_mut|val|0
p0034_orig|test|0
p0034_mut|val|0
p0035_orig|train|0
p0035_mut|train|0
p0036_orig|test|0
p0036_mut|train|0
p0037_orig|train|0
p0037_mut|train|0
p0038_orig|test|0
p0038_mut|test|0
p0039_orig|test|0
p0039_mut|test|0
p0040_orig|val|0
p0040_mut|train|0
p0041_orig|train|0
p0041_mut|test|0
p0042_orig|train|0
p0042_mut|train|0
p0043_orig|val|0
p0043_mut|train|0
p0044_orig|val|0
p0044_mut|train|0
p0045_orig|val|0
p0045_mut|train|0
p0046_orig|test|0
p0046_mut|train|0
p0047_orig|test|0
p0047_mut|test|0
p0048_orig|test|0
p0048_mut|train|0
p0049_orig|train|0
p0049_mut|train|0
p0050_orig|test|0
p0050_mut|test|0
p0051_orig|train|0
p0051_mut|test|0
p0052_orig|test|0
p0052_mut|train|0
p0053_orig|val|0
p0053_mut|val|0
p0054_orig|train|0
p0054_mut|val|0
p0055_orig|train|0
p0055_mut|train|0
p0056_orig|train|0
p0056_mut|test|0
p0057_orig|test|0
p0057_mut|test|0
p0058_orig|val|0
p0058_mut|val|0
p0059_orig|train|0
p0059_mut|train|0
p0060_orig|train|0
p0060_mut|test|0
p0061_orig|train|0
p0061_mut|train|0
p0062_orig|val|0
p0062_mut|val|0
p0063_orig|train|0
p0063_mut|val|0
p0064_orig|val|0
p0064_mut|val|0
p0065_orig|val|0
p0065_mut|train|0
p0066_orig|val|0
p0066_mut|val|0
p0067_orig|val|0
p0067_mut|train|0
p0068_orig|val|0
p0068_mut|train|0
p0069_orig|val|0
p0069_mut|train|0
p0070_orig|val|0
p0070_mut|test|0
p0071_orig|val|0
p0071_mut|val|0
p0072_orig|test|0
p0072_mut|train|0
p0073_orig|test|0
p0073_mut|train|0
p0074_orig|train|0
p0074_mut|val|0
p0075_orig|train|0
p0075_mut|val|0
p0076_orig|val|0
p0076_mut|val|0
p0077_orig|val|0
p0077_mut|train|0
p0078_orig|test|0
p0078_mut|val|0
p0079_orig|test|0
p0079_mut|test|0
p0080_orig|test|0
p0080_mut|test|0
p0081_orig|test|0
p0081_mut|train|0
p0082_orig|test|0
p0082_mut|val|0
p0083_orig|val|0
p0083_mut|test|0
p0084_orig|train|0
p0084_mut|test|0
p0085_orig|train|0
p0085_mut|val|0
p0086_orig|val|0
p0086_mut|test|0
p0087_orig|train|0
p0087_mut|val|0
p0088_orig|train|0
p0088_mut|train|0
p0089_orig|test|0
p0089_mut|val|0
p0090_orig|train|0
p0090_mut|val|0
p0091_orig|val|0
p0091_mut|train|0
p0092_orig|train|0
p0092_mut|val|0
p0093_orig|train|0
p0093_mut|val|0
p0094_orig|train|0
p0094_mut|train|0
p0095_orig|train|0
p0095_mut|train|0
p0096_orig|train|0
p0096_mut|test|0
p0097_orig|val|0
p0097_mut|val|0
p0098_orig|train|0
p0098_mut|train|0
p0099_orig|train|0
p0099_mut|val|0
p0100_orig|val|0
p0100_mut|test|0
p0101_orig|val|0
p0101_mut|test|0
p0102_orig|train|0
p0102_mut|test|0
p0103_orig|test|0
p0103_mut|val|0
p0104_orig|test|0
p0104_mut|val|0
p0105_orig|test|0
p0105_mut|test|0
p0106_orig|test|0
p0106_mut|train|0
p0107_orig|train|0
p0107_mut|val|0
p0108_orig|train|0
p0108_mut|test|0
p0109_orig|train|0
p0109_mut|val|0
p0110_orig|val|0
p0110_mut|test|0
p0111_orig|train|0
p0111_mut|test|0
p0112_orig|test|0
p0112_mut|train|0
p0113_orig|train|0
p0113_mut|test|0
p0114_orig|val|0
p0114_mut|train|0
p0115_orig|test|0
p0115_mut|train|0
p0116_orig|train|0
p0116_mut|train|0
p0117_orig|train|0
p0117_mut|test|0
p0118_orig|test|0
p0118_mut|test|0
p0119_orig|val|0
p0119_mut|train|0
p0120_orig|test|0
p0120_mut|train|0
p0121_orig|train|0
p0121_mut|train|0
p0122_orig|val|0
p0122_mut|test|0
p0123_orig|train|0
p0123_mut|train|0
p0124_orig|val|0
p0124_mut|train|0
p0125_orig|test|0
p0125_mut|val|0
p0126_orig|test|0
p0126_mut|train|0
p0127_orig|test|0
p0127_mut|test|0
p0128_orig|train|0
p0128_mut|test|0
p0129_orig|val|0
p0129_mut|val|0
p0130_orig|val|0
p0130_mut|test|0
p0131_orig|train|0
p0131_mut|test|0
p0132_orig|test|0
p0132_mut|val|0
p0133_orig|train|0
p0133_mut|test|0
p0134_orig|train|0
p0134_mut|val|0
p0135_orig|test|0
p0135_mut|train|0
p0136_orig|test|0
p0136_mut|val|0
p0137_orig|val|0
p0137_mut|val|0
p0138_orig|train|0
p0138_mut|val|0
p0139_orig|train|0
p0139_mut|train|0
p0140_orig|val|0
p0140_mut|train|0
p0141_orig|test|0
p0141_mut|train|0
p0142_orig|test|0
p0142_mut|train|0
p0143_orig|train|0
p0143_mut|train|0
p0144_orig|test|0
p0144_mut|train|0
p0145_orig|val|0
p0145_mut|train|0
p0146_orig|test|0
p0146_mut|train|0
p0147_orig|val|0
p0147_mut|test|0
p0148_orig|train|0
p0148_mut|train|0
p0149_orig|train|0
p0149_mut|val|0
p0150_orig|val|0
p0150_mut|test|0
p0151_orig|train|0
p0151_mut|test|0
p0152_orig|train|0
p0152_mut|val|0
p0153_orig|test|0
p0153_mut|val|0
p0154_orig|test|0
p0154_mut|val|0
p0155_orig|test|0
p0155_mut|train|0
p0156_orig|train|0
p0156_mut|test|0
p0157_orig|train|0
p0157_mut|val|0
p0158_orig|test|0
p0158_mut|test|0
p0159_orig|val|0
p0159_mut|train|0
p0160_orig|val|0
p0160_mut|val|0
p0161_orig|test|0
p0161_mut|val|0
p0162_orig|val|0
p0162_mut|test|0
p0163_orig|val|0
p0163_mut|test|0
p0164_orig|val|0
p0164_mut|test|0
p0165_orig|test|0
p0165_mut|train|0
p0166_orig|val|0
p0166_mut|val|0
p0167_orig|train|0
p0167_mut|train|0
p0168_orig|train|0
p0168_mut|test|0
p0169_orig|train|0
p0169_mut|val|0
p0170_orig|val|0
p0170_mut|train|0
p0171_orig|val|0
p0171_mut|test|0
p0172_orig|val|0
p0172_mut|train|0
p0173_orig|val|0
p0173_mut|val|0
p0174_orig|test|0
p0174_mut|train|0
p0175_orig|val|0
p0175_mut|val|0
p0176_orig|val|0
p0176_mut|val|0
p0177_orig|val|0
p0177_mut|test|0
p0178_orig|train|0
p0178_mut|test|0
p0179_orig|val|0
p0179_mut|val|0
p0180_orig|train|0
p0180_mut|test|0
p0181_orig|train|0
p0181_mut|test|0
p0182_orig|test|0
p0182_mut|train|0
p0183_orig|val|0
p0183_mut|train|0
p0184_orig|val|0
p0184_mut|val|0
p0185_orig|train|0
p0185_mut|val|0
p0186_orig|val|0
p0186_mut|test|0
p0187_orig|test|0
p0187_mut|test|0
p0188_orig|test|0
p0188_mut|val|0
p0189_orig|train|0
p0189_mut|test|0
p0190_orig|test|0
p0190_mut|train|0
p0191_orig|train|0
p0191_mut|val|0
p0192_orig|val|0
p0192_mut|test|0
p0193_orig|val|0
p0193_mut|train|0
p0194_orig|train|0
p0194_mut|train|0
p0195_orig|val|0
p0195_mut|train|0
p0196_orig|test|0
p0196_mut|train|0
p0197_orig|test|0
p0197_mut|train|0
p0198_orig|test|0
p0198_mut|val|0
p0199_orig|test|0
p0199_mut|train|0
p0200_orig|test|0
p0200_mut|val|0
p0201_orig|test|0
p0201_mut|train|0
p0202_orig|val|0
p0202_mut|val|0
p0203_orig|test|0
p0203_mut|val|0
p0204_orig|val|0
p0204_mut|train|0
p0205_orig|test|0
p0205_mut|test|0
p0206_orig|test|0
p0206_mut|train|0
p0207_orig|test|0
p0207_mut|test|0
p0208_orig|val|0
p0208_mut|test|0
p0209_orig|val|0
p0209_mut|train|0
p0210_orig|val|0
p0210_mut|test|0
p0211_orig|train|0
p0211_mut|test|0
p0212_orig|val|0
p0212_mut|val|0
p0213_orig|val|0
p0213_mut|test|0
p0214_orig|train|0
p0214_mut|val|0
p0215_orig|train|0
p0215_mut|val|0
p0216_orig|val|0
p0216_mut|train|0
p0217_orig|test|0
p0217_mut|val|0
p0218_orig|train|0
p0218_mut|val|0
p0219_orig|test|0
p0219_mut|test|0
p0220_orig|val|0
p0220_mut|val|0
p0221_orig|test|0
p0221_mut|test|0
p0222_orig|test|0
p0222_mut|test|0
p0223_orig|test|0
p0223_mut|test|0
p0224_orig|train|0
p0224_mut|val|0
p0225_orig|train|0
p0225_mut|val|0
p0226_orig|val|0
p0226_mut|train|0
p0227_orig|train|0
p0227_mut|val|0
p0228_orig|train|0
p0228_mut|train|0
p0229_orig|test|0
p0229_mut|test|0
p0230_orig|test|0
p0230_mut|val|0
p0231_orig|test|0
p0231_mut|train|0
p0232_orig|test|0
p0232_mut|test|0
p0233_orig|train|0
p0233_mut|val|0
p0234_orig|train|0
p0234_mut|test|0
p0235_orig|val|0
p0235_mut|train|0
p0236_orig|test|0
p0236_mut|train|0
p0237_orig|test|0
p0237_mut|test|0
p0238_orig|train|0
p0238_mut|train|0
p0239_orig|test|0
p0239_mut|test|0
p0240_orig|test|0
p0240_mut|test|0
p0241_orig|train|0
p0241_mut|test|0
p0242_orig|train|0
p0242_mut|train|0
p0243_orig|test|0
p0243_mut|val|0
p0244_orig|train|0
p0244_mut|test|0
p0245_orig|val|0
p0245_mut|val|0
p0246_orig|val|0
p0246_mut|test|0
p0247_orig|train|0
p0247_mut|train|0
p0248_orig|val|0
p0248_mut|test|0
p0249_orig|test|0
p0249_mut|test|0
p0250_orig|val|0
p0250_mut|val|0
p0251_orig|train|0
p0251_mut|val|0
p0252_orig|test|0
p0252_mut|train|0
p0253_orig|train|0
p0253_mut|val|0
p0254_orig|test|0
p0254_mut|val|0
p0255_orig|train|0
p0255_mut|test|0
p0256_orig|val|0
p0256_mut|val|0
p0257_orig|val|0
p0257_mut|train|0
p0258_orig|val|0
p0258_mut|val|0
p0259_orig|test|0
p0259_mut|train|0
p0260_orig|train|0
p0260_mut|test|0
p0261_orig|test|0
p0261_mut|train|0
p0262_orig|val|0
p0262_mut|test|0
p0263_orig|train|0
p0263_mut|test|0
p0264_orig|test|0
p0264_mut|val|0
p0265_orig|val|0
p0265_mut|val|0
p0266_orig|train|0
p0266_mut|train|0
p0267_orig|test|0
p0267_mut|test|0
p0268_orig|test|0
p0268_mut|train|0
p0269_orig|train|0
p0269_mut|val|0
p0270_orig|train|0
p0270_mut|train|0
p0271_orig|train|0
p0271_mut|test|0
p0272_orig|train|0
p0272_mut|train|0
p0273_orig|train|0
p0273_mut|val|0
p0274_orig|test|0
p0274_mut|val|0
p0275_orig|val|0
p0275_mut|train|0
p0276_orig|val|0
p0276_mut|test|0
p0277_orig|test|0
p0277_mut|val|0
p0278_orig|train|0
p0278_mut|test|0
p0279_orig|val|0
p0279_mut|val|0
p0280_orig|train|0
p0280_mut|test|0
p0281_orig|val|0
p0281_mut|test|0
p0282_orig|train|0
p0282_mut|test|0
p0283_orig|val|0
p0283_mut|test|0
p0284_orig|train|0
p0284_mut|test|0
p0285_orig|val|0
p0285_mut|test|0
p0286_orig|train|0
p0286_mut|test|0
p0287_orig|train|0
p0287_mut|train|0
p0288_orig|val|0
p0288_mut|val|0
p0289_orig|train|0
p0289_mut|train|0
p0290_orig|train|0
p0290_mut|test|0
p0291_orig|test|0
p0291_mut|test|0
p0292_orig|train|0
p0292_mut|test|0
p0293_orig|train|0
p0293_mut|train|0
p0294_orig|train|0
p0294_mut|val|0
p0295_orig|val|0
p0295_mut|val|0
p0296_orig|val|0
p0296_mut|train|0
p0297_orig|test|0
p0297_mut|test|0
p0298_orig|val|0
p0298_mut|test|0
p0299_orig|val|0
p0299_mut|val|0
p0300_orig|val|0
p0300_mut|test|0
p0301_orig|test|0
p0301_mut|val|0
p0302_orig|train|0
p0302_mut|val|0
p0303_orig|test|0
p0303_mut|test|0
p0304_orig|train|0
p0304_mut|train|0
p0305_orig|val|0
p0305_mut|val|0
p0306_orig|test|0
p0306_mut|val|0
p0307_orig|test|0
p0307_mut|test|0
p0308_orig|val|0
p0308_mut|test|0
p0309_orig|train|0
p0309_mut|train|0
p0310_orig|train|0
p0310_mut|val|0
p0311_orig|val|0
p0311_mut|test|0
p0312_orig|train|0
p0312_mut|val|0
p0313_orig|val|0
p0313_mut|val|0
p0314_orig|train|0
p0314_mut|val|0
p0315_orig|val|0
p0315_mut|val|0
p0316_orig|val|0
p0316_mut|val|0
p0317_orig|val|0
p0317_mut|test|0
p0318_orig|test|0
p0318_mut|val|0
p0319_orig|val|0
p0319_mut|train|0
p0320_orig|test|0
p0320_mut|train|0
p0321_orig|val|0
p0321_mut|train|0
p0322_orig|test|0
p0322_mut|test|0
p0323_orig|test|0
p0323_mut|val|0
p0324_orig|val|0
p0324_mut|train|0
p0325_orig|train|0
p0325_mut|train|0
p0326_orig|train|0
p0326_mut|test|0
p0327_orig|val|0
p0327_mut|val|0
p0328_orig|val|0
p0328_mut|test|0
p0329_orig|train|0
p0329_mut|test|0
p0330_orig|train|0
p0330_mut|test|0
p0331_orig|test|0
p0331_mut|val|0
p0332_orig|train|0
p0332_mut|test|0
p0333_orig|train|0
p0333_mut|val|0
p0334_orig|val|0
p0334_mut|val|0
p0335_orig|test|0
p0335_mut|test|0
p0336_orig|train|0
p0336_mut|train|0
p0337_orig|val|0
p0337_mut|val|0
p0338_orig|train|0
p0338_mut|train|0
p0339_orig|train|0
p0339_mut|train|0
p0340_orig|train|0
p0340_mut|train|0
p0341_orig|val|0
p0341_mut|val|0
p0342_orig|val|0
p0342_mut|train|0
p0343_orig|val|0
p0343_mut|test|0
p0344_orig|test|0
p0344_mut|train|0
p0345_orig|train|0
p0345_mut|val|0
p0346_orig|train|0
p0346_mut|train|0
p0347_orig|train|0
p0347_mut|test|0
p0348_orig|val|0
p0348_mut|test|0
p0349_orig|val|0
p0349_mut|val|0
p0350_orig|train|0
p0350_mut|test|0
p0351_orig|test|0
p0351_mut|train|0
p0352_orig|train|0
p0352_mut|train|0
p0353_orig|train|0
p0353_mut|val|0
p0354_orig|val|0
p0354_mut|test|0
p0355_orig|val|0
p0355_mut|train|0
p0356_orig|test|0
p0356_mut|test|0
p0357_orig|val|0
p0357_mut|train|0
p0358_orig|test|0
p0358_mut|val|0
p0359_orig|test|0
p0359_mut|train|0
p0360_orig|test|0
p0360_mut|test|0
p0361_orig|val|0
p0361_mut|train|0
p0362_orig|val|0
p0362_mut|train|0
p0363_orig|test|0
p0363_mut|train|0
p0364_orig|test|0
p0364_mut|train|0
p0365_orig|test|0
p0365_mut|train|0
p0366_orig|val|0
p0366_mut|train|0
p0367_orig|train|0
p0367_mut|train|0
p0368_orig|test|0
p0368_mut|train|0
p0369_orig|test|0
p0369_mut|val|0
p0370_orig|test|0
p0370_mut|val|0
p0371_orig|val|0
p0371_mut|train|0
p0372_orig|test|0
p0372_mut|test|0
p0373_orig|test|0
p0373_mut|test|0
p0374_orig|train|0
p0374_mut|test|0
p0375_orig|train|0
p0375_mut|val|0
p0376_orig|test|0
p0376_mut|train|0
p0377_orig|train|0
p0377_mut|train|0
p0378_orig|train|0
p0378_mut|test|0
p0379_orig|val|0
p0379_mut|test|0
p0380_orig|test|0
p0380_mut|train|0
p0381_orig|test|0
p0381_mut|test|0
p0382_orig|val|0
p0382_mut|test|0
p0383_orig|val|0
p0383_mut|test|0
p0384_orig|val|0
p0384_mut|train|0
p0385_orig|val|0
p0385_mut|train|0
p0386_orig|val|0
p0386_mut|test|0
p0387_orig|test|0
p0387_mut|val|0
p0388_orig|val|0
p0388_mut|val|0
p0389_orig|test|0
p0389_mut|val|0
p0390_orig|test|0
p0390_mut|val|0
p0391_orig|train|0
p0391_mut|val|0
p0392_orig|test|0
p0392_mut|train|0
p0393_orig|val|0
p0393_mut|val|0
p0394_orig|val|0
p0394_mut|train|0
p0395_orig|val|0
p0395_mut|val|0
p0396_orig|test|0
p0396_mut|test|0
p0397_orig|test|0
p0397_mut|test|0
p0398_orig|train|0
p0398_mut|val|0
p0399_orig|test|0
p0399_mut|train|0
p0400_orig|val|0
p0400_mut|train|0
p0401_orig|val|0
p0401_mut|test|0
p0402_orig|test|0
p0402_mut|val|0
p0403_orig|train|0
p0403_mut|test|0
p0404_orig|train|0
p0404_mut|train|0
p0405_orig|train|0
p0405_mut|val|0
p0406_orig|val|0
p0406_mut|test|0
p0407_orig|val|0
p0407_mut|val|0
p0408_orig|test|0
p0408_mut|val|0
p0409_orig|val|0
p0409_mut|test|0
p0410_orig|test|0
p0410_mut|train|0
p0411_orig|train|0
p0411_mut|test|0
p0412_orig|train|0
p0412_mut|val|0
p0413_orig|test|0
p0413_mut|test|0
p0414_orig|test|0
p0414_mut|val|0
p0415_orig|test|0
p0415_mut|train|0
p0416_orig|train|0
p0416_mut|train|0
p0417_orig|test|0
p0417_mut|test|0
p0418_orig|train|0
p0418_mut|test|0
p0419_orig|test|0
p0419_mut|test|0
p0420_orig|test|0
p0420_mut|test|0
p0421_orig|train|0
p0421_mut|test|0
p0422_orig|val|0
p0422_mut|train|0
p0423_orig|train|0
p0423_mut|val|0
p0424_orig|test|0
p0424_mut|test|0
p0425_orig|val|0
p0425_mut|train|0
p0426_orig|test|0
p0426_mut|train|0
p0427_orig|val|0
p0427_mut|train|0
p0428_orig|test|0
p0428_mut|test|0
p0429_orig|test|0
p0429_mut|train|0
p0430_orig|train|0
p0430_mut|train|0
p0431_orig|val|0
p0431_mut|val|0
p0432_orig|test|0
p0432_mut|test|0
p0433_orig|train|0
p0433_mut|val|0
p0434_orig|val|0
p0434_mut|train|0
p0435_orig|test|0
p0435_mut|test|0
p0436_orig|test|0
p0436_mut|test|0
p0437_orig|train|0
p0437_mut|train|0
p0438_orig|test|0
p0438_mut|test|0
p0439_orig|val|0
p0439_mut|val|0
p0440_orig|train|0
p0440_mut|val|0
p0441_orig|test|0
p0441_mut|val|0
p0442_orig|test|0
p0442_mut|test|0
p0443_orig|train|0
p0443_mut|val|0
p0444_orig|val|0
p0444_mut|test|0
p0445_orig|val|0
p0445_mut|train|0
p0446_orig|val|0
p0446_mut|val|0
p0447_orig|train|0
p0447_mut|test|0
p0448_orig|train|0
p0448_mut|train|0
p0449_orig|train|0
p0449_mut|test|0
p0450_orig|train|0
p0450_mut|val|0
p0451_orig|val|0
p0451_mut|train|0
p0452_orig|test|0
p0452_mut|train|0
p0453_orig|train|0
p0453_mut|train|0
p0454_orig|test|0
p0454_mut|val|0
p0455_orig|train|0
p0455_mut|train|0
p0456_orig|train|0
p0456_mut|test|0
p0457_orig|train|0
p0457_mut|train|0
p0458_orig|train|0
p0458_mut|test|0
p0459_orig|train|0
p0459_mut|val|0
p0460_orig|test|0
p0460_mut|val|0
p0461_orig|train|0
p0461_mut|val|0
p0462_orig|test|0
p0462_mut|val|0
p0463_orig|test|0
p0463_mut|train|0
p0464_orig|val|0
p0464_mut|test|0
p0465_orig|val|0
p0465_mut|val|0
p0466_orig|test|0
p0466_mut|val|0
p0467_orig|test|0
p0467_mut|test|0
p0468_orig|val|0
p0468_mut|test|0
p0469_orig|val|0
p0469_mut|test|0
p0470_orig|train|0
p0470_mut|test|0
p0471_orig|train|0
p0471_mut|val|0
p0472_orig|test|0
p0472_mut|test|0
p0473_orig|test|0
p0473_mut|test|0
p0474_orig|test|0
p0474_mut|test|0
p0475_orig|train|0
p0475_mut|val|0
p0476_orig|val|0
p0476_mut|val|0
p0477_orig|val|0
p0477_mut|val|0
p0478_orig|train|0
p0478_mut|train|0
p0479_orig|val|0
p0479_mut|train|0
p0480_orig|val|0
p0480_mut|train|0
p0481_orig|val|0
p0481_mut|test|0
p0482_orig|test|0
p0482_mut|train|0
p0483_orig|val|0
p0483_mut|val|0
p0484_orig|val|0
p0484_mut|val|0
p0485_orig|val|0
p0485_mut|test|0
p0486_orig|test|0
p0486_mut|val|0
p0487_orig|val|0
p0487_mut|train|0
p0488_orig|val|0
p0488_mut|val|0
p0489_orig|val|0
p0489_mut|test|0
p0490_orig|test|0
p0490_mut|val|0
p0491_orig|test|0
p0491_mut|test|0
p0492_orig|test|0
p0492_mut|val|0
p0493_orig|train|0
p0493_mut|val|0
p0494_orig|test|0
p0494_mut|test|0
p0495_orig|train|0
p0495_mut|test|0
p0496_orig|train|0
p0496_mut|val|0
p0497_orig|test|0
p0497_mut|test|0
p0498_orig|train|0
p0498_mut|train|0
p0499_orig|train|0
p0499_mut|train|0
p0500_orig|train|0
p0500_mut|val|0
p0501_orig|test|0
p0501_mut|val|0
p0502_orig|train|0
p0502_mut|train|0
p0503_orig|train|0
p0503_mut|train|0
p0504_orig|test|0
p0504_mut|val|0
p0505_orig|train|0
p0505_mut|train|0
p0506_orig|test|0
p0506_mut|val|0
p0507_orig|test|0
p0507_mut|val|0
p0508_orig|train|0
p0508_mut|val|0
p0509_orig|val|0
p0509_mut|test|0
p0510_orig|train|0
p0510_mut|test|0
p0511_orig|val|0
p0511_mut|test|0
p0512_orig|val|0
p0512_mut|train|0
p0513_orig|val|0
p0513_mut|val|0
p0514_orig|train|0
p0514_mut|train|0
p0515_orig|val|0
p0515_mut|test|0
p0516_orig|test|0
p0516_mut|val|0
p0517_orig|train|0
p0517_mut|test|0
p0518_orig|val|0
p0518_mut|test|0
p0519_orig|train|0
p0519_mut|val|0
p0520_orig|val|0
p0520_mut|train|0
p0521_orig|test|0
p0521_mut|test|0
p0522_orig|train|0
p0522_mut|test|0
p0523_orig|val|0
p0523_mut|val|0
p0524_orig|test|0
p0524_mut|val|0
p0525_orig|test|0
p0525_mut|test|0
p0526_orig|train|0
p0526_mut|train|0
p0527_orig|test|0
p0527_mut|train|0
p0528_orig|test|0
p0528_mut|val|0
p0529_orig|train|0
p0529_mut|val|0
p0530_orig|test|0
p0530_mut|train|0
p0531_orig|val|0
p0531_mut|train|0
p0532_orig|val|0
p0532_mut|val|0
p0533_orig|val|0
p0533_mut|val|0
p0534_orig|test|0
p0534_mut|train|0
p0535_orig|test|0
p0535_mut|test|0
p0536_orig|train|0
p0536_mut|test|0
p0537_orig|test|0
p0537_mut|train|0
p0538_orig|val|0
p0538_mut|val|0
p0539_orig|val|0
p0539_mut|val|0
p0540_orig|train|0
p0540_mut|train|0
p0541_orig|test|0
p0541_mut|test|0
p0542_orig|test|0
p0542_mut|test|0
p0543_orig|test|0
p0543_mut|val|0
p0544_orig|val|0
p0544_mut|train|0
p0545_orig|val|0
p0545_mut|train|0
p0546_orig|test|0
p0546_mut|test|0
p0547_orig|val|0
p0547_mut|val|0
p0548_orig|test|0
p0548_mut|train|0
p0549_orig|train|0
p0549_mut|train|0
p0550_orig|test|0
p0550_mut|test|0
p0551_orig|test|0
p0551_mut|train|0
p0552_orig|val|0
p0552_mut|train|0
p0553_orig|train|0
p0553_mut|train|0
p0554_orig|train|0
p0554_mut|train|0
p0555_orig|test|0
p0555_mut|test|0
p0556_orig|val|0
p0556_mut|val|0
p0557_orig|val|0
p0557_mut|train|0
p0558_orig|test|0
p0558_mut|train|0
p0559_orig|train|0
p0559_mut|test|0
p0560_orig|train|0
p0560_mut|val|0
p0561_orig|test|0
p0561_mut|train|0
p0562_orig|test|0
p0562_mut|val|0
p0563_orig|val|0
p0563_mut|val|0
p0564_orig|train|0
p0564_mut|train|0
p0565_orig|test|0
p0565_mut|train|0
p0566_orig|test|0
p0566_mut|test|0
p0567_orig|train|0
p0567_mut|train|0
p0568_orig|train|0
p0568_mut|train|0
p0569_orig|val|0
p0569_mut|train|0
p0570_orig|train|0
p0570_mut|val|0
p0571_orig|train|0
p0571_mut|test|0
p0572_orig|test|0
p0572_mut|val|0
p0573_orig|test|0
p0573_mut|train|0
p0574_orig|val|0
p0574_mut|test|0
p0575_orig|test|0
p0575_mut|train|0
p0576_orig|test|0
p0576_mut|val|0
p0577_orig|val|0
p0577_mut|train|0
p0578_orig|train|0
p0578_mut|train|0
p0579_orig|val|0
p0579_mut|val|0
p0580_orig|test|0
p0580_mut|train|0
p0581_orig|val|0
p0581_mut|val|0
p0582_orig|test|0
p0582_mut|test|0
p0583_orig|val|0
p0583_mut|train|0
p0584_orig|val|0
p0584_mut|val|0
p0585_orig|train|0
p0585_mut|test|0
p0586_orig|test|0
p0586_mut|val|0
p0587_orig|val|0
p0587_mut|val|0
p0588_orig|train|0
p0588_mut|val|0
p0589_orig|test|0
p0589_mut|val|0
p0590_orig|val|0
p0590_mut|val|0
p0591_orig|train|0
p0591_mut|val|0
p0592_orig|train|0
p0592_mut|test|0
p0593_orig|val|0
p0593_mut|val|0
p0594_orig|train|0
p0594_mut|val|0
p0595_orig|test|0
p0595_mut|train|0
p0596_orig|val|0
p0596_mut|val|0
p0597_orig|train|0
p0597_mut|train|0
p0598_orig|val|0
p0598_mut|train|0
p0599_orig|test|0
p0599_mut|val|0
p0600_orig|train|0
p0600_mut|val|0
p0601_orig|val|0
p0601_mut|val|0
p0602_orig|train|0
p0602_mut|train|0
p0603_orig|test|0
p0603_mut|test|0
p0604_orig|train|0
p0604_mut|test|0
p0605_orig|test|0
p0605_mut|val|0
p0606_orig|train|0
p0606_mut|test|0
p0607_orig|test|0
p0607_mut|val|0
p0608_orig|test|0
p0608_mut|test|0
p0609_orig|train|0
p0609_mut|val|0
p0610_orig|test|0
p0610_mut|test|0
p0611_orig|val|0
p0611_mut|test|0
p0612_orig|test|0
p0612_mut|val|0
p0613_orig|val|0
p0613_mut|val|0
p0614_orig|test|0
p0614_mut|val|0
p0615_orig|val|0
p0615_mut|val|0
p0616_orig|train|0
p0616_mut|val|0
p0617_orig|test|0
p0617_mut|test|0
p0618_orig|val|0
p0618_mut|val|0
p0619_orig|test|0
p0619_mut|train|0
p0620_orig|train|0
p0620_mut|val|0
p0621_orig|val|0
p0621_mut|test|0
p0622_orig|val|0
p0622_mut|val|0
p0623_orig|train|0
p0623_mut|test|0
p0624_orig|val|0
p0624_mut|test|0
p0625_orig|train|0
p0625_mut|test|0
p0626_orig|train|0
p0626_mut|test|0
p0627_orig|test|0
p0627_mut|val|0
p0628_orig|train|0
p0628_mut|train|0
p0629_orig|test|0
p0629_mut|train|0
p0630_orig|val|0
p0630_mut|test|0
p0631_orig|train|0
p0631_mut|val|0
p0632_orig|train|0
p0632_mut|val|0
p0633_orig|val|0
p0633_mut|test|0
p0634_orig|val|0
p0634_mut|test|0
p0635_orig|train|0
p0635_mut|val|0
p0636_orig|train|0
p0636_mut|test|0
p0637_orig|train|0
p0637_mut|val|0
p0638_orig|val|0
p0638_mut|train|0
p0639_orig|val|0
p0639_mut|train|0
p0640_orig|val|0
p0640_mut|val|0
p0641_orig|train|0
p0641_mut|test|0
p0642_orig|test|0
p0642_mut|val|0
p0643_orig|test|0
p0643_mut|test|0
p0644_orig|val|0
p0644_mut|test|0
p0645_orig|test|0
p0645_mut|train|0
p0646_orig|val|0
p0646_mut|test|0
p0647_orig|train|0
p0647_mut|test|0
p0648_orig|test|0
p0648_mut|test|0
p0649_orig|train|0
p0649_mut|val|0
p0650_orig|train|0
p0650_mut|val|0
p0651_orig|test|0
p0651_mut|test|0
p0652_orig|test|0
p0652_mut|test|0
p0653_orig|test|0
p0653_mut|test|0
p0654_orig|train|0
p0654_mut|val|0
p0655_orig|train|0
p0655_mut|test|0
p0656_orig|test|0
p0656_mut|val|0
p0657_orig|train|0
p0657_mut|val|0
p0658_orig|val|0
p0658_mut|test|0
p0659_orig|test|0
p0659_mut|train|0
p0660_orig|val|0
p0660_mut|val|0
p0661_orig|val|0
p0661_mut|test|0
p0662_orig|val|0
p0662_mut|train|0
p0663_orig|train|0
p0663_mut|val|0
p0664_orig|val|0
p0664_mut|val|0
p0665_orig|val|0
p0665_mut|test|0
p0666_orig|test|0
p0666_mut|test|0
p0667_orig|test|0
p0667_mut|train|0
p0668_orig|train|0
p0668_mut|train|0
p0669_orig|test|0
p0669_mut|test|0
p0670_orig|train|0
p0670_mut|test|0
p0671_orig|train|0
p0671_mut|val|0
p0672_orig|test|0
p0672_mut|train|0
p0673_orig|train|0
p0673_mut|val|0
p0674_orig|train|0
p0674_mut|test|0
p0675_orig|test|0
p0675_mut|train|0
p0676_orig|val|0
p0676_mut|test|0
p0677_orig|test|0
p0677_mut|train|0
p0678_orig|val|0
p0678_mut|val|0
p0679_orig|val|0
p0679_mut|test|0
p0680_orig|train|0
p0680_mut|val|0
p0681_orig|test|0
p0681_mut|test|0
p0682_orig|train|0
p0682_mut|val|0
p0683_orig|test|0
p0683_mut|train|0
p0684_orig|test|0
p0684_mut|train|0
p0685_orig|val|0
p0685_mut|train|0
p0686_orig|val|0
p0686_mut|val|0
p0687_orig|test|0
p0687_mut|test|0
p0688_orig|test|0
p0688_mut|val|0
p0689_orig|train|0
p0689_mut|train|0
p0690_orig|test|0
p0690_mut|train|0
p0691_orig|val|0
p0691_mut|val|0
p0692_orig|test|0
p0692_mut|train|0
p0693_orig|val|0
p0693_mut|val|0
p0694_orig|val|0
p0694_mut|val|0
p0695_orig|train|0
p0695_mut|test|0
p0696_orig|test|0
p0696_mut|val|0
p0697_orig|train|0
p0697_mut|train|0
p0698_orig|test|0
p0698_mut|train|0
p0699_orig|test|0
p0699_mut|train|0
p0700_orig|val|0
p0700_mut|test|0
p0701_orig|train|0
p0701_mut|val|0
p0702_orig|val|0
p0702_mut|train|0
p0703_orig|val|0
p0703_mut|val|0
p0704_orig|val|0
p0704_mut|train|0
p0705_orig|test|0
p0705_mut|val|0
p0706_orig|train|0
p0706_mut|val|0
p0707_orig|test|0
p0707_mut|val|0
p0708_orig|test|0
p0708_mut|val|0
p0709_orig|test|0
p0709_mut|val|0
p0710_orig|train|0
p0710_mut|val|0
p0711_orig|test|0
p0711_mut|test|0
p0712_orig|test|0
p0712_mut|test|0
p0713_orig|test|0
p0713_mut|val|0
p0714_orig|train|0
p0714_mut|val|0
p0715_orig|test|0
p0715_mut|train|0
p0716_orig|val|0
p0716_mut|train|0
p0717_orig|val|0
p0717_mut|test|0
p0718_orig|test|0
p0718_mut|train|0
p0719_orig|test|0
p0719_mut|val|0
p0720_orig|train|0
p0720_mut|test|0
p0721_orig|test|0
p0721_mut|test|0
p0722_orig|train|0
p0722_mut|val|0
p0723_orig|train|0
p0723_mut|train|0
p0724_orig|test|0
p0724_mut|train|0
p0725_orig|test|0
p0725_mut|test|0
p0726_orig|test|0
p0726_mut|train|0
p0727_orig|test|0
p0727_mut|train|0
p0728_orig|test|0
p0728_mut|train|0
p0729_orig|val|0
p0729_mut|train|0
p0730_orig|val|0
p0730_mut|train|0
p0731_orig|val|0
p0731_mut|test|0
p0732_orig|val|0
p0732_mut|train|0
p0733_orig|val|0
p0733_mut|train|0
p0734_orig|train|0
p0734_mut|test|0
p0735_orig|train|0
p0735_mut|train|0
p0736_orig|test|0
p0736_mut|train|0
p0737_orig|val|0
p0737_mut|val|0
p0738_orig|test|0
p0738_mut|val|0
p0739_orig|val|0
p0739_mut|val|0
p0740_orig|val|0
p0740_mut|val|0
p0741_orig|test|0
p0741_mut|val|0
p0742_orig|test|0
p0742_mut|val|0
p0743_orig|val|0
p0743_mut|test|0
p0744_orig|val|0
p0744_mut|test|0
p0745_orig|test|0
p0745_mut|train|0
p0746_orig|train|0
p0746_mut|train|0
p0747_orig|val|0
p0747_mut|train|0
p0748_orig|val|0
p0748_mut|val|0
p0749_orig|test|0
p0749_mut|val|0
p0750_orig|val|0
p0750_mut|val|0
p0751_orig|val|0
p0751_mut|test|0
p0752_orig|train|0
p0752_mut|val|0
p0753_orig|val|0
p0753_mut|val|0
p0754_orig|train|0
p0754_mut|val|0
p0755_orig|val|0
p0755_mut|test|0
p0756_orig|train|0
p0756_mut|train|0
p0757_orig|test|0
p0757_mut|train|0
p0758_orig|train|0
p0758_mut|test|0
p0759_orig|train|0
p0759_mut|val|0
p0760_orig|val|0
p0760_mut|train|0
p0761_orig|val|0
p0761_mut|test|0
p0762_orig|val|0
p0762_mut|train|0
p0763_orig|train|0
p0763_mut|train|0
p0764_orig|test|0
p0764_mut|val|0
p0765_orig|val|0
p0765_mut|train|0
p0766_orig|test|0
p0766_mut|train|0
p0767_orig|train|0
p0767_mut|train|0
p0768_orig|test|0
p0768_mut|test|0
p0769_orig|test|0
p0769_mut|train|0
p0770_orig|train|0
p0770_mut|train|0
p0771_orig|test|0
p0771_mut|val|0
p0772_orig|train|0
p0772_mut|test|0
p0773_orig|val|0
p0773_mut|train|0
p0774_orig|val|0
p0774_mut|train|0
p0775_orig|train|0
p0775_mut|train|0
p0776_orig|val|0
p0776_mut|train|0
p0777_orig|test|0
p0777_mut|test|0
p0778_orig|test|0
p0778_mut|test|0
p0779_orig|train|0
p0779_mut|test|0
p0780_orig|test|0
p0780_mut|test|0
p0781_orig|val|0
p0781_mut|train|0
p0782_orig|train|0
p0782_mut|test|0
p0783_orig|train|0
p0783_mut|train|0
p0784_orig|train|0
p0784_mut|test|0
p0785_orig|train|0
p0785_mut|test|0
p0786_orig|train|0
p0786_mut|val|0
p0787_orig|train|0
p0787_mut|test|0
p0788_orig|val|0
p0788_mut|test|0
p0789_orig|test|0
p0789_mut|train|0
p0790_orig|train|0
p0790_mut|train|0
p0791_orig|train|0
p0791_mut|test|0
p0792_orig|val|0
p0792_mut|val|0
p0793_orig|val|0
p0793_mut|train|0
p0794_orig|train|0
p0794_mut|val|0
p0795_orig|val|0
p0795_mut|test|0
p0796_orig|test|0
p0796_mut|test|0
p0797_orig|val|0
p0797_mut|train|0
p0798_orig|val|0
p0798_mut|train|0
p0799_orig|train|0
p0799_mut|val|0
p0800_orig|train|0
p0800_mut|train|0
p0801_orig|train|0
p0801_mut|train|0
p0802_orig|test|0
p0802_mut|train|0
p0803_orig|val|0
p0803_mut|train|0
p0804_orig|val|0
p0804_mut|val|0
p0805_orig|train|0
p0805_mut|val|0
p0806_orig|val|0
p0806_mut|val|0
p0807_orig|train|0
p0807_mut|test|0
p0808_orig|val|0
p0808_mut|val|0
p0809_orig|test|0
p0809_mut|train|0
p0810_orig|val|0
p0810_mut|test|0
p0811_orig|test|0
p0811_mut|train|0
p0812_orig|train|0
p0812_mut|test|0
p0813_orig|test|0
p0813_mut|train|0
p0814_orig|val|0
p0814_mut|test|0
p0815_orig|test|0
p0815_mut|test|0
p0816_orig|test|0
p0816_mut|test|0
p0817_orig|test|0
p0817_mut|test|0
p0818_orig|test|0
p0818_mut|train|0
p0819_orig|train|0
p0819_mut|val|0
p0820_orig|test|0
p0820_mut|val|0
p0821_orig|train|0
p0821_mut|train|0
p0822_orig|test|0
p0822_mut|val|0
p0823_orig|train|0
p0823_mut|test|0
p0824_orig|train|0
p0824_mut|train|0
p0825_orig|test|0
p0825_mut|val|0
p0826_orig|test|0
p0826_mut|train|0
p0827_orig|test|0
p0827_mut|train|0
p0828_orig|val|0
p0828_mut|train|0
p0829_orig|train|0
p0829_mut|train|0
p0830_orig|val|0
p0830_mut|train|0
p0831_orig|val|0
p0831_mut|val|0
p0832_orig|train|0
p0832_mut|train|0
p0833_orig|train|0
p0833_mut|test|0
p0834_orig|val|0
p0834_mut|train|0
p0835_orig|test|0
p0835_mut|train|0
p0836_orig|train|0
p0836_mut|test|0
p0837_orig|train|0
p0837_mut|val|0
p0838_orig|train|0
p0838_mut|val|0
p0839_orig|val|0
p0839_mut|train|0
p0840_orig|train|0
p0840_mut|val|0
p0841_orig|test|0
p0841_mut|val|0
p0842_orig|val|0
p0842_mut|train|0
p0843_orig|val|0
p0843_mut|train|0
p0844_orig|val|0
p0844_mut|train|0
p0845_orig|val|0
p0845_mut|val|0
p0846_orig|test|0
p0846_mut|val|0
p0847_orig|test|0
p0847_mut|test|0
p0848_orig|train|0
p0848_mut|val|0
p0849_orig|train|0
p0849_mut|train|0
p0850_orig|test|0
p0850_mut|train|0
p0851_orig|val|0
p0851_mut|test|0
p0852_orig|train|0
p0852_mut|train|0
p0853_orig|train|0
p0853_mut|val|0
p0854_orig|train|0
p0854_mut|train|0
p0855_orig|train|0
p0855_mut|train|0
p0856_orig|train|0
p0856_mut|val|0
p0857_orig|test|0
p0857_mut|val|0
p0858_orig|test|0
p0858_mut|test|0
p0859_orig|train|0
p0859_mut|val|0
p0860_orig|val|0
p0860_mut|test|0
p0861_orig|train|0
p0861_mut|train|0
p0862_orig|train|0
p0862_mut|test|0
p0863_orig|val|0
p0863_mut|train|0
p0864_orig|val|0
p0864_mut|test|0
p0865_orig|test|0
p0865_mut|val|0
p0866_orig|val|0
p0866_mut|test|0
p0867_orig|test|0
p0867_mut|test|0
p0868_orig|val|0
p0868_mut|test|0
p0869_orig|train|0
p0869_mut|val|0
p0870_orig|train|0
p0870_mut|test|0
p0871_orig|val|0
p0871_mut|val|0
p0872_orig|train|0
p0872_mut|val|0
p0873_orig|val|0
p0873_mut|test|0
p0874_orig|val|0
p0874_mut|train|0
p0875_orig|train|0
p0875_mut|test|0
p0876_orig|train|0
p0876_mut|test|0
p0877_orig|test|0
p0877_mut|test|0
p0878_orig|val|0
p0878_mut|train|0
p0879_orig|test|0
p0879_mut|val|0
p0880_orig|test|0
p0880_mut|val|0
p0881_orig|val|0
p0881_mut|test|0
p0882_orig|train|0
p0882_mut|val|0
p0883_orig|test|0
p0883_mut|train|0
p0884_orig|train|0
p0884_mut|val|0
p0885_orig|val|0
p0885_mut|train|0
p0886_orig|train|0
p0886_mut|test|0
p0887_orig|val|0
p0887_mut|train|0
p0888_orig|train|0
p0888_mut|train|0
p0889_orig|val|0
p0889_mut|val|0
p0890_orig|test|0
p0890_mut|val|0
p0891_orig|train|0
p0891_mut|test|0
p0892_orig|train|0
p0892_mut|test|0
p0893_orig|test|0
p0893_mut|train|0
p0894_orig|val|0
p0894_mut|val|0
p0895_orig|val|0
p0895_mut|test|0
p0896_orig|test|0
p0896_mut|test|0
p0897_orig|test|0
p0897_mut|val|0
p0898_orig|test|0
p0898_mut|test|0
p0899_orig|train|0
p0899_mut|test|0
p0900_orig|val|0
p0900_mut|val|0
p0901_orig|train|0
p0901_mut|train|0
p0902_orig|val|0
p0902_mut|test|0
p0903_orig|train|0
p0903_mut|test|0
p0904_orig|test|0
p0904_mut|train|0
p0905_orig|train|0
p0905_mut|val|0
p0906_orig|test|0
p0906_mut|val|0
p0907_orig|val|0
p0907_mut|test|0
p0908_orig|test|0
p0908_mut|train|0
p0909_orig|train|0
p0909_mut|val|0
p0910_orig|test|0
p0910_mut|train|0
p0911_orig|val|0
p0911_mut|test|0
p0912_orig|test|0
p0912_mut|train|0
p0913_orig|test|0
p0913_mut|test|0
p0914_orig|test|0
p0914_mut|test|0
p0915_orig|val|0
p0915_mut|val|0
p0916_orig|test|0
p0916_mut|train|0
p0917_orig|test|0
p0917_mut|train|0
p0918_orig|test|0
p0918_mut|test|0
p0919_orig|train|0
p0919_mut|val|0
p0920_orig|val|0
p0920_mut|test|0
p0921_orig|val|0
p0921_mut|val|0
p0922_orig|test|0
p0922_mut|val|0
p0923_orig|test|0
p0923_mut|train|0
p0924_orig|train|0
p0924_mut|test|0
p0925_orig|train|0
p0925_mut|val|0
p0926_orig|test|0
p0926_mut|val|0
p0927_orig|val|0
p0927_mut|val|0
p0928_orig|train|0
p0928_mut|val|0
p0929_orig|val|0
p0929_mut|train|0
p0930_orig|train|0
p0930_mut|train|0
p0931_orig|test|0
p0931_mut|test|0
p0932_orig|val|0
p0932_mut|test|0
p0933_orig|test|0
p0933_mut|test|0
p0934_orig|train|0
p0934_mut|train|0
p0935_orig|test|0
p0935_mut|val|0
p0936_orig|val|0
p0936_mut|val|0
p0937_orig|train|0
p0937_mut|test|0
p0938_orig|val|0
p0938_mut|test|0
p0939_orig|val|0
p0939_mut|train|0
p0940_orig|train|0
p0940_mut|train|0
p0941_orig|val|0
p0941_mut|val|0
p0942_orig|val|0
p0942_mut|test|0
p0943_orig|val|0
p0943_mut|train|0
p0944_orig|train|0
p0944_mut|test|0
p0945_orig|train|0
p0945_mut|train|0
p0946_orig|test|0
p0946_mut|train|0
p0947_orig|train|0
p0947_mut|test|0
p0948_orig|val|0
p0948_mut|test|0
p0949_orig|val|0
p0949_mut|train|0
p0950_orig|train|0
p0950_mut|train|0
p0951_orig|train|0
p0951_mut|val|0
p0952_orig|test|0
p0952_mut|test|0
p0953_orig|test|0
p0953_mut|test|0
p0954_orig|train|0
p0954_mut|val|0
p0955_orig|train|0
p0955_mut|val|0
p0956_orig|val|0
p0956_mut|test|0
p0957_orig|train|0
p0957_mut|val|0
p0958_orig|val|0
p0958_mut|val|0
p0959_orig|val|0
p0959_mut|train|0
p0960_orig|test|0
p0960_mut|test|0
p0961_orig|val|0
p0961_mut|val|0
p0962_orig|test|0
p0962_mut|test|0
p0963_orig|train|0
p0963_mut|test|0
p0964_orig|train|0
p0964_mut|train|0
p0965_orig|test|0
p0965_mut|val|0
p0966_orig|train|0
p0966_mut|train|0
p0967_orig|train|0
p0967_mut|val|0
p0968_orig|test|0
p0968_mut|test|0
p0969_orig|val|0
p0969_mut|test|0
p0970_orig|train|0
p0970_mut|val|0
p0971_orig|train|0
p0971_mut|val|0
p0972_orig|test|0
p0972_mut|val|0
p0973_orig|test|0
p0973_mut|train|0
p0974_orig|test|0
p0974_mut|test|0
p0975_orig|val|0
p0975_mut|train|0
p0976_orig|train|0
p0976_mut|train|0
p0977_orig|val|0
p0977_mut|test|0
p0978_orig|val|0
p0978_mut|test|0
p0979_orig|val|0
p0979_mut|test|0
p0980_orig|train|0
p0980_mut|test|0
p0981_orig|train|0
p0981_mut|val|0
p0982_orig|train|0
p0982_mut|test|0
p0983_orig|train|0
p0983_mut|val|0
p0984_orig|test|0
p0984_mut|test|0
p0985_orig|val|0
p0985_mut|train|0
p0986_orig|test|0
p0986_mut|test|0
p0987_orig|test|0
p0987_mut|train|0
p0988_orig|train|0
p0988_mut|test|0
p0989_orig|train|0
p0989_mut|val|0
p0990_orig|test|0
p0990_mut|train|0
p0991_orig|val|0
p0991_mut|val|0
p0992_orig|train|0
p0992_mut|train|0
p0993_orig|val|0
p0993_mut|train|0
p0994_orig|val|0
p0994_mut|test|0
p0995_orig|train|0
p0995_mut|test|0
p0996_orig|val|0
p0996_mut|test|0
p0997_orig|train|0
p0997_mut|val|0
p0998_orig|val|0
p0998_mut|test|0
p0999_orig|val|0
p0999_mut|test|0
p1000_orig|train|0
p1000_mut|test|0
p1001_orig|train|0
p1001_mut|val|0
p1002_orig|train|0
p1002_mut|test|0
p1003_orig|val|0
p1003_mut|test|0
p1004_orig|train|0
p1004_mut|train|0
p1005_orig|train|0
p1005_mut|test|0
p1006_orig|test|0
p1006_mut|train|0
p1007_orig|val|0
p1007_mut|train|0
p1008_orig|val|0
p1008_mut|test|0
p1009_orig|train|0
p1009_mut|train|0
p1010_orig|val|0
p1010_mut|test|0
p1011_orig|train|0
p1011_mut|val|0
p1012_orig|train|0
p1012_mut|test|0
p1013_orig|train|0
p1013_mut|val|0
p1014_orig|train|0
p1014_mut|val|0
p1015_orig|test|0
p1015_mut|test|0
p1016_orig|test|0
p1016_mut|test|0
p1017_orig|train|0
p1017_mut|train|0
p1018_orig|test|0
p1018_mut|test|0
p1019_orig|test|0
p1019_mut|val|0
p1020_orig|test|0
p1020_mut|test|0
p1021_orig|test|0
p1021_mut|val|0
p1022_orig|test|0
p1022_mut|test|0
p1023_orig|test|0
p1023_mut|test|0
p1024_orig|val|0
p1024_mut|val|0
p1025_orig|train|0
p1025_mut|test|0
p1026_orig|test|0
p1026_mut|val|0
p1027_orig|train|0
p1027_mut|val|0
p1028_orig|train|0
p1028_mut|test|0
p1029_orig|val|0
p1029_mut|test|0
p1030_orig|val|0
p1030_mut|train|0
p1031_orig|val|0
p1031_mut|train|0
p1032_orig|test|0
p1032_mut|val|0
p1033_orig|test|0
p1033_mut|test|0
p1034_orig|train|0
p1034_mut|test|0
p1035_orig|test|0
p1035_mut|val|0
p1036_orig|val|0
p1036_mut|train|0
p1037_orig|train|0
p1037_mut|train|0
p1038_orig|val|0
p1038_mut|val|0
p1039_orig|val|0
p1039_mut|val|0
p1040_orig|train|0
p1040_mut|val|0
p1041_orig|test|0
p1041_mut|val|0
p1042_orig|val|0
p1042_mut|val|0
p1043_orig|train|0
p1043_mut|test|0
p1044_orig|val|0
p1044_mut|val|0
p1045_orig|val|0
p1045_mut|val|0
p1046_orig|train|0
p1046_mut|val|0
p1047_orig|test|0
p1047_mut|train|0
p1048_orig|test|0
p1048_mut|val|0
p1049_orig|train|0
p1049_mut|test|0
p1050_orig|val|0
p1050_mut|val|0
p1051_orig|test|0
p1051_mut|train|0
p1052_orig|train|0
p1052_mut|val|0
p1053_orig|train|0
p1053_mut|train|0
p1054_orig|train|0
p1054_mut|val|0
p1055_orig|val|0
p1055_mut|val|0
p1056_orig|test|0
p1056_mut|train|0
p1057_orig|val|0
p1057_mut|train|0
p1058_orig|val|0
p1058_mut|test|0
p1059_orig|test|0
p1059_mut|val|0
p1060_orig|test|0
p1060_mut|val|0
p1061_orig|val|0
p1061_mut|test|0
p1062_orig|test|0
p1062_mut|val|0
p1063_orig|val|0
p1063_mut|val|0
p1064_orig|train|0
p1064_mut|train|0
p1065_orig|test|0
p1065_mut|test|0
p1066_orig|val|0
p1066_mut|train|0
p1067_orig|test|0
p1067_mut|train|0
p1068_orig|train|0
p1068_mut|test|0
p1069_orig|test|0
p1069_mut|test|0
p1070_orig|val|0
p1070_mut|train|0
p1071_orig|test|0
p1071_mut|train|0
p1072_orig|val|0
p1072_mut|test|0
p1073_orig|val|0
p1073_mut|val|0
p1074_orig|train|0
p1074_mut|train|0
p1075_orig|train|0
p1075_mut|train|0
p1076_orig|val|0
p1076_mut|test|0
p1077_orig|test|0
p1077_mut|val|0
p1078_orig|test|0
p1078_mut|test|0
p1079_orig|train|0
p1079_mut|train|0
p1080_orig|train|0
p1080_mut|val|0
p1081_orig|test|0
p1081_mut|test|0
p1082_orig|val|0
p1082_mut|train|0
p1083_orig|val|0
p1083_mut|test|0
p1084_orig|train|0
p1084_mut|test|0
p1085_orig|test|0
p1085_mut|test|0
p1086_orig|test|0
p1086_mut|test|0
p1087_orig|val|0
p1087_mut|test|0
p1088_orig|val|0
p1088_mut|test|0
p1089_orig|val|0
p1089_mut|train|0
p1090_orig|train|0
p1090_mut|val|0
p1091_orig|test|0
p1091_mut|val|0
p1092_orig|train|0
p1092_mut|test|0
p1093_orig|test|0
p1093_mut|test|0
p1094_orig|train|0
p1094_mut|test|0
p1095_orig|val|0
p1095_mut|val|0
p1096_orig|train|0
p1096_mut|test|0
p1097_orig|train|0
p1097_mut|val|0
p1098_orig|test|0
p1098_mut|train|0
p1099_orig|train|0
p1099_mut|test|0
p1100_orig|test|0
p1100_mut|train|0
p1101_orig|train|0
p1101_mut|train|0
p1102_orig|test|0
p1102_mut|train|0
p1103_orig|test|0
p1103_mut|test|0
p1104_orig|val|0
p1104_mut|train|0
p1105_orig|test|0
p1105_mut|test|0
p1106_orig|train|0
p1106_mut|test|0
p1107_orig|test|0
p1107_mut|train|0
p1108_orig|train|0
p1108_mut|train|0
p1109_orig|val|0
p1109_mut|test|0
p1110_orig|train|0
p1110_mut|val|0
p1111_orig|val|0
p1111_mut|train|0
p1112_orig|val|0
p1112_mut|test|0
p1113_orig|test|0
p1113_mut|train|0
p1114_orig|train|0
p1114_mut|val|0
p1115_orig|train|0
p1115_mut|test|0
p1116_orig|train|0
p1116_mut|val|0
p1117_orig|val|0
p1117_mut|test|0
p1118_orig|train|0
p1118_mut|val|0
p1119_orig|train|0
p1119_mut|test|0
p1120_orig|test|0
p1120_mut|train|0
p1121_orig|train|0
p1121_mut|train|0
p1122_orig|test|0
p1122_mut|train|0
p1123_orig|val|0
p1123_mut|test|0
p1124_orig|train|0
p1124_mut|test|0
p1125_orig|val|0
p1125_mut|val|0
p1126_orig|test|0
p1126_mut|test|0
p1127_orig|test|0
p1127_mut|val|0
p1128_orig|test|0
p1128_mut|val|0
p1129_orig|val|0
p1129_mut|val|0
p1130_orig|val|0
p1130_mut|val|0
p1131_orig|test|0
p1131_mut|test|0
p1132_orig|test|0
p1132_mut|test|0
p1133_orig|val|0
p1133_mut|test|0
p1134_orig|test|0
p1134_mut|val|0
p1135_orig|val|0
p1135_mut|test|0
p1136_orig|train|0
p1136_mut|train|0
p1137_orig|val|0
p1137_mut|train|0
p1138_orig|train|0
p1138_mut|test|0
p1139_orig|test|0
p1139_mut|test|0
p1140_orig|train|0
p1140_mut|test|0
p1141_orig|val|0
p1141_mut|test|0
p1142_orig|val|0
p1142_mut|test|0
p1143_orig|val|0
p1143_mut|test|0
p1144_orig|val|0
p1144_mut|train|0
p1145_orig|test|0
p1145_mut|test|0
p1146_orig|test|0
p1146_mut|train|0
p1147_orig|val|0
p1147_mut|val|0
p1148_orig|test|0
p1148_mut|val|0
p1149_orig|val|0
p1149_mut|train|0
p1150_orig|test|0
p1150_mut|val|0
p1151_orig|val|0
p1151_mut|val|0
p1152_orig|train|0
p1152_mut|val|0
p1153_orig|test|0
p1153_mut|train|0
p1154_orig|train|0
p1154_mut|test|0
p1155_orig|val|0
p1155_mut|train|0
p1156_orig|train|0
p1156_mut|train|0
p1157_orig|test|0
p1157_mut|train|0
p1158_orig|val|0
p1158_mut|test|0
p1159_orig|train|0
p1159_mut|test|0
p1160_orig|val|0
p1160_mut|val|0
p1161_orig|val|0
p1161_mut|val|0
p1162_orig|val|0
p1162_mut|test|0
p1163_orig|train|0
p1163_mut|val|0
p1164_orig|train|0
p1164_mut|test|0
p1165_orig|val|0
p1165_mut|train|0
p1166_orig|train|0
p1166_mut|train|0
p1167_orig|test|0
p1167_mut|test|0
p1168_orig|val|0
p1168_mut|test|0
p1169_orig|val|0
p1169_mut|train|0
p1170_orig|val|0
p1170_mut|test|0
p1171_orig|test|0
p1171_mut|val|0
p1172_orig|train|0
p1172_mut|val|0
p1173_orig|test|0
p1173_mut|train|0
p1174_orig|train|0
p1174_mut|val|0
p1175_orig|train|0
p1175_mut|test|0
p1176_orig|val|0
p1176_mut|train|0
p1177_orig|train|0
p1177_mut|val|0
p1178_orig|val|0
p1178_mut|val|0
p1179_orig|val|0
p1179_mut|test|0
p1180_orig|val|0
p1180_mut|test|0
p1181_orig|val|0
p1181_mut|val|0
p1182_orig|train|0
p1182_mut|test|0
p1183_orig|train|0
p1183_mut|val|0
p1184_orig|train|0
p1184_mut|val|0
p1185_orig|train|0
p1185_mut|test|0
p1186_orig|train|0
p1186_mut|train|0
p1187_orig|val|0
p1187_mut|train|0
p1188_orig|train|0
p1188_mut|train|0
p1189_orig|val|0
p1189_mut|val|0
p1190_orig|test|0
p1190_mut|train|0
p1191_orig|test|0
p1191_mut|val|0
p1192_orig|val|0
p1192_mut|test|0
p1193_orig|train|0
p1193_mut|train|0
p1194_orig|train|0
p1194_mut|val|0
p1195_orig|test|0
p1195_mut|test|0
p1196_orig|train|0
p1196_mut|test|0
p1197_orig|val|0
p1197_mut|train|0
p1198_orig|train|0
p1198_mut|train|0
p1199_orig|train|0
p1199_mut|train|0
p1200_orig|train|0
p1200_mut|test|0
p1201_orig|train|0
p1201_mut|val|0
p1202_orig|val|0
p1202_mut|test|0
p1203_orig|test|0
p1203_mut|val|0
p1204_orig|test|0
p1204_mut|train|0
p1205_orig|val|0
p1205_mut|test|0
p1206_orig|test|0
p1206_mut|train|0
p1207_orig|test|0
p1207_mut|val|0
p1208_orig|test|0
p1208_mut|val|0
p1209_orig|test|0
p1209_mut|val|0
p1210_orig|test|0
p1210_mut|train|0
p1211_orig|train|0
p1211_mut|test|0
p1212_orig|test|0
p1212_mut|val|0
p1213_orig|train|0
p1213_mut|test|0
p1214_orig|val|0
p1214_mut|train|0
p1215_orig|train|0
p1215_mut|test|0
p1216_orig|train|0
p1216_mut|train|0
p1217_orig|train|0
p1217_mut|test|0
p1218_orig|test|0
p1218_mut|train|0
p1219_orig|train|0
p1219_mut|train|0
p1220_orig|val|0
p1220_mut|train|0
p1221_orig|test|0
p1221_mut|train|0
p1222_orig|test|0
p1222_mut|test|0
p1223_orig|test|0
p1223_mut|test|0
p1224_orig|test|0
p1224_mut|train|0
p1225_orig|train|0
p1225_mut|val|0
p1226_orig|val|0
p1226_mut|test|0
p1227_orig|train|0
p1227_mut|train|0
p1228_orig|val|0
p1228_mut|test|0
p1229_orig|test|0
p1229_mut|train|0
p1230_orig|test|0
p1230_mut|test|0
p1231_orig|train|0
p1231_mut|train|0
p1232_orig|train|0
p1232_mut|test|0
p1233_orig|test|0
p1233_mut|val|0
p1234_orig|val|0
p1234_mut|val|0
p1235_orig|train|0
p1235_mut|test|0
p1236_orig|test|0
p1236_mut|train|0
p1237_orig|test|0
p1237_mut|val|0
p1238_orig|train|0
p1238_mut|test|0
p1239_orig|val|0
p1239_mut|test|0
p1240_orig|val|0
p1240_mut|val|0
p1241_orig|test|0
p1241_mut|val|0
p1242_orig|train|0
p1242_mut|val|0
p1243_orig|train|0
p1243_mut|train|0
p1244_orig|train|0
p1244_mut|test|0
p1245_orig|train|0
p1245_mut|test|0
p1246_orig|test|0
p1246_mut|val|0
p1247_orig|test|0
p1247_mut|train|0
p1248_orig|val|0
p1248_mut|train|0
p1249_orig|train|0
p1249_mut|val|0
p1250_orig|train|0
p1250_mut|test|0
p1251_orig|test|0
p1251_mut|val|0
p1252_orig|val|0
p1252_mut|val|0
p1253_orig|test|0
p1253_mut|val|0
p1254_orig|val|0
p1254_mut|test|0
p1255_orig|val|0
p1255_mut|test|0
p1256_orig|test|0
p1256_mut|train|0
p1257_orig|test|0
p1257_mut|train|0
p1258_orig|train|0
p1258_mut|val|0
p1259_orig|train|0
p1259_mut|test|0
p1260_orig|train|0
p1260_mut|val|0
p1261_orig|train|0
p1261_mut|train|0
p1262_orig|test|0
p1262_mut|test|0
p1263_orig|test|0
p1263_mut|val|0
p1264_orig|train|0
p1264_mut|train|0
p1265_orig|test|0
p1265_mut|val|0
p1266_orig|val|0
p1266_mut|test|0
p1267_orig|train|0
p1267_mut|val|0
p1268_orig|train|0
p1268_mut|val|0
p1269_orig|val|0
p1269_mut|val|0
p1270_orig|val|0
p1270_mut|val|0
p1271_orig|train|0
p1271_mut|test|0
p1272_orig|train|0
p1272_mut|test|0
p1273_orig|test|0
p1273_mut|train|0
p1274_orig|test|0
p1274_mut|test|0
p1275_orig|val|0
p1275_mut|val|0
p1276_orig|train|0
p1276_mut|test|0
p1277_orig|val|0
p1277_mut|test|0
p1278_orig|test|0
p1278_mut|val|0
p1279_orig|train|0
p1279_mut|val|0
p1280_orig|test|0
p1280_mut|val|0
p1281_orig|train|0
p1281_mut|train|0
p1282_orig|val|0
p1282_mut|val|0
p1283_orig|test|0
p1283_mut|train|0
p1284_orig|train|0
p1284_mut|test|0
p1285_orig|test|0
p1285_mut|test|0
p1286_orig|train|0
p1286_mut|test|0
p1287_orig|test|0
p1287_mut|train|0
p1288_orig|val|0
p1288_mut|test|0
p1289_orig|val|0
p1289_mut|train|0
p1290_orig|train|0
p1290_mut|train|0
p1291_orig|val|0
p1291_mut|train|0
p1292_orig|val|0
p1292_mut|test|0
p1293_orig|val|0
p1293_mut|val|0
p1294_orig|test|0
p1294_mut|val|0
p1295_orig|test|0
p1295_mut|test|0
p1296_orig|val|0
p1296_mut|train|0
p1297_orig|train|0
p1297_mut|val|0
p1298_orig|train|0
p1298_mut|train|0
p1299_orig|test|0
p1299_mut|test|0
p1300_orig|train|0
p1300_mut|val|0
p1301_orig|val|0
p1301_mut|val|0
p1302_orig|test|0
p1302_mut|train|0
p1303_orig|test|0
p1303_mut|test|0
p1304_orig|val|0
p1304_mut|train|0
p1305_orig|test|0
p1305_mut|val|0
p1306_orig|test|0
p1306_mut|val|0
p1307_orig|val|0
p1307_mut|train|0
p1308_orig|test|0
p1308_mut|val|0
p1309_orig|test|0
p1309_mut|test|0
p1310_orig|val|0
p1310_mut|val|0
p1311_orig|val|0
p1311_mut|train|0
p1312_orig|val|0
p1312_mut|val|0
p1313_orig|test|0
p1313_mut|val|0
p1314_orig|test|0
p1314_mut|val|0
p1315_orig|train|0
p1315_mut|test|0
p1316_orig|train|0
p1316_mut|val|0
p1317_orig|test|0
p1317_mut|val|0
p1318_orig|test|0
p1318_mut|test|0
p1319_orig|test|0
p1319_mut|test|0
p1320_orig|test|0
p1320_mut|test|0
p1321_orig|test|0
p1321_mut|val|0
p1322_orig|val|0
p1322_mut|val|0
p1323_orig|train|0
p1323_mut|val|0
p1324_orig|train|0
p1324_mut|test|0
p1325_orig|test|0
p1325_mut|train|0
p1326_orig|train|0
p1326_mut|val|0
p1327_orig|val|0
p1327_mut|test|0
p1328_orig|val|0
p1328_mut|test|0
p1329_orig|val|0
p1329_mut|train|0
p1330_orig|val|0
p1330_mut|val|0
p1331_orig|test|0
p1331_mut|test|0
p1332_orig|train|0
p1332_mut|val|0
p1333_orig|train|0
p1333_mut|val|0
p1334_orig|train|0
p1334_mut|train|0
p1335_orig|test|0
p1335_mut|train|0
p1336_orig|train|0
p1336_mut|test|0
p1337_orig|val|0
p1337_mut|val|0
p1338_orig|train|0
p1338_mut|test|0
p1339_orig|train|0
p1339_mut|val|0
p1340_orig|train|0
p1340_mut|test|0
p1341_orig|val|0
p1341_mut|train|0
p1342_orig|test|0
p1342_mut|val|0
p1343_orig|train|0
p1343_mut|val|0
p1344_orig|val|0
p1344_mut|test|0
p1345_orig|val|0
p1345_mut|val|0
p1346_orig|test|0
p1346_mut|train|0
p1347_orig|val|0
p1347_mut|train|0
p1348_orig|val|0
p1348_mut|train|0
p1349_orig|val|0
p1349_mut|val|0
p1350_orig|train|0
p1350_mut|test|0
p1351_orig|train|0
p1351_mut|train|0
p1352_orig|val|0
p1352_mut|test|0
p1353_orig|val|0
p1353_mut|test|0
p1354_orig|test|0
p1354_mut|test|0
p1355_orig|test|0
p1355_mut|test|0
p1356_orig|test|0
p1356_mut|test|0
p1357_orig|test|0
p1357_mut|train|0
p1358_orig|test|0
p1358_mut|train|0
p1359_orig|test|0
p1359_mut|val|0
p1360_orig|train|0
p1360_mut|test|0
p1361_orig|train|0
p1361_mut|test|0
p1362_orig|test|0
p1362_mut|train|0
p1363_orig|val|0
p1363_mut|train|0
p1364_orig|train|0
p1364_mut|val|0
p1365_orig|val|0
p1365_mut|test|0
p1366_orig|train|0
p1366_mut|test|0
p1367_orig|train|0
p1367_mut|val|0
p1368_orig|train|0
p1368_mut|val|0
p1369_orig|train|0
p1369_mut|train|0
p1370_orig|train|0
p1370_mut|val|0
p1371_orig|train|0
p1371_mut|train|0
p1372_orig|train|0
p1372_mut|test|0
p1373_orig|train|0
p1373_mut|train|0
p1374_orig|test|0
p1374_mut|val|0
p1375_orig|test|0
p1375_mut|test|0
p1376_orig|train|0
p1376_mut|test|0
p1377_orig|test|0
p1377_mut|test|0
p1378_orig|test|0
p1378_mut|test|0
p1379_orig|train|0
p1379_mut|val|0
p1380_orig|val|0
p1380_mut|train|0
p1381_orig|val|0
p1381_mut|train|0
p1382_orig|train|0
p1382_mut|test|0
p1383_orig|test|0
p1383_mut|train|0
p1384_orig|test|0
p1384_mut|test|0
p1385_orig|test|0
p1385_mut|val|0
p1386_orig|val|0
p1386_mut|val|0
p1387_orig|train|0
p1387_mut|val|0
p1388_orig|train|0
p1388_mut|val|0
p1389_orig|train|0
p1389_mut|test|0
p1390_orig|train|0
p1390_mut|val|0
p1391_orig|val|0
p1391_mut|val|0
p1392_orig|val|0
p1392_mut|test|0
p1393_orig|train|0
p1393_mut|test|0
p1394_orig|train|0
p1394_mut|test|0
p1395_orig|test|0
p1395_mut|test|0
p1396_orig|test|0
p1396_mut|val|0
p1397_orig|train|0
p1397_mut|test|0
p1398_orig|test|0
p1398_mut|train|0
p1399_orig|val|0
p1399_mut|val|0
p1400_orig|test|0
p1400_mut|train|0
p1401_orig|train|0
p1401_mut|train|0
p1402_orig|val|0
p1402_mut|val|0
p1403_orig|test|0
p1403_mut|train|0
p1404_orig|test|0
p1404_mut|test|0
p1405_orig|test|0
p1405_mut|train|0
p1406_orig|train|0
p1406_mut|val|0
p1407_orig|train|0
p1407_mut|train|0
p1408_orig|test|0
p1408_mut|test|0
p1409_orig|test|0
p1409_mut|val|0
p1410_orig|test|0
p1410_mut|val|0
p1411_orig|val|0
p1411_mut|train|0
p1412_orig|train|0
p1412_mut|val|0
p1413_orig|val|0
p1413_mut|test|0
p1414_orig|test|0
p1414_mut|val|0
p1415_orig|train|0
p1415_mut|test|0
p1416_orig|test|0
p1416_mut|train|0
p1417_orig|val|0
p1417_mut|val|0
p1418_orig|train|0
p1418_mut|train|0
p1419_orig|train|0
p1419_mut|train|0
p1420_orig|test|0
p1420_mut|train|0
p1421_orig|val|0
p1421_mut|val|0
p1422_orig|train|0
p1422_mut|test|0
p1423_orig|val|0
p1423_mut|train|0
p1424_orig|train|0
p1424_mut|val|0
p1425_orig|val|0
p1425_mut|test|0
p1426_orig|train|0
p1426_mut|train|0
p1427_orig|val|0
p1427_mut|train|0
p1428_orig|test|0
p1428_mut|train|0
p1429_orig|train|0
p1429_mut|test|0
p1430_orig|val|0
p1430_mut|train|0
p1431_orig|val|0
p1431_mut|val|0
p1432_orig|test|0
p1432_mut|test|0
p1433_orig|train|0
p1433_mut|test|0
p1434_orig|val|0
p1434_mut|val|0
p1435_orig|test|0
p1435_mut|val|0
p1436_orig|val|0
p1436_mut|train|0
p1437_orig|train|0
p1437_mut|val|0
p1438_orig|test|0
p1438_mut|test|0
p1439_orig|train|0
p1439_mut|train|0
p1440_orig|test|0
p1440_mut|test|0
p1441_orig|train|0
p1441_mut|test|0
p1442_orig|test|0
p1442_mut|train|0
p1443_orig|train|0
p1443_mut|val|0
p1444_orig|train|0
p1444_mut|val|0
p1445_orig|val|0
p1445_mut|train|0
p1446_orig|val|0
p1446_mut|train|0
p1447_orig|val|0
p1447_mut|train|0
p1448_orig|val|0
p1448_mut|test|0
p1449_orig|test|0
p1449_mut|train|0
p1450_orig|train|0
p1450_mut|val|0
p1451_orig|val|0
p1451_mut|test|0
p1452_orig|train|0
p1452_mut|val|0
p1453_orig|test|0
p1453_mut|test|0
p1454_orig|test|0
p1454_mut|train|0
p1455_orig|test|0
p1455_mut|test|0
p1456_orig|train|0
p1456_mut|train|0
p1457_orig|test|0
p1457_mut|val|0
p1458_orig|val|0
p1458_mut|train|0
p1459_orig|train|0
p1459_mut|train|0
p1460_orig|train|0
p1460_mut|val|0
p1461_orig|test|0
p1461_mut|val|0
p1462_orig|val|0
p1462_mut|val|0
p1463_orig|val|0
p1463_mut|val|0
p1464_orig|test|0
p1464_mut|train|0
p1465_orig|val|0
p1465_mut|test|0
p1466_orig|test|0
p1466_mut|val|0
p1467_orig|train|0
p1467_mut|val|0
p1468_orig|test|0
p1468_mut|val|0
p1469_orig|test|0
p1469_mut|val|0
p1470_orig|test|0
p1470_mut|test|0
p1471_orig|test|0
p1471_mut|val|0
p1472_orig|val|0
p1472_mut|val|0
p1473_orig|val|0
p1473_mut|train|0
p1474_orig|train|0
p1474_mut|train|0
p1475_orig|test|0
p1475_mut|val|0
p1476_orig|test|0
p1476_mut|val|0
p1477_orig|test|0
p1477_mut|train|0
p1478_orig|train|0
p1478_mut|test|0
p1479_orig|val|0
p1479_mut|train|0
p1480_orig|train|0
p1480_mut|train|0
p1481_orig|train|0
p1481_mut|test|0
p1482_orig|train|0
p1482_mut|test|0
p1483_orig|val|0
p1483_mut|test|0
p1484_orig|train|0
p1484_mut|train|0
p1485_orig|train|0
p1485_mut|val|0
p1486_orig|train|0
p1486_mut|test|0
p1487_orig|val|0
p1487_mut|train|0
p1488_orig|test|0
p1488_mut|val|0
p1489_orig|val|0
p1489_mut|val|0
p1490_orig|val|0
p1490_mut|val|0
p1491_orig|val|0
p1491_mut|test|0
p1492_orig|val|0
p1492_mut|val|0
p1493_orig|train|0
p1493_mut|test|0
p1494_orig|test|0
p1494_mut|test|0
p1495_orig|train|0
p1495_mut|train|0
p1496_orig|val|0
p1496_mut|train|0
p1497_orig|val|0
p1497_mut|train|0
p1498_orig|val|0
p1498_mut|val|0
p1499_orig|val|0
p1499_mut|train|0
p1500_orig|train|0
p1500_mut|train|0
p1501_orig|test|0
p1501_mut|val|0
p1502_orig|train|0
p1502_mut|train|0
p1503_orig|train|0
p1503_mut|val|0
p1504_orig|train|0
p1504_mut|val|0
p1505_orig|val|0
p1505_mut|val|0
p1506_orig|val|0
p1506_mut|val|0
p1507_orig|train|0
p1507_mut|train|0
p1508_orig|test|0
p1508_mut|train|0
p1509_orig|val|0
p1509_mut|val|0
p1510_orig|val|0
p1510_mut|test|0
p1511_orig|train|0
p1511_mut|test|0
p1512_orig|val|0
p1512_mut|test|0
p1513_orig|test|0
p1513_mut|test|0
p1514_orig|train|0
p1514_mut|train|0
p1515_orig|train|0
p1515_mut|val|0
p1516_orig|val|0
p1516_mut|test|0
p1517_orig|val|0
p1517_mut|test|0
p1518_orig|val|0
p1518_mut|train|0
p1519_orig|test|0
p1519_mut|val|0
p1520_orig|val|0
p1520_mut|val|0
p1521_orig|val|0
p1521_mut|val|0
p1522_orig|test|0
p1522_mut|val|0
p1523_orig|val|0
p1523_mut|train|0
p1524_orig|test|0
p1524_mut|train|0
p1525_orig|test|0
p1525_mut|val|0
p1526_orig|test|0
p1526_mut|val|0
p1527_orig|train|0
p1527_mut|val|0
p1528_orig|test|0
p1528_mut|train|0
p1529_orig|train|0
p1529_mut|test|0
p1530_orig|test|0
p1530_mut|val|0
p1531_orig|test|0
p1531_mut|test|0
p1532_orig|test|0
p1532_mut|train|0
p1533_orig|val|0
p1533_mut|val|0
p1534_orig|train|0
p1534_mut|train|0
p1535_orig|val|0
p1535_mut|val|0
p1536_orig|test|0
p1536_mut|val|0
p1537_orig|test|0
p1537_mut|test|0
p1538_orig|train|0
p1538_mut|val|0
p1539_orig|train|0
p1539_mut|train|0
p1540_orig|val|0
p1540_mut|val|0
p1541_orig|val|0
p1541_mut|train|0
p1542_orig|test|0
p1542_mut|val|0
p1543_orig|train|0
p1543_mut|val|0
p1544_orig|val|0
p1544_mut|train|0
p1545_orig|val|0
p1545_mut|test|0
p1546_orig|val|0
p1546_mut|train|0
p1547_orig|val|0
p1547_mut|train|0
p1548_orig|train|0
p1548_mut|train|0
p1549_orig|test|0
p1549_mut|val|0
p1550_orig|test|0
p1550_mut|test|0
p1551_orig|test|0
p1551_mut|val|0
p1552_orig|val|0
p1552_mut|test|0
p1553_orig|val|0
p1553_mut|train|0
p1554_orig|val|0
p1554_mut|test|0
p1555_orig|test|0
p1555_mut|train|0
p1556_orig|val|0
p1556_mut|test|0
p1557_orig|test|0
p1557_mut|val|0
p1558_orig|val|0
p1558_mut|test|0
p1559_orig|val|0
p1559_mut|train|0
p1560_orig|test|0
p1560_mut|val|0
p1561_orig|val|0
p1561_mut|test|0
p1562_orig|test|0
p1562_mut|val|0
p1563_orig|test|0
p1563_mut|test|0
p1564_orig|train|0
p1564_mut|val|0
p1565_orig|val|0
p1565_mut|train|0
p1566_orig|test|0
p1566_mut|test|0
p1567_orig|test|0
p1567_mut|train|0
p1568_orig|test|0
p1568_mut|test|0
p1569_orig|train|0
p1569_mut|train|0
p1570_orig|test|0
p1570_mut|val|0
p1571_orig|test|0
p1571_mut|test|0
p1572_orig|train|0
p1572_mut|test|0
p1573_orig|val|0
p1573_mut|train|0
p1574_orig|val|0
p1574_mut|val|0
p1575_orig|test|0
p1575_mut|val|0
p1576_orig|test|0
p1576_mut|test|0
p1577_orig|train|0
p1577_mut|test|0
p1578_orig|val|0
p1578_mut|val|0
p1579_orig|test|0
p1579_mut|val|0
p1580_orig|test|0
p1580_mut|val|0
p1581_orig|train|0
p1581_mut|test|0
p1582_orig|val|0
p1582_mut|val|0
p1583_orig|test|0
p1583_mut|val|0
p1584_orig|train|0
p1584_mut|train|0
p1585_orig|test|0
p1585_mut|train|0
p1586_orig|test|0
p1586_mut|val|0
p1587_orig|test|0
p1587_mut|val|0
p1588_orig|val|0
p1588_mut|train|0
p1589_orig|test|0
p1589_mut|val|0
p1590_orig|test|0
p1590_mut|train|0
p1591_orig|train|0
p1591_mut|val|0
p1592_orig|val|0
p1592_mut|test|0
p1593_orig|val|0
p1593_mut|val|0
p1594_orig|train|0
p1594_mut|val|0
p1595_orig|val|0
p1595_mut|test|0
p1596_orig|val|0
p1596_mut|train|0
p1597_orig|train|0
p1597_mut|test|0
p1598_orig|val|0
p1598_mut|train|0
p1599_orig|val|0
p1599_mut|test|0
p1600_orig|train|0
p1600_mut|val|0
p1601_orig|val|0
p1601_mut|train|0
p1602_orig|val|0
p1602_mut|val|0
p1603_orig|test|0
p1603_mut|train|0
p1604_orig|train|0
p1604_mut|train|0
p1605_orig|train|0
p1605_mut|val|0
p1606_orig|train|0
p1606_mut|val|0
p1607_orig|val|0
p1607_mut|train|0
p1608_orig|val|0
p1608_mut|val|0
p1609_orig|test|0
p1609_mut|train|0
p1610_orig|train|0
p1610_mut|val|0
p1611_orig|train|0
p1611_mut|val|0
p1612_orig|train|0
p1612_mut|train|0
p1613_orig|train|0
p1613_mut|test|0
p1614_orig|val|0
p1614_mut|val|0
p1615_orig|train|0
p1615_mut|train|0
p1616_orig|train|0
p1616_mut|val|0
p1617_orig|test|0
p1617_mut|train|0
p1618_orig|val|0
p1618_mut|val|0
p1619_orig|train|0
p1619_mut|train|0
p1620_orig|test|0
p1620_mut|test|0
p1621_orig|test|0
p1621_mut|test|0
p1622_orig|train|0
p1622_mut|val|0
p1623_orig|test|0
p1623_mut|val|0
p1624_orig|train|0
p1624_mut|test|0
p1625_orig|test|0
p1625_mut|val|0
p1626_orig|test|0
p1626_mut|val|0
p1627_orig|test|0
p1627_mut|val|0
p1628_orig|test|0
p1628_mut|val|0
p1629_orig|test|0
p1629_mut|train|0
p1630_orig|val|0
p1630_mut|val|0
p1631_orig|val|0
p1631_mut|train|0
p1632_orig|train|0
p1632_mut|test|0
p1633_orig|train|0
p1633_mut|val|0
p1634_orig|val|0
p1634_mut|test|0
p1635_orig|train|0
p1635_mut|test|0
p1636_orig|val|0
p1636_mut|test|0
p1637_orig|val|0
p1637_mut|test|0
p1638_orig|val|0
p1638_mut|train|0
p1639_orig|test|0
p1639_mut|train|0
p1640_orig|test|0
p1640_mut|test|0
p1641_orig|test|0
p1641_mut|test|0
p1642_orig|train|0
p1642_mut|test|0
p1643_orig|val|0
p1643_mut|test|0
p1644_orig|train|0
p1644_mut|train|0
p1645_orig|test|0
p1645_mut|val|0
p1646_orig|val|0
p1646_mut|train|0
p1647_orig|train|0
p1647_mut|train|0
p1648_orig|val|0
p1648_mut|test|0
p1649_orig|train|0
p1649_mut|test|0
p1650_orig|test|0
p1650_mut|train|0
p1651_orig|test|0
p1651_mut|train|0
p1652_orig|test|0
p1652_mut|train|0
p1653_orig|val|0
p1653_mut|test|0
p1654_orig|val|0
p1654_mut|train|0
p1655_orig|test|0
p1655_mut|test|0
p1656_orig|test|0
p1656_mut|test|0
p1657_orig|test|0
p1657_mut|train|0
p1658_orig|val|0
p1658_mut|train|0
p1659_orig|val|0
p1659_mut|val|0
p1660_orig|val|0
p1660_mut|train|0
p1661_orig|train|0
p1661_mut|val|0
p1662_orig|val|0
p1662_mut|train|0
p1663_orig|train|0
p1663_mut|test|0
p1664_orig|train|0
p1664_mut|test|0
p1665_orig|train|0
p1665_mut|train|0
p1666_orig|val|0
p1666_mut|val|0
p1667_orig|test|0
p1667_mut|test|0
p1668_orig|train|0
p1668_mut|train|0
p1669_orig|val|0
p1669_mut|test|0
p1670_orig|train|0
p1670_mut|train|0
p1671_orig|train|0
p1671_mut|test|0
p1672_orig|train|0
p1672_mut|test|0
p1673_orig|val|0
p1673_mut|test|0
p1674_orig|val|0
p1674_mut|val|0
p1675_orig|train|0
p1675_mut|train|0
p1676_orig|test|0
p1676_mut|train|0
p1677_orig|test|0
p1677_mut|train|0
p1678_orig|test|0
p1678_mut|train|0
p1679_orig|train|0
p1679_mut|val|0
p1680_orig|train|0
p1680_mut|train|0
p1681_orig|train|0
p1681_mut|val|0
p1682_orig|val|0
p1682_mut|test|0
p1683_orig|test|0
p1683_mut|test|0
p1684_orig|test|0
p1684_mut|val|0
p1685_orig|train|0
p1685_mut|train|0
p1686_orig|train|0
p1686_mut|test|0
p1687_orig|test|0
p1687_mut|val|0
p1688_orig|test|0
p1688_mut|test|0
p1689_orig|val|0
p1689_mut|train|0
p1690_orig|test|0
p1690_mut|train|0
p1691_orig|train|0
p1691_mut|train|0
p1692_orig|test|0
p1692_mut|test|0
p1693_orig|train|0
p1693_mut|train|0
p1694_orig|train|0
p1694_mut|val|0
p1695_orig|test|0
p1695_mut|train|0
p1696_orig|val|0
p1696_mut|val|0
p1697_orig|test|0
p1697_mut|test|0
p1698_orig|val|0
p1698_mut|val|0
p1699_orig|train|0
p1699_mut|test|0
p1700_orig|train|0
p1700_mut|val|0
p1701_orig|train|0
p1701_mut|test|0
p1702_orig|train|0
p1702_mut|val|0
p1703_orig|val|0
p1703_mut|test|0
p1704_orig|test|0
p1704_mut|test|0
p1705_orig|train|0
p1705_mut|train|0
p1706_orig|val|0
p1706_mut|val|0
p1707_orig|test|0
p1707_mut|train|0
p1708_orig|train|0
p1708_mut|train|0
p1709_orig|test|0
p1709_mut|train|0
p1710_orig|train|0
p1710_mut|val|0
p1711_orig|train|0
p1711_mut|train|0
p1712_orig|train|0
p1712_mut|train|0
p1713_orig|train|0
p1713_mut|val|0
p1714_orig|test|0
p1714_mut|val|0
p1715_orig|test|0
p1715_mut|train|0
p1716_orig|train|0
p1716_mut|test|0
p1717_orig|test|0
p1717_mut|test|0
p1718_orig|test|0
p1718_mut|test|0
p1719_orig|val|0
p1719_mut|val|0
p1720_orig|train|0
p1720_mut|test|0
p1721_orig|val|0
p1721_mut|train|0
p1722_orig|test|0
p1722_mut|test|0
p1723_orig|test|0
p1723_mut|train|0
p1724_orig|train|0
p1724_mut|val|0
p1725_orig|train|0
p1725_mut|train|0
p1726_orig|train|0
p1726_mut|test|0
p1727_orig|test|0
p1727_mut|train|0
p1728_orig|train|0
p1728_mut|test|0
p1729_orig|train|0
p1729_mut|test|0
p1730_orig|test|0
p1730_mut|train|0
p1731_orig|val|0
p1731_mut|test|0
p1732_orig|train|0
p1732_mut|test|0
p1733_orig|train|0
p1733_mut|test|0
p1734_orig|test|0
p1734_mut|test|0
p1735_orig|test|0
p1735_mut|train|0
p1736_orig|val|0
p1736_mut|val|0
p1737_orig|val|0
p1737_mut|val|0
p1738_orig|val|0
p1738_mut|val|0
p1739_orig|val|0
p1739_mut|train|0
p1740_orig|train|0
p1740_mut|train|0
p1741_orig|val|0
p1741_mut|test|0
p1742_orig|val|0
p1742_mut|test|0
p1743_orig|train|0
p1743_mut|train|0
p1744_orig|test|0
p1744_mut|val|0
p1745_orig|val|0
p1745_mut|train|0
p1746_orig|train|0
p1746_mut|val|0
p1747_orig|test|0
p1747_mut|test|0
p1748_orig|val|0
p1748_mut|val|0
p1749_orig|val|0
p1749_mut|train|0
p1750_orig|train|0
p1750_mut|train|0
p1751_orig|test|0
p1751_mut|test|0
p1752_orig|val|0
p1752_mut|train|0
p1753_orig|val|0
p1753_mut|train|0
p1754_orig|val|0
p1754_mut|test|0
p1755_orig|val|0
p1755_mut|test|0
p1756_orig|train|0
p1756_mut|test|0
p1757_orig|test|0
p1757_mut|val|0
p1758_orig|test|0
p1758_mut|val|0
p1759_orig|train|0
p1759_mut|val|0
p1760_orig|train|0
p1760_mut|test|0
p1761_orig|train|0
p1761_mut|val|0
p1762_orig|val|0
p1762_mut|val|0
p1763_orig|val|0
p1763_mut|val|0
p1764_orig|train|0
p1764_mut|val|0
p1765_orig|val|0
p1765_mut|test|0
p1766_orig|test|0
p1766_mut|test|0
p1767_orig|val|0
p1767_mut|train|0
p1768_orig|train|0
p1768_mut|val|0
p1769_orig|val|0
p1769_mut|test|0
p1770_orig|train|0
p1770_mut|train|0
p1771_orig|train|0
p1771_mut|train|0
p1772_orig|test|0
p1772_mut|train|0
p1773_orig|val|0
p1773_mut|val|0
p1774_orig|test|0
p1774_mut|val|0
p1775_orig|train|0
p1775_mut|test|0
p1776_orig|test|0
p1776_mut|train|0
p1777_orig|train|0
p1777_mut|val|0
p1778_orig|test|0
p1778_mut|train|0
p1779_orig|train|0
p1779_mut|test|0
p1780_orig|train|0
p1780_mut|test|0
p1781_orig|train|0
p1781_mut|val|0
p1782_orig|val|0
p1782_mut|train|0
p1783_orig|test|0
p1783_mut|test|0
p1784_orig|val|0
p1784_mut|test|0
p1785_orig|train|0
p1785_mut|test|0
p1786_orig|val|0
p1786_mut|test|0
p1787_orig|val|0
p1787_mut|test|0
p1788_orig|train|0
p1788_mut|val|0
p1789_orig|test|0
p1789_mut|val|0
p1790_orig|train|0
p1790_mut|train|0
p1791_orig|train|0
p1791_mut|val|0
p1792_orig|test|0
p1792_mut|val|0
p1793_orig|train|0
p1793_mut|test|0
p1794_orig|test|0
p1794_mut|test|0
p1795_orig|train|0
p1795_mut|train|0
p1796_orig|train|0
p1796_mut|val|0
p1797_orig|train|0
p1797_mut|train|0
p1798_orig|val|0
p1798_mut|test|0
p1799_orig|val|0
p1799_mut|val|0
p1800_orig|train|0
p1800_mut|train|0
p1801_orig|test|0
p1801_mut|test|0
p1802_orig|train|0
p1802_mut|train|0
p1803_orig|train|0
p1803_mut|val|0
p1804_orig|train|0
p1804_mut|test|0
p1805_orig|test|0
p1805_mut|val|0
p1806_orig|train|0
p1806_mut|train|0
p1807_orig|val|0
p1807_mut|train|0
p1808_orig|val|0
p1808_mut|train|0
p1809_orig|test|0
p1809_mut|test|0
p1810_orig|train|0
p1810_mut|test|0
p1811_orig|val|0
p1811_mut|test|0
p1812_orig|train|0
p1812_mut|test|0
p1813_orig|val|0
p1813_mut|test|0
p1814_orig|test|0
p1814_mut|val|0
p1815_orig|val|0
p1815_mut|test|0
p1816_orig|test|0
p1816_mut|val|0
p1817_orig|val|0
p1817_mut|val|0
p1818_orig|train|0
p1818_mut|val|0
p1819_orig|test|0
p1819_mut|val|0
p1820_orig|val|0
p1820_mut|train|0
p1821_orig|val|0
p1821_mut|val|0
p1822_orig|val|0
p1822_mut|train|0
p1823_orig|train|0
p1823_mut|train|0
p1824_orig|val|0
p1824_mut|val|0
p1825_orig|test|0
p1825_mut|train|0
p1826_orig|test|0
p1826_mut|test|0
p1827_orig|test|0
p1827_mut|train|0
p1828_orig|train|0
p1828_mut|train|0
p1829_orig|test|0
p1829_mut|test|0
p1830_orig|train|0
p1830_mut|train|0
p1831_orig|test|0
p1831_mut|val|0
p1832_orig|val|0
p1832_mut|val|0
p1833_orig|train|0
p1833_mut|train|0
p1834_orig|val|0
p1834_mut|val|0
p1835_orig|test|0
p1835_mut|test|0
p1836_orig|train|0
p1836_mut|val|0
p1837_orig|train|0
p1837_mut|test|0
p1838_orig|val|0
p1838_mut|val|0
p1839_orig|test|0
p1839_mut|test|0
p1840_orig|train|0
p1840_mut|val|0
p1841_orig|train|0
p1841_mut|train|0
p1842_orig|val|0
p1842_mut|val|0
p1843_orig|train|0
p1843_mut|test|0
p1844_orig|train|0
p1844_mut|train|0
p1845_orig|test|0
p1845_mut|test|0
p1846_orig|val|0
p1846_mut|test|0
p1847_orig|val|0
p1847_mut|val|0
p1848_orig|test|0
p1848_mut|train|0
p1849_orig|val|0
p1849_mut|test|0
p1850_orig|train|0
p1850_mut|val|0
p1851_orig|test|0
p1851_mut|val|0
p1852_orig|test|0
p1852_mut|train|0
p1853_orig|test|0
p1853_mut|val|0
p1854_orig|test|0
p1854_mut|train|0
p1855_orig|val|0
p1855_mut|val|0
p1856_orig|train|0
p1856_mut|train|0
p1857_orig|val|0
p1857_mut|test|0
p1858_orig|train|0
p1858_mut|test|0
p1859_orig|val|0
p1859_mut|test|0
p1860_orig|train|0
p1860_mut|val|0
p1861_orig|test|0
p1861_mut|train|0
p1862_orig|val|0
p1862_mut|test|0
p1863_orig|train|0
p1863_mut|test|0
p1864_orig|train|0
p1864_mut|val|0
p1865_orig|val|0
p1865_mut|test|0
p1866_orig|train|0
p1866_mut|val|0
p1867_orig|test|0
p1867_mut|train|0
p1868_orig|test|0
p1868_mut|train|0
p1869_orig|test|0
p1869_mut|test|0
p1870_orig|test|0
p1870_mut|test|0
p1871_orig|val|0
p1871_mut|val|0
p1872_orig|test|0
p1872_mut|test|0
p1873_orig|test|0
p1873_mut|val|0
p1874_orig|test|0
p1874_mut|val|0
p1875_orig|val|0
p1875_mut|train|0
p1876_orig|test|0
p1876_mut|val|0
p1877_orig|val|0
p1877_mut|test|0
p1878_orig|train|0
p1878_mut|val|0
p1879_orig|val|0
p1879_mut|test|0
p1880_orig|test|0
p1880_mut|train|0
p1881_orig|train|0
p1881_mut|test|0
p1882_orig|train|0
p1882_mut|val|0
p1883_orig|train|0
p1883_mut|test|0
p1884_orig|train|0
p1884_mut|val|0
p1885_orig|train|0
p1885_mut|test|0
p1886_orig|val|0
p1886_mut|val|0
p1887_orig|val|0
p1887_mut|train|0
p1888_orig|test|0
p1888_mut|val|0
p1889_orig|val|0
p1889_mut|train|0
p1890_orig|train|0
p1890_mut|test|0
p1891_orig|val|0
p1891_mut|test|0
p1892_orig|test|0
p1892_mut|test|0
p1893_orig|train|0
p1893_mut|test|0
p1894_orig|train|0
p1894_mut|test|0
p1895_orig|val|0
p1895_mut|val|0
p1896_orig|train|0
p1896_mut|train|0
p1897_orig|test|0
p1897_mut|train|0
p1898_orig|train|0
p1898_mut|train|0
p1899_orig|test|0
p1899_mut|val|0
p1900_orig|val|0
p1900_mut|val|0
p1901_orig|test|0
p1901_mut|val|0
p1902_orig|train|0
p1902_mut|test|0
p1903_orig|val|0
p1903_mut|test|0
p1904_orig|test|0
p1904_mut|test|0
p1905_orig|train|0
p1905_mut|val|0
p1906_orig|train|0
p1906_mut|val|0
p1907_orig|train|0
p1907_mut|val|0
p1908_orig|val|0
p1908_mut|test|0
p1909_orig|val|0
p1909_mut|train|0
p1910_orig|val|0
p1910_mut|train|0
p1911_orig|test|0
p1911_mut|train|0
p1912_orig|train|0
p1912_mut|test|0
p1913_orig|train|0
p1913_mut|train|0
p1914_orig|val|0
p1914_mut|test|0
p1915_orig|train|0
p1915_mut|train|0
p1916_orig|val|0
p1916_mut|train|0
p1917_orig|train|0
p1917_mut|test|0
p1918_orig|train|0
p1918_mut|val|0
p1919_orig|val|0
p1919_mut|test|0
p1920_orig|train|0
p1920_mut|val|0
p1921_orig|train|0
p1921_mut|val|0
p1922_orig|test|0
p1922_mut|test|0
p1923_orig|val|0
p1923_mut|val|0
p1924_orig|val|0
p1924_mut|test|0
p1925_orig|train|0
p1925_mut|test|0
p1926_orig|val|0
p1926_mut|test|0
p1927_orig|test|0
p1927_mut|test|0
p1928_orig|test|0
p1928_mut|train|0
p1929_orig|train|0
p1929_mut|train|0
p1930_orig|val|0
p1930_mut|train|0
p1931_orig|val|0
p1931_mut|val|0
p1932_orig|test|0
p1932_mut|train|0
p1933_orig|val|0
p1933_mut|train|0
p1934_orig|test|0
p1934_mut|test|0
p1935_orig|val|0
p1935_mut|train|0
p1936_orig|val|0
p1936_mut|test|0
p1937_orig|test|0
p1937_mut|test|0
p1938_orig|val|0
p1938_mut|test|0
p1939_orig|test|0
p1939_mut|test|0
p1940_orig|train|0
p1940_mut|train|0
p1941_orig|test|0
p1941_mut|train|0
p1942_orig|val|0
p1942_mut|val|0
p1943_orig|test|0
p1943_mut|train|0
p1944_orig|test|0
p1944_mut|test|0
p1945_orig|val|0
p1945_mut|val|0
p1946_orig|test|0
p1946_mut|test|0
p1947_orig|train|0
p1947_mut|train|0
p1948_orig|test|0
p1948_mut|val|0
p1949_orig|val|0
p1949_mut|train|0
p1950_orig|test|0
p1950_mut|test|0
p1951_orig|val|0
p1951_mut|train|0
p1952_orig|train|0
p1952_mut|test|0
p1953_orig|train|0
p1953_mut|test|0
p1954_orig|val|0
p1954_mut|train|0
p1955_orig|test|0
p1955_mut|val|0
p1956_orig|val|0
p1956_mut|test|0
p1957_orig|test|0
p1957_mut|train|0
p1958_orig|test|0
p1958_mut|train|0
p1959_orig|train|0
p1959_mut|train|0
p1960_orig|val|0
p1960_mut|test|0
p1961_orig|val|0
p1961_mut|val|0
p1962_orig|test|0
p1962_mut|train|0
p1963_orig|test|0
p1963_mut|val|0
p1964_orig|test|0
p1964_mut|train|0
p1965_orig|val|0
p1965_mut|train|0
p1966_orig|train|0
p1966_mut|val|0
p1967_orig|test|0
p1967_mut|val|0
p1968_orig|test|0
p1968_mut|val|0
p1969_orig|val|0
p1969_mut|train|0
p1970_orig|train|0
p1970_mut|train|0
p1971_orig|train|0
p1971_mut|test|0
p1972_orig|val|0
p1972_mut|train|0
p1973_orig|test|0
p1973_mut|val|0
p1974_orig|val|0
p1974_mut|val|0
p1975_orig|val|0
p1975_mut|val|0
p1976_orig|val|0
p1976_mut|test|0
p1977_orig|test|0
p1977_mut|val|0
p1978_orig|test|0
p1978_mut|val|0
p1979_orig|val|0
p1979_mut|val|0
p1980_orig|val|0
p1980_mut|test|0
p1981_orig|val|0
p1981_mut|train|0
p1982_orig|val|0
p1982_mut|val|0
p1983_orig|train|0
p1983_mut|test|0
p1984_orig|test|0
p1984_mut|test|0
p1985_orig|test|0
p1985_mut|test|0
p1986_orig|train|0
p1986_mut|val|0
p1987_orig|val|0
p1987_mut|train|0
p1988_orig|test|0
p1988_mut|test|0
p1989_orig|train|0
p1989_mut|test|0
p1990_orig|val|0
p1990_mut|test|0
p1991_orig|val|0
p1991_mut|val|0
p1992_orig|train|0
p1992_mut|val|0
p1993_orig|val|0
p1993_mut|test|0
p1994_orig|val|0
p1994_mut|train|0
p1995_orig|test|0
p1995_mut|train|0
p1996_orig|val|0
p1996_mut|val|0
p1997_orig|test|0
p1997_mut|test|0
p1998_orig|train|0
p1998_mut|val|0
p1999_orig|test|0
p1999_mut|test|0
p2000_orig|train|0
p2000_mut|train|0
p2001_orig|train|0
p2001_mut|test|0
p2002_orig|test|0
p2002_mut|val|0
p2003_orig|test|0
p2003_mut|val|0
p2004_orig|val|0
p2004_mut|val|0
p2005_orig|test|0
p2005_mut|test|0
p2006_orig|train|0
p2006_mut|train|0
p2007_orig|test|0
p2007_mut|test|0
p2008_orig|test|0
p2008_mut|val|0
p2009_orig|val|0
p2009_mut|train|0
p2010_orig|test|0
p2010_mut|test|0
p2011_orig|val|0
p2011_mut|train|0
p2012_orig|train|0
p2012_mut|val|0
p2013_orig|test|0
p2013_mut|train|0
p2014_orig|train|0
p2014_mut|test|0
p2015_orig|val|0
p2015_mut|train|0
p2016_orig|test|0
p2016_mut|train|0
p2017_orig|val|0
p2017_mut|val|0
p2018_orig|val|0
p2018_mut|train|0
p2019_orig|test|0
p2019_mut|val|0
p2020_orig|val|0
p2020_mut|train|0
p2021_orig|val|0
p2021_mut|test|0
p2022_orig|train|0
p2022_mut|test|0
p2023_orig|test|0
p2023_mut|val|0
p2024_orig|val|0
p2024_mut|test|0
p2025_orig|val|0
p2025_mut|train|0
p2026_orig|train|0
p2026_mut|val|0
p2027_orig|val|0
p2027_mut|train|0
p2028_orig|train|0
p2028_mut|test|0
p2029_orig|train|0
p2029_mut|test|0
p2030_orig|test|0
p2030_mut|train|0
p2031_orig|train|0
p2031_mut|val|0
p2032_orig|test|0
p2032_mut|val|0
p2033_orig|test|0
p2033_mut|train|0
p2034_orig|train|0
p2034_mut|val|0
p2035_orig|val|0
p2035_mut|train|0
p2036_orig|val|0
p2036_mut|val|0
p2037_orig|test|0
p2037_mut|val|0
p2038_orig|test|0
p2038_mut|val|0
p2039_orig|train|0
p2039_mut|train|0
p2040_orig|val|0
p2040_mut|train|0
p2041_orig|test|0
p2041_mut|test|0
p2042_orig|train|0
p2042_mut|train|0
p2043_orig|test|0
p2043_mut|train|0
p2044_orig|train|0
p2044_mut|test|0
p2045_orig|val|0
p2045_mut|val|0
p2046_orig|train|0
p2046_mut|train|0
p2047_orig|val|0
p2047_mut|train|0
p2048_orig|val|0
p2048_mut|val|0
p2049_orig|test|0
p2049_mut|test|0
p2050_orig|val|0
p2050_mut|test|0
p2051_orig|train|0
p2051_mut|val|0
p2052_orig|val|0
p2052_mut|train|0
p2053_orig|train|0
p2053_mut|val|0
p2054_orig|val|0
p2054_mut|train|0
p2055_orig|val|0
p2055_mut|val|0
p2056_orig|test|0
p2056_mut|train|0
p2057_orig|test|0
p2057_mut|val|0
p2058_orig|train|0
p2058_mut|train|0
p2059_orig|val|0
p2059_mut|test|0
p2060_orig|val|0
p2060_mut|train|0
p2061_orig|test|0
p2061_mut|train|0
p2062_orig|train|0
p2062_mut|train|0
p2063_orig|test|0
p2063_mut|val|0
p2064_orig|test|0
p2064_mut|val|0
p2065_orig|test|0
p2065_mut|train|0
p2066_orig|test|0
p2066_mut|val|0
p2067_orig|val|0
p2067_mut|test|0
p2068_orig|test|0
p2068_mut|train|0
p2069_orig|val|0
p2069_mut|test|0
p2070_orig|test|0
p2070_mut|test|0
p2071_orig|val|0
p2071_mut|train|0
p2072_orig|train|0
p2072_mut|test|0
p2073_orig|val|0
p2073_mut|val|0
p2074_orig|val|0
p2074_mut|train|0
p2075_orig|test|0
p2075_mut|train|0
p2076_orig|test|0
p2076_mut|val|0
p2077_orig|test|0
p2077_mut|test|0
p2078_orig|val|0
p2078_mut|val|0
p2079_orig|train|0
p2079_mut|test|0
p2080_orig|val|0
p2080_mut|test|0
p2081_orig|train|0
p2081_mut|test|0
p2082_orig|test|0
p2082_mut|val|0
p2083_orig|val|0
p2083_mut|val|0
p2084_orig|train|0
p2084_mut|test|0
p2085_orig|train|0
p2085_mut|val|0
p2086_orig|val|0
p2086_mut|test|0
p2087_orig|val|0
p2087_mut|test|0
p2088_orig|train|0
p2088_mut|val|0
p2089_orig|train|0
p2089_mut|train|0
p2090_orig|val|0
p2090_mut|val|0
p2091_orig|val|0
p2091_mut|train|0
p2092_orig|val|0
p2092_mut|val|0
p2093_orig|val|0
p2093_mut|test|0
p2094_orig|val|0
p2094_mut|test|0
p2095_orig|test|0
p2095_mut|train|0
p2096_orig|val|0
p2096_mut|val|0
p2097_orig|train|0
p2097_mut|val|0
p2098_orig|test|0
p2098_mut|val|0
p2099_orig|val|0
p2099_mut|train|0
p2100_orig|train|0
p2100_mut|val|0
p2101_orig|val|0
p2101_mut|train|0
p2102_orig|test|0
p2102_mut|val|0
p2103_orig|test|0
p2103_mut|val|0
p2104_orig|val|0
p2104_mut|train|0
p2105_orig|val|0
p2105_mut|test|0
p2106_orig|val|0
p2106_mut|train|0
p2107_orig|val|0
p2107_mut|test|0
p2108_orig|val|0
p2108_mut|train|0
p2109_orig|train|0
p2109_mut|train|0
p2110_orig|test|0
p2110_mut|train|0
p2111_orig|train|0
p2111_mut|test|0
p2112_orig|val|0
p2112_mut|val|0
p2113_orig|val|0
p2113_mut|train|0
p2114_orig|val|0
p2114_mut|train|0
p2115_orig|test|0
p2115_mut|train|0
p2116_orig|test|0
p2116_mut|test|0
p2117_orig|val|0
p2117_mut|val|0
p2118_orig|test|0
p2118_mut|train|0
p2119_orig|val|0
p2119_mut|test|0
p2120_orig|val|0
p2120_mut|train|0
p2121_orig|val|0
p2121_mut|test|0
p2122_orig|val|0
p2122_mut|train|0
p2123_orig|val|0
p2123_mut|test|0
p2124_orig|train|0
p2124_mut|train|0
p2125_orig|train|0
p2125_mut|test|0
p2126_orig|test|0
p2126_mut|val|0
p2127_orig|train|0
p2127_mut|train|0
p2128_orig|test|0
p2128_mut|train|0
p2129_orig|train|0
p2129_mut|test|0
p2130_orig|train|0
p2130_mut|train|0
p2131_orig|test|0
p2131_mut|train|0
p2132_orig|test|0
p2132_mut|train|0
p2133_orig|train|0
p2133_mut|train|0
p2134_orig|val|0
p2134_mut|train|0
p2135_orig|val|0
p2135_mut|test|0
p2136_orig|val|0
p2136_mut|train|0
p2137_orig|train|0
p2137_mut|test|0
p2138_orig|test|0
p2138_mut|train|0
p2139_orig|val|0
p2139_mut|train|0
p2140_orig|test|0
p2140_mut|test|0
p2141_orig|test|0
p2141_mut|test|0
p2142_orig|test|0
p2142_mut|train|0
p2143_orig|train|0
p2143_mut|train|0
p2144_orig|train|0
p2144_mut|train|0
p2145_orig|train|0
p2145_mut|train|0
p2146_orig|test|0
p2146_mut|val|0
p2147_orig|test|0
p2147_mut|train|0
p2148_orig|train|0
p2148_mut|test|0
p2149_orig|test|0
p2149_mut|train|0
p2150_orig|train|0
p2150_mut|train|0
p2151_orig|val|0
p2151_mut|train|0
p2152_orig|val|0
p2152_mut|train|0
p2153_orig|test|0
p2153_mut|train|0
p2154_orig|train|0
p2154_mut|val|0
p2155_orig|test|0
p2155_mut|train|0
p2156_orig|test|0
p2156_mut|train|0
p2157_orig|train|0
p2157_mut|train|0
p2158_orig|train|0
p2158_mut|val|0
p2159_orig|train|0
p2159_mut|train|0
p2160_orig|train|0
p2160_mut|val|0
p2161_orig|train|0
p2161_mut|test|0
p2162_orig|train|0
p2162_mut|train|0
p2163_orig|train|0
p2163_mut|train|0
p2164_orig|train|0
p2164_mut|train|0
p2165_orig|train|0
p2165_mut|train|0
p2166_orig|val|0
p2166_mut|test|0
p2167_orig|val|0
p2167_mut|test|0
p2168_orig|test|0
p2168_mut|val|0
p2169_orig|val|0
p2169_mut|val|0
p2170_orig|test|0
p2170_mut|train|0
p2171_orig|train|0
p2171_mut|train|0
p2172_orig|test|0
p2172_mut|test|0
p2173_orig|val|0
p2173_mut|val|0
p2174_orig|train|0
p2174_mut|test|0
p2175_orig|test|0
p2175_mut|test|0
p2176_orig|val|0
p2176_mut|val|0
p2177_orig|train|0
p2177_mut|val|0
p2178_orig|train|0
p2178_mut|train|0
p2179_orig|val|0
p2179_mut|train|0
p2180_orig|train|0
p2180_mut|val|0
p2181_orig|train|0
p2181_mut|test|0
p2182_orig|val|0
p2182_mut|test|0
p2183_orig|val|0
p2183_mut|train|0
p2184_orig|val|0
p2184_mut|train|0
p2185_orig|test|0
p2185_mut|val|0
p2186_orig|test|0
p2186_mut|val|0
p2187_orig|train|0
p2187_mut|test|0
p2188_orig|val|0
p2188_mut|train|0
p2189_orig|test|0
p2189_mut|train|0
p2190_orig|test|0
p2190_mut|train|0
p2191_orig|val|0
p2191_mut|train|0
p2192_orig|train|0
p2192_mut|train|0
p2193_orig|test|0
p2193_mut|train|0
p2194_orig|train|0
p2194_mut|test|0
p2195_orig|val|0
p2195_mut|val|0
p2196_orig|train|0
p2196_mut|test|0
p2197_orig|train|0
p2197_mut|val|0
p2198_orig|train|0
p2198_mut|val|0
p2199_orig|val|0
p2199_mut|test|0
p2200_orig|val|0
p2200_mut|val|0
p2201_orig|train|0
p2201_mut|val|0
p2202_orig|val|0
p2202_mut|test|0
p2203_orig|val|0
p2203_mut|train|0
p2204_orig|train|0
p2204_mut|test|0
p2205_orig|val|0
p2205_mut|test|0
p2206_orig|val|0
p2206_mut|test|0
p2207_orig|val|0
p2207_mut|test|0
p2208_orig|val|0
p2208_mut|test|0
p2209_orig|val|0
p2209_mut|test|0
p2210_orig|val|0
p2210_mut|train|0
p2211_orig|val|0
p2211_mut|test|0
p2212_orig|test|0
p2212_mut|test|0
p2213_orig|val|0
p2213_mut|train|0
p2214_orig|val|0
p2214_mut|test|0
p2215_orig|val|0
p2215_mut|train|0
p2216_orig|test|0
p2216_mut|val|0
p2217_orig|test|0
p2217_mut|train|0
p2218_orig|val|0
p2218_mut|val|0
p2219_orig|val|0
p2219_mut|val|0
p2220_orig|test|0
p2220_mut|test|0
p2221_orig|val|0
p2221_mut|val|0
p2222_orig|test|0
p2222_mut|test|0
p2223_orig|train|0
p2223_mut|train|0
p2224_orig|val|0
p2224_mut|val|0
p2225_orig|train|0
p2225_mut|test|0
p2226_orig|test|0
p2226_mut|val|0
p2227_orig|train|0
p2227_mut|train|0
p2228_orig|test|0
p2228_mut|train|0
p2229_orig|val|0
p2229_mut|train|0
p2230_orig|test|0
p2230_mut|test|0
p2231_orig|val|0
p2231_mut|train|0
p2232_orig|val|0
p2232_mut|test|0
p2233_orig|train|0
p2233_mut|test|0
p2234_orig|val|0
p2234_mut|test|0
p2235_orig|val|0
p2235_mut|val|0
p2236_orig|test|0
p2236_mut|test|0
p2237_orig|train|0
p2237_mut|val|0
p2238_orig|val|0
p2238_mut|val|0
p2239_orig|val|0
p2239_mut|train|0
p2240_orig|test|0
p2240_mut|val|0
p2241_orig|test|0
p2241_mut|train|0
p2242_orig|val|0
p2242_mut|val|0
p2243_orig|test|0
p2243_mut|train|0
p2244_orig|train|0
p2244_mut|test|0
p2245_orig|test|0
p2245_mut|val|0
p2246_orig|val|0
p2246_mut|val|0
p2247_orig|val|0
p2247_mut|val|0
p2248_orig|val|0
p2248_mut|train|0
p2249_orig|test|0
p2249_mut|test|0
p2250_orig|train|0
p2250_mut|val|0
p2251_orig|test|0
p2251_mut|test|0
p2252_orig|train|0
p2252_mut|train|0
p2253_orig|test|0
p2253_mut|test|0
p2254_orig|test|0
p2254_mut|test|0
p2255_orig|test|0
p2255_mut|val|0
p2256_orig|val|0
p2256_mut|test|0
p2257_orig|train|0
p2257_mut|test|0
p2258_orig|test|0
p2258_mut|val|0
p2259_orig|val|0
p2259_mut|test|0
p2260_orig|val|0
p2260_mut|test|0
p2261_orig|test|0
p2261_mut|test|0
p2262_orig|val|0
p2262_mut|test|0
p2263_orig|val|0
p2263_mut|test|0
p2264_orig|val|0
p2264_mut|train|0
p2265_orig|train|0
p2265_mut|val|0
p2266_orig|test|0
p2266_mut|test|0
p2267_orig|test|0
p2267_mut|test|0
p2268_orig|train|0
p2268_mut|test|0
p2269_orig|test|0
p2269_mut|val|0
p2270_orig|train|0
p2270_mut|test|0
p2271_orig|train|0
p2271_mut|test|0
p2272_orig|val|0
p2272_mut|val|0
p2273_orig|val|0
p2273_mut|train|0
p2274_orig|train|0
p2274_mut|test|0
p2275_orig|train|0
p2275_mut|val|0
p2276_orig|train|0
p2276_mut|test|0
p2277_orig|test|0
p2277_mut|train|0
p2278_orig|test|0
p2278_mut|val|0
p2279_orig|val|0
p2279_mut|train|0
p2280_orig|train|0
p2280_mut|val|0
p2281_orig|val|0
p2281_mut|test|0
p2282_orig|test|0
p2282_mut|val|0
p2283_orig|val|0
p2283_mut|test|0
p2284_orig|train|0
p2284_mut|val|0
p2285_orig|val|0
p2285_mut|test|0
p2286_orig|test|0
p2286_mut|train|0
p2287_orig|train|0
p2287_mut|train|0
p2288_orig|val|0
p2288_mut|val|0
p2289_orig|test|0
p2289_mut|test|0
p2290_orig|val|0
p2290_mut|val|0
p2291_orig|val|0
p2291_mut|val|0
p2292_orig|train|0
p2292_mut|train|0
p2293_orig|train|0
p2293_mut|test|0
p2294_orig|test|0
p2294_mut|train|0
p2295_orig|train|0
p2295_mut|train|0
p2296_orig|train|0
p2296_mut|val|0
p2297_orig|val|0
p2297_mut|test|0
p2298_orig|val|0
p2298_mut|test|0
p2299_orig|test|0
p2299_mut|test|0
p2300_orig|val|0
p2300_mut|val|0
p2301_orig|test|0
p2301_mut|val|0
p2302_orig|train|0
p2302_mut|val|0
p2303_orig|test|0
p2303_mut|train|0
p2304_orig|test|0
p2304_mut|train|0
p2305_orig|val|0
p2305_mut|test|0
p2306_orig|test|0
p2306_mut|test|0
p2307_orig|val|0
p2307_mut|val|0
p2308_orig|test|0
p2308_mut|train|0
p2309_orig|val|0
p2309_mut|val|0
p2310_orig|val|0
p2310_mut|test|0
p2311_orig|test|0
p2311_mut|test|0
p2312_orig|train|0
p2312_mut|val|0
p2313_orig|train|0
p2313_mut|train|0
p2314_orig|test|0
p2314_mut|train|0
p2315_orig|val|0
p2315_mut|test|0
p2316_orig|test|0
p2316_mut|val|0
p2317_orig|val|0
p2317_mut|val|0
p2318_orig|train|0
p2318_mut|test|0
p2319_orig|val|0
p2319_mut|val|0
p2320_orig|test|0
p2320_mut|train|0
p2321_orig|val|0
p2321_mut|train|0
p2322_orig|train|0
p2322_mut|val|0
p2323_orig|val|0
p2323_mut|test|0
p2324_orig|test|0
p2324_mut|train|0
p2325_orig|test|0
p2325_mut|train|0
p2326_orig|train|0
p2326_mut|train|0
p2327_orig|train|0
p2327_mut|train|0
p2328_orig|val|0
p2328_mut|train|0
p2329_orig|test|0
p2329_mut|test|0
p2330_orig|test|0
p2330_mut|train|0
p2331_orig|val|0
p2331_mut|test|0
p2332_orig|test|0
p2332_mut|train|0
p2333_orig|train|0
p2333_mut|test|0
p2334_orig|train|0
p2334_mut|test|0
p2335_orig|val|0
p2335_mut|val|0
p2336_orig|val|0
p2336_mut|train|0
p2337_orig|test|0
p2337_mut|val|0
p2338_orig|val|0
p2338_mut|test|0
p2339_orig|test|0
p2339_mut|train|0
p2340_orig|test|0
p2340_mut|train|0
p2341_orig|test|0
p2341_mut|train|0
p2342_orig|train|0
p2342_mut|test|0
p2343_orig|test|0
p2343_mut|train|0
p2344_orig|train|0
p2344_mut|train|0
p2345_orig|test|0
p2345_mut|val|0
p2346_orig|test|0
p2346_mut|train|0
p2347_orig|test|0
p2347_mut|val|0
p2348_orig|train|0
p2348_mut|val|0
p2349_orig|train|0
p2349_mut|val|0
p2350_orig|test|0
p2350_mut|train|0
p2351_orig|test|0
p2351_mut|test|0
p2352_orig|val|0
p2352_mut|train|0
p2353_orig|train|0
p2353_mut|train|0
p2354_orig|train|0
p2354_mut|val|0
p2355_orig|val|0
p2355_mut|train|0
p2356_orig|val|0
p2356_mut|test|0
p2357_orig|val|0
p2357_mut|test|0
p2358_orig|test|0
p2358_mut|test|0
p2359_orig|train|0
p2359_mut|val|0
p2360_orig|test|0
p2360_mut|test|0
p2361_orig|test|0
p2361_mut|test|0
p2362_orig|train|0
p2362_mut|val|0
p2363_orig|train|0
p2363_mut|test|0
p2364_orig|train|0
p2364_mut|test|0
p2365_orig|val|0
p2365_mut|train|0
p2366_orig|train|0
p2366_mut|val|0
p2367_orig|test|0
p2367_mut|train|0
p2368_orig|train|0
p2368_mut|train|0
p2369_orig|test|0
p2369_mut|train|0
p2370_orig|train|0
p2370_mut|test|0
p2371_orig|val|0
p2371_mut|test|0
p2372_orig|val|0
p2372_mut|test|0
p2373_orig|train|0
p2373_mut|val|0
p2374_orig|val|0
p2374_mut|train|0
p2375_orig|train|0
p2375_mut|test|0
p2376_orig|test|0
p2376_mut|train|0
p2377_orig|val|0
p2377_mut|train|0
p2378_orig|val|0
p2378_mut|test|0
p2379_orig|train|0
p2379_mut|train|0
p2380_orig|val|0
p2380_mut|train|0
p2381_orig|train|0
p2381_mut|train|0
p2382_orig|train|0
p2382_mut|test|0
p2383_orig|val|0
p2383_mut|train|0
p2384_orig|train|0
p2384_mut|val|0
p2385_orig|test|0
p2385_mut|test|0
p2386_orig|test|0
p2386_mut|val|0
p2387_orig|test|0
p2387_mut|train|0
p2388_orig|test|0
p2388_mut|val|0
p2389_orig|val|0
p2389_mut|train|0
p2390_orig|test|0
p2390_mut|test|0
p2391_orig|train|0
p2391_mut|train|0
p2392_orig|test|0
p2392_mut|test|0
p2393_orig|val|0
p2393_mut|train|0
p2394_orig|test|0
p2394_mut|test|0
p2395_orig|train|0
p2395_mut|train|0
p2396_orig|test|0
p2396_mut|val|0
p2397_orig|train|0
p2397_mut|test|0
p2398_orig|test|0
p2398_mut|val|0
p2399_orig|val|0
p2399_mut|val|0
p2400_orig|test|0
p2400_mut|train|0
p2401_orig|val|0
p2401_mut|val|0
p2402_orig|test|0
p2402_mut|val|0
p2403_orig|test|0
p2403_mut|val|0
p2404_orig|train|0
p2404_mut|test|0
p2405_orig|train|0
p2405_mut|val|0
p2406_orig|test|0
p2406_mut|val|0
p2407_orig|val|0
p2407_mut|val|0
p2408_orig|test|0
p2408_mut|val|0
p2409_orig|val|0
p2409_mut|test|0
p2410_orig|val|0
p2410_mut|test|0
p2411_orig|test|0
p2411_mut|val|0
p2412_orig|test|0
p2412_mut|val|0
p2413_orig|test|0
p2413_mut|test|0
p2414_orig|train|0
p2414_mut|test|0
p2415_orig|test|0
p2415_mut|test|0
p2416_orig|val|0
p2416_mut|train|0
p2417_orig|val|0
p2417_mut|val|0
p2418_orig|train|0
p2418_mut|test|0
p2419_orig|test|0
p2419_mut|val|0
p2420_orig|train|0
p2420_mut|val|0
p2421_orig|val|0
p2421_mut|train|0
p2422_orig|train|0
p2422_mut|train|0
p2423_orig|test|0
p2423_mut|val|0
p2424_orig|val|0
p2424_mut|test|0
p2425_orig|val|0
p2425_mut|test|0
p2426_orig|test|0
p2426_mut|test|0
p2427_orig|train|0
p2427_mut|train|0
p2428_orig|train|0
p2428_mut|train|0
p2429_orig|val|0
p2429_mut|train|0
p2430_orig|train|0
p2430_mut|val|0
p2431_orig|train|0
p2431_mut|train|0
p2432_orig|test|0
p2432_mut|test|0
p2433_orig|test|0
p2433_mut|train|0
p2434_orig|train|0
p2434_mut|val|0
p2435_orig|train|0
p2435_mut|test|0
p2436_orig|train|0
p2436_mut|train|0
p2437_orig|test|0
p2437_mut|test|0
p2438_orig|train|0
p2438_mut|test|0
p2439_orig|train|0
p2439_mut|val|0
p2440_orig|val|0
p2440_mut|test|0
p2441_orig|train|0
p2441_mut|test|0
p2442_orig|test|0
p2442_mut|test|0
p2443_orig|val|0
p2443_mut|test|0
p2444_orig|val|0
p2444_mut|test|0
p2445_orig|test|0
p2445_mut|val|0
p2446_orig|train|0
p2446_mut|val|0
p2447_orig|val|0
p2447_mut|val|0
p2448_orig|val|0
p2448_mut|train|0
p2449_orig|train|0
p2449_mut|test|0
p2450_orig|train|0
p2450_mut|train|0
p2451_orig|val|0
p2451_mut|train|0
p2452_orig|val|0
p2452_mut|train|0
p2453_orig|val|0
p2453_mut|test|0
p2454_orig|train|0
p2454_mut|val|0
p2455_orig|train|0
p2455_mut|test|0
p2456_orig|val|0
p2456_mut|val|0
p2457_orig|test|0
p2457_mut|val|0
p2458_orig|test|0
p2458_mut|val|0
p2459_orig|test|0
p2459_mut|test|0
p2460_orig|val|0
p2460_mut|train|0
p2461_orig|val|0
p2461_mut|val|0
p2462_orig|test|0
p2462_mut|val|0
p2463_orig|val|0
p2463_mut|val|0
p2464_orig|test|0
p2464_mut|val|0
p2465_orig|val|0
p2465_mut|test|0
p2466_orig|val|0
p2466_mut|val|0
p2467_orig|test|0
p2467_mut|val|0
p2468_orig|train|0
p2468_mut|val|0
p2469_orig|train|0
p2469_mut|val|0
p2470_orig|val|0
p2470_mut|test|0
p2471_orig|test|0
p2471_mut|train|0
p2472_orig|train|0
p2472_mut|test|0
p2473_orig|train|0
p2473_mut|val|0
p2474_orig|test|0
p2474_mut|train|0
p2475_orig|train|0
p2475_mut|train|0
p2476_orig|train|0
p2476_mut|train|0
p2477_orig|test|0
p2477_mut|test|0
p2478_orig|val|0
p2478_mut|val|0
p2479_orig|train|0
p2479_mut|train|0
p2480_orig|test|0
p2480_mut|train|0
p2481_orig|train|0
p2481_mut|test|0
p2482_orig|test|0
p2482_mut|val|0
p2483_orig|train|0
p2483_mut|test|0
p2484_orig|val|0
p2484_mut|test|0
p2485_orig|val|0
p2485_mut|train|0
p2486_orig|train|0
p2486_mut|val|0
p2487_orig|test|0
p2487_mut|test|0
p2488_orig|train|0
p2488_mut|train|0
p2489_orig|val|0
p2489_mut|val|0
p2490_orig|train|0
p2490_mut|train|0
p2491_orig|test|0
p2491_mut|train|0
p2492_orig|train|0
p2492_mut|val|0
p2493_orig|test|0
p2493_mut|test|0
p2494_orig|test|0
p2494_mut|test|0
p2495_orig|train|0
p2495_mut|test|0
p2496_orig|train|0
p2496_mut|val|0
p2497_orig|train|0
p2497_mut|test|0
p2498_orig|val|0
p2498_mut|val|0
p2499_orig|train|0
p2499_mut|test|0
p2500_orig|val|0
p2500_mut|val|0
p2501_orig|val|0
p2501_mut|train|0
p2502_orig|test|0
p2502_mut|train|0
p2503_orig|test|0
p2503_mut|test|0
p2504_orig|test|0
p2504_mut|train|0
p2505_orig|train|0
p2505_mut|test|0
p2506_orig|train|0
p2506_mut|val|0
p2507_orig|train|0
p2507_mut|val|0
p2508_orig|train|0
p2508_mut|val|0
p2509_orig|train|0
p2509_mut|test|0
p2510_orig|test|0
p2510_mut|val|0
p2511_orig|val|0
p2511_mut|train|0
p2512_orig|train|0
p2512_mut|val|0
p2513_orig|test|0
p2513_mut|val|0
p2514_orig|train|0
p2514_mut|val|0
p2515_orig|test|0
p2515_mut|train|0
p2516_orig|test|0
p2516_mut|val|0
p2517_orig|train|0
p2517_mut|train|0
p2518_orig|val|0
p2518_mut|val|0
p2519_orig|train|0
p2519_mut|val|0
p2520_orig|val|0
p2520_mut|val|0
p2521_orig|val|0
p2521_mut|test|0
p2522_orig|val|0
p2522_mut|test|0
p2523_orig|test|0
p2523_mut|train|0
p2524_orig|train|0
p2524_mut|train|0
p2525_orig|val|0
p2525_mut|val|0
p2526_orig|val|0
p2526_mut|val|0
p2527_orig|test|0
p2527_mut|train|0
p2528_orig|train|0
p2528_mut|val|0
p2529_orig|train|0
p2529_mut|val|0
p2530_orig|test|0
p2530_mut|train|0
p2531_orig|val|0
p2531_mut|train|0
p2532_orig|test|0
p2532_mut|train|0
p2533_orig|train|0
p2533_mut|test|0
p2534_orig|train|0
p2534_mut|train|0
p2535_orig|test|0
p2535_mut|val|0
p2536_orig|test|0
p2536_mut|test|0
p2537_orig|val|0
p2537_mut|val|0
p2538_orig|test|0
p2538_mut|val|0
p2539_orig|train|0
p2539_mut|val|0
p2540_orig|test|0
p2540_mut|val|0
p2541_orig|val|0
p2541_mut|val|0
p2542_orig|test|0
p2542_mut|test|0
p2543_orig|train|0
p2543_mut|test|0
p2544_orig|val|0
p2544_mut|test|0
p2545_orig|train|0
p2545_mut|val|0
p2546_orig|test|0
p2546_mut|train|0
p2547_orig|val|0
p2547_mut|train|0
p2548_orig|val|0
p2548_mut|test|0
p2549_orig|val|0
p2549_mut|train|0
p2550_orig|test|0
p2550_mut|test|0
p2551_orig|val|0
p2551_mut|val|0
p2552_orig|test|0
p2552_mut|test|0
p2553_orig|train|0
p2553_mut|train|0
p2554_orig|test|0
p2554_mut|val|0
p2555_orig|val|0
p2555_mut|val|0
p2556_orig|test|0
p2556_mut|train|0
p2557_orig|train|0
p2557_mut|val|0
p2558_orig|train|0
p2558_mut|val|0
p2559_orig|val|0
p2559_mut|val|0
p2560_orig|test|0
p2560_mut|test|0
p2561_orig|val|0
p2561_mut|test|0
p2562_orig|train|0
p2562_mut|test|0
p2563_orig|val|0
p2563_mut|train|0
p2564_orig|train|0
p2564_mut|train|0
p2565_orig|val|0
p2565_mut|train|0
p2566_orig|test|0
p2566_mut|train|0
p2567_orig|train|0
p2567_mut|test|0
p2568_orig|train|0
p2568_mut|train|0
p2569_orig|test|0
p2569_mut|test|0
p2570_orig|val|0
p2570_mut|test|0
p2571_orig|val|0
p2571_mut|train|0
p2572_orig|val|0
p2572_mut|val|0
p2573_orig|val|0
p2573_mut|train|0
p2574_orig|val|0
p2574_mut|test|0
p2575_orig|val|0
p2575_mut|val|0
p2576_orig|val|0
p2576_mut|val|0
p2577_orig|train|0
p2577_mut|val|0
p2578_orig|val|0
p2578_mut|test|0
p2579_orig|train|0
p2579_mut|test|0
p2580_orig|val|0
p2580_mut|test|0
p2581_orig|test|0
p2581_mut|val|0
p2582_orig|train|0
p2582_mut|val|0
p2583_orig|test|0
p2583_mut|train|0
p2584_orig|test|0
p2584_mut|test|0
p2585_orig|train|0
p2585_mut|val|0
p2586_orig|train|0
p2586_mut|train|0
p2587_orig|val|0
p2587_mut|train|0
p2588_orig|train|0
p2588_mut|train|0
p2589_orig|train|0
p2589_mut|train|0
p2590_orig|train|0
p2590_mut|val|0
p2591_orig|test|0
p2591_mut|train|0
p2592_orig|train|0
p2592_mut|test|0
p2593_orig|test|0
p2593_mut|val|0
p2594_orig|test|0
p2594_mut|train|0
p2595_orig|test|0
p2595_mut|val|0
p2596_orig|train|0
p2596_mut|train|0
p2597_orig|train|0
p2597_mut|test|0
p2598_orig|test|0
p2598_mut|test|0
p2599_orig|val|0
p2599_mut|train|0
p2600_orig|train|0
p2600_mut|test|0
p2601_orig|val|0
p2601_mut|val|0
p2602_orig|test|0
p2602_mut|val|0
p2603_orig|val|0
p2603_mut|test|0
p2604_orig|val|0
p2604_mut|train|0
p2605_orig|test|0
p2605_mut|train|0
p2606_orig|val|0
p2606_mut|train|0
p2607_orig|val|0
p2607_mut|train|0
p2608_orig|test|0
p2608_mut|val|0
p2609_orig|val|0
p2609_mut|test|0
p2610_orig|val|0
p2610_mut|val|0
p2611_orig|test|0
p2611_mut|test|0
p2612_orig|train|0
p2612_mut|test|0
p2613_orig|train|0
p2613_mut|train|0
p2614_orig|test|0
p2614_mut|val|0
p2615_orig|train|0
p2615_mut|train|0
p2616_orig|train|0
p2616_mut|val|0
p2617_orig|test|0
p2617_mut|test|0
p2618_orig|test|0
p2618_mut|val|0
p2619_orig|test|0
p2619_mut|test|0
p2620_orig|val|0
p2620_mut|val|0
p2621_orig|train|0
p2621_mut|test|0
p2622_orig|test|0
p2622_mut|val|0
p2623_orig|test|0
p2623_mut|train|0
p2624_orig|train|0
p2624_mut|val|0
p2625_orig|val|0
p2625_mut|test|0
p2626_orig|val|0
p2626_mut|train|0
p2627_orig|test|0
p2627_mut|test|0
p2628_orig|val|0
p2628_mut|val|0
p2629_orig|test|0
p2629_mut|val|0
p2630_orig|val|0
p2630_mut|train|0
p2631_orig|train|0
p2631_mut|train|0
p2632_orig|test|0
p2632_mut|test|0
p2633_orig|train|0
p2633_mut|test|0
p2634_orig|train|0
p2634_mut|val|0
p2635_orig|test|0
p2635_mut|val|0
p2636_orig|val|0
p2636_mut|val|0
p2637_orig|val|0
p2637_mut|val|0
p2638_orig|train|0
p2638_mut|val|0
p2639_orig|test|0
p2639_mut|train|0
p2640_orig|test|0
p2640_mut|val|0
p2641_orig|train|0
p2641_mut|val|0
p2642_orig|val|0
p2642_mut|val|0
p2643_orig|val|0
p2643_mut|test|0
p2644_orig|test|0
p2644_mut|train|0
p2645_orig|test|0
p2645_mut|test|0
p2646_orig|val|0
p2646_mut|test|0
p2647_orig|train|0
p2647_mut|train|0
p2648_orig|train|0
p2648_mut|train|0
p2649_orig|val|0
p2649_mut|val|0
p2650_orig|test|0
p2650_mut|train|0
p2651_orig|test|0
p2651_mut|train|0
p2652_orig|train|0
p2652_mut|test|0
p2653_orig|val|0
p2653_mut|test|0
p2654_orig|val|0
p2654_mut|test|0
p2655_orig|train|0
p2655_mut|train|0
p2656_orig|train|0
p2656_mut|val|0
p2657_orig|test|0
p2657_mut|val|0
p2658_orig|train|0
p2658_mut|val|0
p2659_orig|test|0
p2659_mut|val|0
p2660_orig|val|0
p2660_mut|val|0
p2661_orig|val|0
p2661_mut|test|0
p2662_orig|test|0
p2662_mut|test|0
p2663_orig|val|0
p2663_mut|train|0
p2664_orig|test|0
p2664_mut|test|0
p2665_orig|train|0
p2665_mut|train|0
p2666_orig|test|0
p2666_mut|train|0
p2667_orig|val|0
p2667_mut|val|0
p2668_orig|test|0
p2668_mut|test|0
p2669_orig|val|0
p2669_mut|test|0
p2670_orig|val|0
p2670_mut|val|0
p2671_orig|train|0
p2671_mut|test|0
p2672_orig|val|0
p2672_mut|train|0
p2673_orig|val|0
p2673_mut|train|0
p2674_orig|train|0
p2674_mut|val|0
p2675_orig|val|0
p2675_mut|val|0
p2676_orig|test|0
p2676_mut|test|0
p2677_orig|test|0
p2677_mut|train|0
p2678_orig|train|0
p2678_mut|test|0
p2679_orig|val|0
p2679_mut|train|0
p2680_orig|test|0
p2680_mut|train|0
p2681_orig|test|0
p2681_mut|test|0
p2682_orig|test|0
p2682_mut|train|0
p2683_orig|val|0
p2683_mut|train|0
p2684_orig|test|0
p2684_mut|test|0
p2685_orig|val|0
p2685_mut|train|0
p2686_orig|train|0
p2686_mut|train|0
p2687_orig|test|0
p2687_mut|test|0
p2688_orig|val|0
p2688_mut|val|0
p2689_orig|train|0
p2689_mut|train|0
p2690_orig|test|0
p2690_mut|train|0
p2691_orig|test|0
p2691_mut|train|0
p2692_orig|train|0
p2692_mut|test|0
p2693_orig|test|0
p2693_mut|test|0
p2694_orig|val|0
p2694_mut|train|0
p2695_orig|val|0
p2695_mut|val|0
p2696_orig|val|0
p2696_mut|val|0
p2697_orig|test|0
p2697_mut|val|0
p2698_orig|test|0
p2698_mut|test|0
p2699_orig|train|0
p2699_mut|test|0
p2700_orig|train|0
p2700_mut|val|0
p2701_orig|train|0
p2701_mut|val|0
p2702_orig|train|0
p2702_mut|test|0
p2703_orig|val|0
p2703_mut|test|0
p2704_orig|train|0
p2704_mut|val|0
p2705_orig|test|0
p2705_mut|test|0
p2706_orig|train|0
p2706_mut|train|0
p2707_orig|test|0
p2707_mut|train|0
p2708_orig|train|0
p2708_mut|test|0
p2709_orig|train|0
p2709_mut|test|0
p2710_orig|test|0
p2710_mut|val|0
p2711_orig|test|0
p2711_mut|test|0
p2712_orig|test|0
p2712_mut|train|0
p2713_orig|test|0
p2713_mut|test|0
p2714_orig|val|0
p2714_mut|train|0
p2715_orig|val|0
p2715_mut|test|0
p2716_orig|val|0
p2716_mut|val|0
p2717_orig|test|0
p2717_mut|test|0
p2718_orig|test|0
p2718_mut|val|0
p2719_orig|val|0
p2719_mut|test|0
p2720_orig|train|0
p2720_mut|test|0
p2721_orig|train|0
p2721_mut|val|0
p2722_orig|val|0
p2722_mut|train|0
p2723_orig|val|0
p2723_mut|test|0
p2724_orig|val|0
p2724_mut|train|0
p2725_orig|train|0
p2725_mut|val|0
p2726_orig|test|0
p2726_mut|val|0
p2727_orig|val|0
p2727_mut|val|0
p2728_orig|val|0
p2728_mut|val|0
p2729_orig|train|0
p2729_mut|train|0
p2730_orig|val|0
p2730_mut|train|0
p2731_orig|val|0
p2731_mut|test|0
p2732_orig|train|0
p2732_mut|train|0
p2733_orig|test|0
p2733_mut|val|0
p2734_orig|train|0
p2734_mut|test|0
p2735_orig|train|0
p2735_mut|test|0
p2736_orig|test|0
p2736_mut|test|0
p2737_orig|val|0
p2737_mut|train|0
p2738_orig|train|0
p2738_mut|val|0
p2739_orig|train|0
p2739_mut|test|0
p2740_orig|test|0
p2740_mut|test|0
p2741_orig|train|0
p2741_mut|val|0
p2742_orig|val|0
p2742_mut|test|0
p2743_orig|test|0
p2743_mut|test|0
p2744_orig|test|0
p2744_mut|test|0
p2745_orig|train|0
p2745_mut|test|0
p2746_orig|val|0
p2746_mut|test|0
p2747_orig|train|0
p2747_mut|val|0
p2748_orig|train|0
p2748_mut|test|0
p2749_orig|train|0
p2749_mut|train|0
p2750_orig|test|0
p2750_mut|train|0
p2751_orig|test|0
p2751_mut|test|0
p2752_orig|val|0
p2752_mut|train|0
p2753_orig|test|0
p2753_mut|test|0
p2754_orig|val|0
p2754_mut|train|0
p2755_orig|val|0
p2755_mut|test|0
p2756_orig|val|0
p2756_mut|val|0
p2757_orig|train|0
p2757_mut|train|0
p2758_orig|val|0
p2758_mut|test|0
p2759_orig|train|0
p2759_mut|train|0
p2760_orig|val|0
p2760_mut|train|0
p2761_orig|val|0
p2761_mut|test|0
p2762_orig|train|0
p2762_mut|val|0
p2763_orig|val|0
p2763_mut|train|0
p2764_orig|train|0
p2764_mut|val|0
p2765_orig|val|0
p2765_mut|test|0
p2766_orig|train|0
p2766_mut|val|0
p2767_orig|val|0
p2767_mut|test|0
p2768_orig|train|0
p2768_mut|train|0
p2769_orig|val|0
p2769_mut|val|0
p2770_orig|test|0
p2770_mut|train|0
p2771_orig|test|0
p2771_mut|test|0
p2772_orig|test|0
p2772_mut|train|0
p2773_orig|test|0
p2773_mut|val|0
p2774_orig|val|0
p2774_mut|test|0
p2775_orig|test|0
p2775_mut|train|0
p2776_orig|test|0
p2776_mut|train|0
p2777_orig|train|0
p2777_mut|val|0
p2778_orig|test|0
p2778_mut|val|0
p2779_orig|train|0
p2779_mut|val|0
p2780_orig|train|0
p2780_mut|val|0
p2781_orig|val|0
p2781_mut|test|0
p2782_orig|train|0
p2782_mut|val|0
p2783_orig|val|0
p2783_mut|test|0
p2784_orig|test|0
p2784_mut|train|0
p2785_orig|val|0
p2785_mut|val|0
p2786_orig|val|0
p2786_mut|test|0
p2787_orig|test|0
p2787_mut|test|0
p2788_orig|test|0
p2788_mut|val|0
p2789_orig|val|0
p2789_mut|train|0
p2790_orig|test|0
p2790_mut|val|0
p2791_orig|train|0
p2791_mut|val|0
p2792_orig|train|0
p2792_mut|test|0
p2793_orig|val|0
p2793_mut|test|0
p2794_orig|test|0
p2794_mut|val|0
p2795_orig|train|0
p2795_mut|train|0
p2796_orig|val|0
p2796_mut|train|0
p2797_orig|test|0
p2797_mut|val|0
p2798_orig|test|0
p2798_mut|train|0
p2799_orig|val|0
p2799_mut|test|0
p2800_orig|val|0
p2800_mut|test|0
p2801_orig|train|0
p2801_mut|val|0
p2802_orig|train|0
p2802_mut|test|0
p2803_orig|test|0
p2803_mut|val|0
p2804_orig|val|0
p2804_mut|test|0
p2805_orig|test|0
p2805_mut|val|0
p2806_orig|train|0
p2806_mut|train|0
p2807_orig|val|0
p2807_mut|train|0
p2808_orig|test|0
p2808_mut|train|0
p2809_orig|val|0
p2809_mut|train|0
p2810_orig|test|0
p2810_mut|val|0
p2811_orig|test|0
p2811_mut|test|0
p2812_orig|val|0
p2812_mut|train|0
p2813_orig|test|0
p2813_mut|test|0
p2814_orig|test|0
p2814_mut|val|0
p2815_orig|test|0
p2815_mut|test|0
p2816_orig|train|0
p2816_mut|test|0
p2817_orig|val|0
p2817_mut|train|0
p2818_orig|test|0
p2818_mut|test|0
p2819_orig|test|0
p2819_mut|train|0
p2820_orig|test|0
p2820_mut|test|0
p2821_orig|test|0
p2821_mut|train|0
p2822_orig|train|0
p2822_mut|train|0
p2823_orig|val|0
p2823_mut|test|0
p2824_orig|val|0
p2824_mut|val|0
p2825_orig|test|0
p2825_mut|test|0
p2826_orig|val|0
p2826_mut|test|0
p2827_orig|train|0
p2827_mut|val|0
p2828_orig|test|0
p2828_mut|test|0
p2829_orig|train|0
p2829_mut|train|0
p2830_orig|train|0
p2830_mut|test|0
p2831_orig|train|0
p2831_mut|train|0
p2832_orig|train|0
p2832_mut|train|0
p2833_orig|val|0
p2833_mut|test|0
p2834_orig|val|0
p2834_mut|val|0
p2835_orig|train|0
p2835_mut|test|0
p2836_orig|train|0
p2836_mut|val|0
p2837_orig|val|0
p2837_mut|val|0
p2838_orig|train|0
p2838_mut|train|0
p2839_orig|test|0
p2839_mut|train|0
p2840_orig|test|0
p2840_mut|train|0
p2841_orig|test|0
p2841_mut|train|0
p2842_orig|train|0
p2842_mut|test|0
p2843_orig|val|0
p2843_mut|val|0
p2844_orig|val|0
p2844_mut|test|0
p2845_orig|train|0
p2845_mut|val|0
p2846_orig|val|0
p2846_mut|train|0
p2847_orig|test|0
p2847_mut|train|0
p2848_orig|val|0
p2848_mut|test|0
p2849_orig|val|0
p2849_mut|test|0
p2850_orig|val|0
p2850_mut|test|0
p2851_orig|test|0
p2851_mut|train|0
p2852_orig|test|0
p2852_mut|test|0
p2853_orig|train|0
p2853_mut|test|0
p2854_orig|test|0
p2854_mut|val|0
p2855_orig|test|0
p2855_mut|test|0
p2856_orig|val|0
p2856_mut|test|0
p2857_orig|test|0
p2857_mut|train|0
p2858_orig|train|0
p2858_mut|test|0
p2859_orig|val|0
p2859_mut|test|0
p2860_orig|test|0
p2860_mut|train|0
p2861_orig|val|0
p2861_mut|test|0
p2862_orig|train|0
p2862_mut|val|0
p2863_orig|train|0
p2863_mut|val|0
p2864_orig|train|0
p2864_mut|val|0
p2865_orig|val|0
p2865_mut|test|0
p2866_orig|train|0
p2866_mut|train|0
p2867_orig|val|0
p2867_mut|test|0
p2868_orig|test|0
p2868_mut|train|0
p2869_orig|test|0
p2869_mut|val|0
p2870_orig|test|0
p2870_mut|val|0
p2871_orig|val|0
p2871_mut|val|0
p2872_orig|val|0
p2872_mut|test|0
p2873_orig|val|0
p2873_mut|train|0
p2874_orig|test|0
p2874_mut|test|0
p2875_orig|test|0
p2875_mut|val|0
p2876_orig|val|0
p2876_mut|train|0
p2877_orig|val|0
p2877_mut|train|0
p2878_orig|train|0
p2878_mut|test|0
p2879_orig|train|0
p2879_mut|train|0
p2880_orig|train|0
p2880_mut|train|0
p2881_orig|test|0
p2881_mut|test|0
p2882_orig|val|0
p2882_mut|train|0
p2883_orig|train|0
p2883_mut|train|0
p2884_orig|val|0
p2884_mut|val|0
p2885_orig|test|0
p2885_mut|test|0
p2886_orig|test|0
p2886_mut|val|0
p2887_orig|train|0
p2887_mut|val|0
p2888_orig|val|0
p2888_mut|train|0
p2889_orig|train|0
p2889_mut|train|0
p2890_orig|train|0
p2890_mut|test|0
p2891_orig|val|0
p2891_mut|val|0
p2892_orig|val|0
p2892_mut|train|0
p2893_orig|val|0
p2893_mut|test|0
p2894_orig|train|0
p2894_mut|val|0
p2895_orig|val|0
p2895_mut|val|0
p2896_orig|test|0
p2896_mut|train|0
p2897_orig|train|0
p2897_mut|test|0
p2898_orig|val|0
p2898_mut|train|0
p2899_orig|test|0
p2899_mut|test|0
p2900_orig|test|0
p2900_mut|test|0
p2901_orig|val|0
p2901_mut|val|0
p2902_orig|train|0
p2902_mut|test|0
p2903_orig|test|0
p2903_mut|test|0
p2904_orig|train|0
p2904_mut|val|0
p2905_orig|test|0
p2905_mut|val|0
p2906_orig|test|0
p2906_mut|train|0
p2907_orig|val|0
p2907_mut|train|0
p2908_orig|val|0
p2908_mut|val|0
p2909_orig|val|0
p2909_mut|val|0
p2910_orig|val|0
p2910_mut|train|0
p2911_orig|train|0
p2911_mut|val|0
p2912_orig|test|0
p2912_mut|val|0
p2913_orig|val|0
p2913_mut|train|0
p2914_orig|test|0
p2914_mut|train|0
p2915_orig|val|0
p2915_mut|test|0
p2916_orig|train|0
p2916_mut|train|0
p2917_orig|val|0
p2917_mut|val|0
p2918_orig|val|0
p2918_mut|train|0
p2919_orig|test|0
p2919_mut|val|0
p2920_orig|train|0
p2920_mut|test|0
p2921_orig|test|0
p2921_mut|val|0
p2922_orig|train|0
p2922_mut|test|0
p2923_orig|train|0
p2923_mut|train|0
p2924_orig|train|0
p2924_mut|val|0
p2925_orig|test|0
p2925_mut|val|0
p2926_orig|val|0
p2926_mut|val|0
p2927_orig|train|0
p2927_mut|val|0
p2928_orig|train|0
p2928_mut|test|0
p2929_orig|val|0
p2929_mut|train|0
p2930_orig|train|0
p2930_mut|val|0
p2931_orig|test|0
p2931_mut|train|0
p2932_orig|val|0
p2932_mut|test|0
p2933_orig|train|0
p2933_mut|test|0
p2934_orig|val|0
p2934_mut|val|0
p2935_orig|val|0
p2935_mut|train|0
p2936_orig|test|0
p2936_mut|train|0
p2937_orig|val|0
p2937_mut|val|0
p2938_orig|val|0
p2938_mut|train|0
p2939_orig|val|0
p2939_mut|test|0
p2940_orig|val|0
p2940_mut|test|0
p2941_orig|test|0
p2941_mut|train|0
p2942_orig|val|0
p2942_mut|test|0
p2943_orig|train|0
p2943_mut|test|0
p2944_orig|test|0
p2944_mut|val|0
p2945_orig|test|0
p2945_mut|val|0
p2946_orig|train|0
p2946_mut|test|0
p2947_orig|train|0
p2947_mut|test|0
p2948_orig|val|0
p2948_mut|test|0
p2949_orig|val|0
p2949_mut|test|0
p2950_orig|test|0
p2950_mut|train|0
p2951_orig|val|0
p2951_mut|train|0
p2952_orig|test|0
p2952_mut|test|0
p2953_orig|train|0
p2953_mut|train|0
p2954_orig|test|0
p2954_mut|val|0
p2955_orig|train|0
p2955_mut|val|0
p2956_orig|train|0
p2956_mut|train|0
p2957_orig|test|0
p2957_mut|test|0
p2958_orig|train|0
p2958_mut|train|0
p2959_orig|train|0
p2959_mut|val|0
p2960_orig|val|0
p2960_mut|train|0
p2961_orig|train|0
p2961_mut|train|0
p2962_orig|val|0
p2962_mut|test|0
p2963_orig|test|0
p2963_mut|train|0
p2964_orig|train|0
p2964_mut|val|0
p2965_orig|train|0
p2965_mut|val|0
p2966_orig|test|0
p2966_mut|test|0
p2967_orig|test|0
p2967_mut|train|0
p2968_orig|train|0
p2968_mut|val|0
p2969_orig|val|0
p2969_mut|train|0
p2970_orig|test|0
p2970_mut|train|0
p2971_orig|train|0
p2971_mut|val|0
p2972_orig|val|0
p2972_mut|train|0
p2973_orig|train|0
p2973_mut|val|0
p2974_orig|val|0
p2974_mut|val|0
p2975_orig|test|0
p2975_mut|train|0
p2976_orig|val|0
p2976_mut|test|0
p2977_orig|test|0
p2977_mut|train|0
p2978_orig|test|0
p2978_mut|train|0
p2979_orig|val|0
p2979_mut|test|0
p2980_orig|train|0
p2980_mut|val|0
p2981_orig|test|0
p2981_mut|val|0
p2982_orig|val|0
p2982_mut|test|0
p2983_orig|val|0
p2983_mut|val|0
p2984_orig|train|0
p2984_mut|test|0
p2985_orig|test|0
p2985_mut|train|0
p2986_orig|test|0
p2986_mut|test|0
p2987_orig|test|0
p2987_mut|train|0
p2988_orig|train|0
p2988_mut|test|0
p2989_orig|test|0
p2989_mut|test|0
p2990_orig|val|0
p2990_mut|val|0
p2991_orig|val|0
p2991_mut|train|0
p2992_orig|test|0
p2992_mut|test|0
p2993_orig|test|0
p2993_mut|val|0
p2994_orig|val|0
p2994_mut|test|0
p2995_orig|test|0
p2995_mut|test|0
p2996_orig|test|0
p2996_mut|train|0
p2997_orig|val|0
p2997_mut|test|0
p2998_orig|test|0
p2998_mut|val|0
p2999_orig|test|0
p2999_mut|val|0
p3000_orig|test|0
p3000_mut|train|0
p3001_orig|train|0
p3001_mut|val|0
p3002_orig|val|0
p3002_mut|val|0
p3003_orig|train|0
p3003_mut|train|0
p3004_orig|test|0
p3004_mut|val|0
p3005_orig|test|0
p3005_mut|test|0
p3006_orig|test|0
p3006_mut|train|0
p3007_orig|train|0
p3007_mut|val|0
p3008_orig|train|0
p3008_mut|val|0
p3009_orig|train|0
p3009_mut|test|0
p3010_orig|train|0
p3010_mut|test|0
p3011_orig|train|0
p3011_mut|val|0
p3012_orig|val|0
p3012_mut|train|0
p3013_orig|val|0
p3013_mut|test|0
p3014_orig|val|0
p3014_mut|test|0
p3015_orig|val|0
p3015_mut|val|0
p3016_orig|test|0
p3016_mut|test|0
p3017_orig|test|0
p3017_mut|val|0
p3018_orig|test|0
p3018_mut|test|0
p3019_orig|val|0
p3019_mut|test|0
p3020_orig|train|0
p3020_mut|val|0
p3021_orig|test|0
p3021_mut|val|0
p3022_orig|train|0
p3022_mut|train|0
p3023_orig|test|0
p3023_mut|val|0
p3024_orig|train|0
p3024_mut|train|0
p3025_orig|test|0
p3025_mut|train|0
p3026_orig|train|0
p3026_mut|val|0
p3027_orig|val|0
p3027_mut|val|0
p3028_orig|train|0
p3028_mut|train|0
p3029_orig|val|0
p3029_mut|val|0
p3030_orig|train|0
p3030_mut|val|0
p3031_orig|test|0
p3031_mut|val|0
p3032_orig|train|0
p3032_mut|val|0
p3033_orig|test|0
p3033_mut|test|0
p3034_orig|test|0
p3034_mut|val|0
p3035_orig|val|0
p3035_mut|train|0
p3036_orig|val|0
p3036_mut|test|0
p3037_orig|val|0
p3037_mut|test|0
p3038_orig|val|0
p3038_mut|train|0
p3039_orig|val|0
p3039_mut|test|0
p3040_orig|train|0
p3040_mut|test|0
p3041_orig|train|0
p3041_mut|val|0
p3042_orig|train|0
p3042_mut|val|0
p3043_orig|val|0
p3043_mut|train|0
p3044_orig|val|0
p3044_mut|train|0
p3045_orig|val|0
p3045_mut|test|0
p3046_orig|test|0
p3046_mut|test|0
p3047_orig|val|0
p3047_mut|val|0
p3048_orig|test|0
p3048_mut|val|0
p3049_orig|val|0
p3049_mut|val|0
p3050_orig|val|0
p3050_mut|train|0
p3051_orig|val|0
p3051_mut|test|0
p3052_orig|test|0
p3052_mut|val|0
p3053_orig|train|0
p3053_mut|val|0
p3054_orig|test|0
p3054_mut|val|0
p3055_orig|val|0
p3055_mut|val|0
p3056_orig|val|0
p3056_mut|val|0
p3057_orig|train|0
p3057_mut|train|0
p3058_orig|train|0
p3058_mut|val|0
p3059_orig|val|0
p3059_mut|test|0
p3060_orig|train|0
p3060_mut|val|0
p3061_orig|test|0
p3061_mut|test|0
p3062_orig|val|0
p3062_mut|val|0
p3063_orig|train|0
p3063_mut|test|0
p3064_orig|test|0
p3064_mut|test|0
p3065_orig|train|0
p3065_mut|train|0
p3066_orig|train|0
p3066_mut|train|0
p3067_orig|test|0
p3067_mut|train|0
p3068_orig|train|0
p3068_mut|test|0
p3069_orig|test|0
p3069_mut|test|0
p3070_orig|val|0
p3070_mut|val|0
p3071_orig|val|0
p3071_mut|val|0
p3072_orig|val|0
p3072_mut|train|0
p3073_orig|train|0
p3073_mut|test|0
p3074_orig|train|0
p3074_mut|train|0
p3075_orig|val|0
p3075_mut|test|0
p3076_orig|test|0
p3076_mut|test|0
p3077_orig|val|0
p3077_mut|val|0
p3078_orig|train|0
p3078_mut|train|0
p3079_orig|val|0
p3079_mut|test|0
p3080_orig|val|0
p3080_mut|test|0
p3081_orig|test|0
p3081_mut|train|0
p3082_orig|train|0
p3082_mut|val|0
p3083_orig|train|0
p3083_mut|train|0
p3084_orig|train|0
p3084_mut|val|0
p3085_orig|test|0
p3085_mut|train|0
p3086_orig|val|0
p3086_mut|test|0
p3087_orig|train|0
p3087_mut|test|0
p3088_orig|test|0
p3088_mut|train|0
p3089_orig|train|0
p3089_mut|test|0
p3090_orig|train|0
p3090_mut|val|0
p3091_orig|val|0
p3091_mut|train|0
p3092_orig|val|0
p3092_mut|val|0
p3093_orig|val|0
p3093_mut|test|0
p3094_orig|train|0
p3094_mut|val|0
p3095_orig|val|0
p3095_mut|test|0
p3096_orig|train|0
p3096_mut|val|0
p3097_orig|val|0
p3097_mut|train|0
p3098_orig|test|0
p3098_mut|val|0
p3099_orig|train|0
p3099_mut|train|0
p3100_orig|test|0
p3100_mut|val|0
p3101_orig|test|0
p3101_mut|train|0
p3102_orig|test|0
p3102_mut|test|0
p3103_orig|train|0
p3103_mut|train|0
p3104_orig|train|0
p3104_mut|val|0
p3105_orig|test|0
p3105_mut|val|0
p3106_orig|test|0
p3106_mut|val|0
p3107_orig|train|0
p3107_mut|train|0
p3108_orig|test|0
p3108_mut|test|0
p3109_orig|val|0
p3109_mut|val|0
p3110_orig|test|0
p3110_mut|train|0
p3111_orig|val|0
p3111_mut|val|0
p3112_orig|val|0
p3112_mut|val|0
p3113_orig|val|0
p3113_mut|train|0
p3114_orig|test|0
p3114_mut|test|0
p3115_orig|val|0
p3115_mut|test|0
p3116_orig|val|0
p3116_mut|test|0
p3117_orig|test|0
p3117_mut|test|0
p3118_orig|train|0
p3118_mut|test|0
p3119_orig|train|0
p3119_mut|test|0
p3120_orig|test|0
p3120_mut|test|0
p3121_orig|val|0
p3121_mut|val|0
p3122_orig|val|0
p3122_mut|test|0
p3123_orig|train|0
p3123_mut|test|0
p3124_orig|test|0
p3124_mut|train|0
p3125_orig|test|0
p3125_mut|test|0
p3126_orig|train|0
p3126_mut|train|0
p3127_orig|test|0
p3127_mut|test|0
p3128_orig|train|0
p3128_mut|test|0
p3129_orig|test|0
p3129_mut|val|0
p3130_orig|train|0
p3130_mut|val|0
p3131_orig|train|0
p3131_mut|train|0
p3132_orig|val|0
p3132_mut|train|0
p3133_orig|train|0
p3133_mut|val|0
p3134_orig|val|0
p3134_mut|train|0
p3135_orig|test|0
p3135_mut|test|0
p3136_orig|val|0
p3136_mut|test|0
p3137_orig|val|0
p3137_mut|train|0
p3138_orig|val|0
p3138_mut|train|0
p3139_orig|val|0
p3139_mut|train|0
p3140_orig|test|0
p3140_mut|test|0
p3141_orig|val|0
p3141_mut|val|0
p3142_orig|train|0
p3142_mut|train|0
p3143_orig|test|0
p3143_mut|train|0
p3144_orig|test|0
p3144_mut|val|0
p3145_orig|test|0
p3145_mut|train|0
p3146_orig|val|0
p3146_mut|test|0
p3147_orig|train|0
p3147_mut|test|0
p3148_orig|train|0
p3148_mut|test|0
p3149_orig|train|0
p3149_mut|train|0
p3150_orig|val|0
p3150_mut|val|0
p3151_orig|val|0
p3151_mut|test|0
p3152_orig|val|0
p3152_mut|val|0
p3153_orig|train|0
p3153_mut|test|0
p3154_orig|train|0
p3154_mut|test|0
p3155_orig|test|0
p3155_mut|train|0
p3156_orig|train|0
p3156_mut|val|0
p3157_orig|test|0
p3157_mut|val|0
p3158_orig|train|0
p3158_mut|test|0
p3159_orig|train|0
p3159_mut|val|0
p3160_orig|train|0
p3160_mut|train|0
p3161_orig|train|0
p3161_mut|train|0
p3162_orig|train|0
p3162_mut|test|0
p3163_orig|test|0
p3163_mut|val|0
p3164_orig|val|0
p3164_mut|val|0
p3165_orig|train|0
p3165_mut|val|0
p3166_orig|test|0
p3166_mut|test|0
p3167_orig|train|0
p3167_mut|test|0
p3168_orig|test|0
p3168_mut|train|0
p3169_orig|val|0
p3169_mut|val|0
p3170_orig|test|0
p3170_mut|test|0
p3171_orig|test|0
p3171_mut|test|0
p3172_orig|train|0
p3172_mut|val|0
p3173_orig|train|0
p3173_mut|train|0
p3174_orig|train|0
p3174_mut|test|0
p3175_orig|train|0
p3175_mut|train|0
p3176_orig|val|0
p3176_mut|test|0
p3177_orig|train|0
p3177_mut|val|0
p3178_orig|train|0
p3178_mut|test|0
p3179_orig|val|0
p3179_mut|train|0
p3180_orig|val|0
p3180_mut|train|0
p3181_orig|train|0
p3181_mut|val|0
p3182_orig|train|0
p3182_mut|val|0
p3183_orig|test|0
p3183_mut|test|0
p3184_orig|val|0
p3184_mut|train|0
p3185_orig|train|0
p3185_mut|test|0
p3186_orig|train|0
p3186_mut|test|0
p3187_orig|val|0
p3187_mut|val|0
p3188_orig|test|0
p3188_mut|test|0
p3189_orig|val|0
p3189_mut|test|0
p3190_orig|val|0
p3190_mut|val|0
p3191_orig|test|0
p3191_mut|val|0
p3192_orig|train|0
p3192_mut|test|0
p3193_orig|test|0
p3193_mut|train|0
p3194_orig|test|0
p3194_mut|val|0
p3195_orig|test|0
p3195_mut|test|0
p3196_orig|test|0
p3196_mut|val|0
p3197_orig|train|0
p3197_mut|val|0
p3198_orig|test|0
p3198_mut|val|0
p3199_orig|test|0
p3199_mut|train|0
p3200_orig|test|0
p3200_mut|val|0
p3201_orig|test|0
p3201_mut|val|0
p3202_orig|test|0
p3202_mut|train|0
p3203_orig|val|0
p3203_mut|train|0
p3204_orig|train|0
p3204_mut|test|0
p3205_orig|test|0
p3205_mut|val|0
p3206_orig|val|0
p3206_mut|val|0
p3207_orig|train|0
p3207_mut|val|0
p3208_orig|val|0
p3208_mut|test|0
p3209_orig|val|0
p3209_mut|val|0
p3210_orig|val|0
p3210_mut|val|0
p3211_orig|train|0
p3211_mut|test|0
p3212_orig|train|0
p3212_mut|train|0
p3213_orig|val|0
p3213_mut|test|0
p3214_orig|test|0
p3214_mut|train|0
p3215_orig|train|0
p3215_mut|test|0
p3216_orig|train|0
p3216_mut|train|0
p3217_orig|test|0
p3217_mut|val|0
p3218_orig|test|0
p3218_mut|test|0
p3219_orig|val|0
p3219_mut|val|0
p3220_orig|test|0
p3220_mut|train|0
p3221_orig|test|0
p3221_mut|test|0
p3222_orig|train|0
p3222_mut|train|0
p3223_orig|test|0
p3223_mut|train|0
p3224_orig|val|0
p3224_mut|train|0
p3225_orig|test|0
p3225_mut|test|0
p3226_orig|val|0
p3226_mut|val|0
p3227_orig|val|0
p3227_mut|train|0
p3228_orig|train|0
p3228_mut|val|0
p3229_orig|test|0
p3229_mut|test|0
p3230_orig|test|0
p3230_mut|train|0
p3231_orig|val|0
p3231_mut|train|0
p3232_orig|val|0
p3232_mut|val|0
p3233_orig|train|0
p3233_mut|val|0
p3234_orig|val|0
p3234_mut|train|0
p3235_orig|test|0
p3235_mut|test|0
p3236_orig|val|0
p3236_mut|val|0
p3237_orig|train|0
p3237_mut|val|0
p3238_orig|test|0
p3238_mut|test|0
p3239_orig|val|0
p3239_mut|val|0
p3240_orig|test|0
p3240_mut|val|0
p3241_orig|test|0
p3241_mut|test|0
p3242_orig|train|0
p3242_mut|val|0
p3243_orig|test|0
p3243_mut|train|0
p3244_orig|val|0
p3244_mut|test|0
p3245_orig|train|0
p3245_mut|train|0
p3246_orig|train|0
p3246_mut|train|0
p3247_orig|test|0
p3247_mut|test|0
p3248_orig|test|0
p3248_mut|train|0
p3249_orig|test|0
p3249_mut|val|0
p3250_orig|test|0
p3250_mut|val|0
p3251_orig|test|0
p3251_mut|test|0
p3252_orig|test|0
p3252_mut|train|0
p3253_orig|test|0
p3253_mut|val|0
p3254_orig|train|0
p3254_mut|val|0
p3255_orig|test|0
p3255_mut|val|0
p3256_orig|train|0
p3256_mut|train|0
p3257_orig|test|0
p3257_mut|test|0
p3258_orig|test|0
p3258_mut|test|0
p3259_orig|val|0
p3259_mut|val|0
p3260_orig|test|0
p3260_mut|test|0
p3261_orig|train|0
p3261_mut|test|0
p3262_orig|val|0
p3262_mut|train|0
p3263_orig|train|0
p3263_mut|val|0
p3264_orig|val|0
p3264_mut|train|0
p3265_orig|test|0
p3265_mut|train|0
p3266_orig|test|0
p3266_mut|test|0
p3267_orig|train|0
p3267_mut|train|0
p3268_orig|train|0
p3268_mut|val|0
p3269_orig|train|0
p3269_mut|val|0
p3270_orig|test|0
p3270_mut|train|0
p3271_orig|val|0
p3271_mut|train|0
p3272_orig|val|0
p3272_mut|train|0
p3273_orig|test|0
p3273_mut|train|0
p3274_orig|train|0
p3274_mut|val|0
p3275_orig|train|0
p3275_mut|val|0
p3276_orig|val|0
p3276_mut|test|0
p3277_orig|train|0
p3277_mut|val|0
p3278_orig|test|0
p3278_mut|val|0
p3279_orig|train|0
p3279_mut|test|0
p3280_orig|test|0
p3280_mut|train|0
p3281_orig|val|0
p3281_mut|val|0
p3282_orig|train|0
p3282_mut|train|0
p3283_orig|val|0
p3283_mut|train|0
p3284_orig|train|0
p3284_mut|train|0
p3285_orig|test|0
p3285_mut|test|0
p3286_orig|test|0
p3286_mut|train|0
p3287_orig|val|0
p3287_mut|train|0
p3288_orig|val|0
p3288_mut|val|0
p3289_orig|val|0
p3289_mut|train|0
p3290_orig|train|0
p3290_mut|train|0
p3291_orig|train|0
p3291_mut|test|0
p3292_orig|test|0
p3292_mut|train|0
p3293_orig|train|0
p3293_mut|val|0
p3294_orig|val|0
p3294_mut|test|0
p3295_orig|val|0
p3295_mut|train|0
p3296_orig|test|0
p3296_mut|train|0
p3297_orig|val|0
p3297_mut|test|0
p3298_orig|val|0
p3298_mut|test|0
p3299_orig|train|0
p3299_mut|val|0
p3300_orig|val|0
p3300_mut|test|0
p3301_orig|test|0
p3301_mut|val|0
p3302_orig|test|0
p3302_mut|train|0
p3303_orig|test|0
p3303_mut|test|0
p3304_orig|test|0
p3304_mut|test|0
p3305_orig|test|0
p3305_mut|test|0
p3306_orig|test|0
p3306_mut|val|0
p3307_orig|test|0
p3307_mut|test|0
p3308_orig|train|0
p3308_mut|val|0
p3309_orig|val|0
p3309_mut|test|0
p3310_orig|test|0
p3310_mut|train|0
p3311_orig|test|0
p3311_mut|test|0
p3312_orig|test|0
p3312_mut|train|0
p3313_orig|test|0
p3313_mut|train|0
p3314_orig|test|0
p3314_mut|test|0
p3315_orig|train|0
p3315_mut|test|0
p3316_orig|test|0
p3316_mut|train|0
p3317_orig|train|0
p3317_mut|val|0
p3318_orig|val|0
p3318_mut|test|0
p3319_orig|test|0
p3319_mut|test|0
p3320_orig|test|0
p3320_mut|test|0
p3321_orig|val|0
p3321_mut|train|0
p3322_orig|val|0
p3322_mut|train|0
p3323_orig|train|0
p3323_mut|train|0
p3324_orig|val|0
p3324_mut|val|0
p3325_orig|val|0
p3325_mut|val|0
p3326_orig|train|0
p3326_mut|test|0
p3327_orig|train|0
p3327_mut|test|0
p3328_orig|val|0
p3328_mut|train|0
p3329_orig|test|0
p3329_mut|test|0
p3330_orig|val|0
p3330_mut|train|0
p3331_orig|val|0
p3331_mut|train|0
p3332_orig|train|0
p3332_mut|train|0
p3333_orig|test|0
p3333_mut|train|0
p3334_orig|val|0
p3334_mut|val|0
p3335_orig|val|0
p3335_mut|val|0
p3336_orig|test|0
p3336_mut|train|0
p3337_orig|train|0
p3337_mut|train|0
p3338_orig|val|0
p3338_mut|val|0
p3339_orig|val|0
p3339_mut|val|0
p3340_orig|test|0
p3340_mut|val|0
p3341_orig|train|0
p3341_mut|val|0
p3342_orig|val|0
p3342_mut|test|0
p3343_orig|test|0
p3343_mut|train|0
p3344_orig|test|0
p3344_mut|test|0
p3345_orig|val|0
p3345_mut|val|0
p3346_orig|test|0
p3346_mut|test|0
p3347_orig|test|0
p3347_mut|train|0
p3348_orig|test|0
p3348_mut|test|0
p3349_orig|train|0
p3349_mut|val|0
p3350_orig|test|0
p3350_mut|train|0
p3351_orig|val|0
p3351_mut|val|0
p3352_orig|test|0
p3352_mut|train|0
p3353_orig|val|0
p3353_mut|train|0
p3354_orig|val|0
p3354_mut|val|0
p3355_orig|train|0
p3355_mut|val|0
p3356_orig|val|0
p3356_mut|train|0
p3357_orig|train|0
p3357_mut|val|0
p3358_orig|train|0
p3358_mut|val|0
p3359_orig|test|0
p3359_mut|train|0
p3360_orig|train|0
p3360_mut|test|0
p3361_orig|test|0
p3361_mut|train|0
p3362_orig|val|0
p3362_mut|train|0
p3363_orig|val|0
p3363_mut|test|0
p3364_orig|train|0
p3364_mut|train|0
p3365_orig|test|0
p3365_mut|val|0
p3366_orig|val|0
p3366_mut|test|0
p3367_orig|test|0
p3367_mut|train|0
p3368_orig|train|0
p3368_mut|val|0
p3369_orig|test|0
p3369_mut|train|0
p3370_orig|test|0
p3370_mut|val|0
p3371_orig|val|0
p3371_mut|train|0
p3372_orig|train|0
p3372_mut|train|0
p3373_orig|test|0
p3373_mut|val|0
p3374_orig|test|0
p3374_mut|train|0
p3375_orig|val|0
p3375_mut|val|0
p3376_orig|val|0
p3376_mut|train|0
p3377_orig|val|0
p3377_mut|train|0
p3378_orig|val|0
p3378_mut|val|0
p3379_orig|train|0
p3379_mut|val|0
p3380_orig|train|0
p3380_mut|train|0
p3381_orig|val|0
p3381_mut|val|0
p3382_orig|train|0
p3382_mut|val|0
p3383_orig|val|0
p3383_mut|train|0
p3384_orig|test|0
p3384_mut|train|0
p3385_orig|test|0
p3385_mut|val|0
p3386_orig|test|0
p3386_mut|train|0
p3387_orig|val|0
p3387_mut|val|0
p3388_orig|train|0
p3388_mut|val|0
p3389_orig|train|0
p3389_mut|val|0
p3390_orig|test|0
p3390_mut|train|0
p3391_orig|train|0
p3391_mut|val|0
p3392_orig|test|0
p3392_mut|val|0
p3393_orig|test|0
p3393_mut|val|0
p3394_orig|test|0
p3394_mut|train|0
p3395_orig|train|0
p3395_mut|val|0
p3396_orig|train|0
p3396_mut|train|0
p3397_orig|test|0
p3397_mut|test|0
p3398_orig|train|0
p3398_mut|train|0
p3399_orig|val|0
p3399_mut|test|0
p3400_orig|train|0
p3400_mut|val|0
p3401_orig|test|0
p3401_mut|train|0
p3402_orig|train|0
p3402_mut|train|0
p3403_orig|train|0
p3403_mut|val|0
p3404_orig|train|0
p3404_mut|val|0
p3405_orig|val|0
p3405_mut|test|0
p3406_orig|test|0
p3406_mut|test|0
p3407_orig|train|0
p3407_mut|val|0
p3408_orig|test|0
p3408_mut|test|0
p3409_orig|train|0
p3409_mut|test|0
p3410_orig|val|0
p3410_mut|val|0
p3411_orig|val|0
p3411_mut|val|0
p3412_orig|train|0
p3412_mut|val|0
p3413_orig|test|0
p3413_mut|test|0
p3414_orig|test|0
p3414_mut|val|0
p3415_orig|test|0
p3415_mut|test|0
p3416_orig|test|0
p3416_mut|test|0
p3417_orig|train|0
p3417_mut|test|0
p3418_orig|test|0
p3418_mut|test|0
p3419_orig|val|0
p3419_mut|train|0
p3420_orig|test|0
p3420_mut|val|0
p3421_orig|val|0
p3421_mut|val|0
p3422_orig|val|0
p3422_mut|test|0
p3423_orig|test|0
p3423_mut|train|0
p3424_orig|test|0
p3424_mut|test|0
p3425_orig|train|0
p3425_mut|val|0
p3426_orig|test|0
p3426_mut|test|0
p3427_orig|test|0
p3427_mut|test|0
p3428_orig|test|0
p3428_mut|val|0
p3429_orig|train|0
p3429_mut|val|0
p3430_orig|val|0
p3430_mut|val|0
p3431_orig|val|0
p3431_mut|train|0
p3432_orig|train|0
p3432_mut|train|0
p3433_orig|train|0
p3433_mut|test|0
p3434_orig|val|0
p3434_mut|train|0
p3435_orig|train|0
p3435_mut|val|0
p3436_orig|val|0
p3436_mut|val|0
p3437_orig|test|0
p3437_mut|val|0
p3438_orig|train|0
p3438_mut|test|0
p3439_orig|val|0
p3439_mut|val|0
p3440_orig|test|0
p3440_mut|train|0
p3441_orig|val|0
p3441_mut|test|0
p3442_orig|train|0
p3442_mut|val|0
p3443_orig|test|0
p3443_mut|test|0
p3444_orig|train|0
p3444_mut|test|0
p3445_orig|train|0
p3445_mut|train|0
p3446_orig|test|0
p3446_mut|val|0
p3447_orig|train|0
p3447_mut|test|0
p3448_orig|val|0
p3448_mut|test|0
p3449_orig|train|0
p3449_mut|test|0
p3450_orig|train|0
p3450_mut|train|0
p3451_orig|val|0
p3451_mut|val|0
p3452_orig|val|0
p3452_mut|test|0
p3453_orig|train|0
p3453_mut|train|0
p3454_orig|val|0
p3454_mut|test|0
p3455_orig|train|0
p3455_mut|val|0
p3456_orig|test|0
p3456_mut|train|0
p3457_orig|train|0
p3457_mut|test|0
p3458_orig|test|0
p3458_mut|val|0
p3459_orig|test|0
p3459_mut|val|0
p3460_orig|val|0
p3460_mut|train|0
p3461_orig|train|0
p3461_mut|train|0
p3462_orig|test|0
p3462_mut|val|0
p3463_orig|val|0
p3463_mut|train|0
p3464_orig|test|0
p3464_mut|train|0
p3465_orig|train|0
p3465_mut|test|0
p3466_orig|train|0
p3466_mut|test|0
p3467_orig|test|0
p3467_mut|val|0
p3468_orig|train|0
p3468_mut|train|0
p3469_orig|train|0
p3469_mut|val|0
p3470_orig|test|0
p3470_mut|train|0
p3471_orig|train|0
p3471_mut|test|0
p3472_orig|train|0
p3472_mut|val|0
p3473_orig|test|0
p3473_mut|val|0
p3474_orig|val|0
p3474_mut|train|0
p3475_orig|val|0
p3475_mut|train|0
p3476_orig|test|0
p3476_mut|test|0
p3477_orig|train|0
p3477_mut|train|0
p3478_orig|val|0
p3478_mut|val|0
p3479_orig|train|0
p3479_mut|train|0
p3480_orig|val|0
p3480_mut|train|0
p3481_orig|val|0
p3481_mut|train|0
p3482_orig|train|0
p3482_mut|val|0
p3483_orig|test|0
p3483_mut|train|0
p3484_orig|test|0
p3484_mut|test|0
p3485_orig|val|0
p3485_mut|val|0
p3486_orig|val|0
p3486_mut|train|0
p3487_orig|train|0
p3487_mut|test|0
p3488_orig|val|0
p3488_mut|test|0
p3489_orig|train|0
p3489_mut|test|0
p3490_orig|val|0
p3490_mut|train|0
p3491_orig|test|0
p3491_mut|train|0
p3492_orig|val|0
p3492_mut|test|0
p3493_orig|test|0
p3493_mut|train|0
p3494_orig|val|0
p3494_mut|val|0
p3495_orig|val|0
p3495_mut|test|0
p3496_orig|val|0
p3496_mut|train|0
p3497_orig|val|0
p3497_mut|test|0
p3498_orig|test|0
p3498_mut|train|0
p3499_orig|test|0
p3499_mut|val|0
p3500_orig|test|0
p3500_mut|test|0
p3501_orig|test|0
p3501_mut|test|0
p3502_orig|test|0
p3502_mut|train|0
p3503_orig|val|0
p3503_mut|test|0
p3504_orig|test|0
p3504_mut|test|0
p3505_orig|val|0
p3505_mut|val|0
p3506_orig|test|0
p3506_mut|test|0
p3507_orig|train|0
p3507_mut|val|0
p3508_orig|test|0
p3508_mut|val|0
p3509_orig|train|0
p3509_mut|train|0
p3510_orig|train|0
p3510_mut|train|0
p3511_orig|train|0
p3511_mut|val|0
p3512_orig|val|0
p3512_mut|train|0
p3513_orig|test|0
p3513_mut|train|0
p3514_orig|train|0
p3514_mut|val|0
p3515_orig|val|0
p3515_mut|test|0
p3516_orig|train|0
p3516_mut|test|0
p3517_orig|train|0
p3517_mut|val|0
p3518_orig|train|0
p3518_mut|test|0
p3519_orig|test|0
p3519_mut|val|0
p3520_orig|train|0
p3520_mut|val|0
p3521_orig|train|0
p3521_mut|test|0
p3522_orig|val|0
p3522_mut|val|0
p3523_orig|test|0
p3523_mut|test|0
p3524_orig|train|0
p3524_mut|train|0
p3525_orig|test|0
p3525_mut|test|0
p3526_orig|val|0
p3526_mut|val|0
p3527_orig|train|0
p3527_mut|test|0
p3528_orig|val|0
p3528_mut|test|0
p3529_orig|test|0
p3529_mut|test|0
p3530_orig|train|0
p3530_mut|test|0
p3531_orig|val|0
p3531_mut|val|0
p3532_orig|train|0
p3532_mut|train|0
p3533_orig|val|0
p3533_mut|test|0
p3534_orig|val|0
p3534_mut|train|0
p3535_orig|val|0
p3535_mut|val|0
p3536_orig|train|0
p3536_mut|train|0
p3537_orig|val|0
p3537_mut|test|0
p3538_orig|train|0
p3538_mut|test|0
p3539_orig|test|0
p3539_mut|train|0
p3540_orig|val|0
p3540_mut|train|0
p3541_orig|train|0
p3541_mut|test|0
p3542_orig|val|0
p3542_mut|val|0
p3543_orig|train|0
p3543_mut|test|0
p3544_orig|test|0
p3544_mut|val|0
p3545_orig|train|0
p3545_mut|test|0
p3546_orig|val|0
p3546_mut|test|0
p3547_orig|val|0
p3547_mut|val|0
p3548_orig|val|0
p3548_mut|train|0
p3549_orig|train|0
p3549_mut|test|0
p3550_orig|train|0
p3550_mut|train|0
p3551_orig|val|0
p3551_mut|train|0
p3552_orig|test|0
p3552_mut|test|0
p3553_orig|test|0
p3553_mut|val|0
p3554_orig|train|0
p3554_mut|train|0
p3555_orig|test|0
p3555_mut|val|0
p3556_orig|test|0
p3556_mut|train|0
p3557_orig|train|0
p3557_mut|train|0
p3558_orig|val|0
p3558_mut|test|0
p3559_orig|test|0
p3559_mut|test|0
p3560_orig|train|0
p3560_mut|test|0
p3561_orig|val|0
p3561_mut|val|0
p3562_orig|test|0
p3562_mut|val|0
p3563_orig|train|0
p3563_mut|train|0
p3564_orig|train|0
p3564_mut|val|0
p3565_orig|val|0
p3565_mut|test|0
p3566_orig|train|0
p3566_mut|train|0
p3567_orig|train|0
p3567_mut|val|0
p3568_orig|val|0
p3568_mut|train|0
p3569_orig|test|0
p3569_mut|val|0
p3570_orig|val|0
p3570_mut|train|0
p3571_orig|val|0
p3571_mut|test|0
p3572_orig|train|0
p3572_mut|val|0
p3573_orig|val|0
p3573_mut|test|0
p3574_orig|train|0
p3574_mut|train|0
p3575_orig|test|0
p3575_mut|val|0
p3576_orig|test|0
p3576_mut|val|0
p3577_orig|val|0
p3577_mut|val|0
p3578_orig|train|0
p3578_mut|val|0
p3579_orig|train|0
p3579_mut|test|0
p3580_orig|val|0
p3580_mut|train|0
p3581_orig|test|0
p3581_mut|test|0
p3582_orig|train|0
p3582_mut|val|0
p3583_orig|val|0
p3583_mut|test|0
p3584_orig|train|0
p3584_mut|test|0
p3585_orig|train|0
p3585_mut|train|0
p3586_orig|train|0
p3586_mut|test|0
p3587_orig|train|0
p3587_mut|test|0
p3588_orig|test|0
p3588_mut|val|0
p3589_orig|val|0
p3589_mut|test|0
p3590_orig|test|0
p3590_mut|train|0
p3591_orig|val|0
p3591_mut|train|0
p3592_orig|test|0
p3592_mut|train|0
p3593_orig|test|0
p3593_mut|train|0
p3594_orig|train|0
p3594_mut|val|0
p3595_orig|val|0
p3595_mut|val|0
p3596_orig|val|0
p3596_mut|test|0
p3597_orig|test|0
p3597_mut|val|0
p3598_orig|test|0
p3598_mut|test|0
p3599_orig|train|0
p3599_mut|test|0
p3600_orig|val|0
p3600_mut|test|0
p3601_orig|test|0
p3601_mut|val|0
p3602_orig|test|0
p3602_mut|val|0
p3603_orig|val|0
p3603_mut|val|0
p3604_orig|test|0
p3604_mut|val|0
p3605_orig|test|0
p3605_mut|val|0
p3606_orig|val|0
p3606_mut|train|0
p3607_orig|train|0
p3607_mut|test|0
p3608_orig|test|0
p3608_mut|val|0
p3609_orig|train|0
p3609_mut|test|0
p3610_orig|test|0
p3610_mut|val|0
p3611_orig|test|0
p3611_mut|train|0
p3612_orig|test|0
p3612_mut|test|0
p3613_orig|val|0
p3613_mut|train|0
p3614_orig|train|0
p3614_mut|test|0
p3615_orig|test|0
p3615_mut|train|0
p3616_orig|test|0
p3616_mut|train|0
p3617_orig|train|0
p3617_mut|test|0
p3618_orig|test|0
p3618_mut|train|0
p3619_orig|train|0
p3619_mut|test|0
p3620_orig|val|0
p3620_mut|test|0
p3621_orig|train|0
p3621_mut|val|0
p3622_orig|val|0
p3622_mut|train|0
p3623_orig|test|0
p3623_mut|test|0
p3624_orig|train|0
p3624_mut|test|0
p3625_orig|val|0
p3625_mut|test|0
p3626_orig|test|0
p3626_mut|test|0
p3627_orig|test|0
p3627_mut|train|0
p3628_orig|val|0
p3628_mut|train|0
p3629_orig|val|0
p3629_mut|train|0
p3630_orig|train|0
p3630_mut|val|0
p3631_orig|test|0
p3631_mut|train|0
p3632_orig|train|0
p3632_mut|test|0
p3633_orig|val|0
p3633_mut|val|0
p3634_orig|test|0
p3634_mut|train|0
p3635_orig|train|0
p3635_mut|test|0
p3636_orig|test|0
p3636_mut|train|0
p3637_orig|train|0
p3637_mut|test|0
p3638_orig|train|0
p3638_mut|val|0
p3639_orig|val|0
p3639_mut|val|0
p3640_orig|val|0
p3640_mut|train|0
p3641_orig|val|0
p3641_mut|train|0
p3642_orig|test|0
p3642_mut|val|0
p3643_orig|test|0
p3643_mut|train|0
p3644_orig|val|0
p3644_mut|train|0
p3645_orig|test|0
p3645_mut|val|0
p3646_orig|test|0
p3646_mut|test|0
p3647_orig|test|0
p3647_mut|train|0
p3648_orig|val|0
p3648_mut|test|0
p3649_orig|test|0
p3649_mut|val|0
p3650_orig|train|0
p3650_mut|train|0
p3651_orig|val|0
p3651_mut|train|0
p3652_orig|test|0
p3652_mut|val|0
p3653_orig|train|0
p3653_mut|train|0
p3654_orig|train|0
p3654_mut|test|0
p3655_orig|val|0
p3655_mut|train|0
p3656_orig|train|0
p3656_mut|val|0
p3657_orig|val|0
p3657_mut|val|0
p3658_orig|val|0
p3658_mut|val|0
p3659_orig|test|0
p3659_mut|val|0
p3660_orig|test|0
p3660_mut|train|0
p3661_orig|train|0
p3661_mut|train|0
p3662_orig|val|0
p3662_mut|train|0
p3663_orig|train|0
p3663_mut|train|0
p3664_orig|train|0
p3664_mut|train|0
p3665_orig|val|0
p3665_mut|train|0
p3666_orig|train|0
p3666_mut|test|0
p3667_orig|train|0
p3667_mut|val|0
p3668_orig|train|0
p3668_mut|val|0
p3669_orig|test|0
p3669_mut|val|0
p3670_orig|train|0
p3670_mut|val|0
p3671_orig|val|0
p3671_mut|train|0
p3672_orig|train|0
p3672_mut|test|0
p3673_orig|train|0
p3673_mut|val|0
p3674_orig|val|0
p3674_mut|train|0
p3675_orig|train|0
p3675_mut|test|0
p3676_orig|train|0
p3676_mut|val|0
p3677_orig|val|0
p3677_mut|test|0
p3678_orig|test|0
p3678_mut|train|0
p3679_orig|test|0
p3679_mut|test|0
p3680_orig|train|0
p3680_mut|val|0
p3681_orig|val|0
p3681_mut|train|0
p3682_orig|val|0
p3682_mut|val|0
p3683_orig|val|0
p3683_mut|val|0
p3684_orig|val|0
p3684_mut|test|0
p3685_orig|val|0
p3685_mut|val|0
p3686_orig|test|0
p3686_mut|val|0
p3687_orig|val|0
p3687_mut|train|0
p3688_orig|train|0
p3688_mut|test|0
p3689_orig|test|0
p3689_mut|val|0
p3690_orig|val|0
p3690_mut|train|0
p3691_orig|test|0
p3691_mut|train|0
p3692_orig|train|0
p3692_mut|val|0
p3693_orig|val|0
p3693_mut|train|0
p3694_orig|val|0
p3694_mut|val|0
p3695_orig|val|0
p3695_mut|val|0
p3696_orig|test|0
p3696_mut|test|0
p3697_orig|train|0
p3697_mut|val|0
p3698_orig|train|0
p3698_mut|val|0
p3699_orig|test|0
p3699_mut|train|0
p3700_orig|test|0
p3700_mut|test|0
p3701_orig|train|0
p3701_mut|train|0
p3702_orig|test|0
p3702_mut|train|0
p3703_orig|train|0
p3703_mut|test|0
p3704_orig|test|0
p3704_mut|val|0
p3705_orig|val|0
p3705_mut|train|0
p3706_orig|val|0
p3706_mut|val|0
p3707_orig|test|0
p3707_mut|val|0
p3708_orig|val|0
p3708_mut|val|0
p3709_orig|val|0
p3709_mut|val|0
p3710_orig|train|0
p3710_mut|test|0
p3711_orig|test|0
p3711_mut|train|0
p3712_orig|train|0
p3712_mut|test|0
p3713_orig|test|0
p3713_mut|val|0
p3714_orig|test|0
p3714_mut|val|0
p3715_orig|train|0
p3715_mut|val|0
p3716_orig|test|0
p3716_mut|test|0
p3717_orig|test|0
p3717_mut|train|0
p3718_orig|train|0
p3718_mut|train|0
p3719_orig|train|0
p3719_mut|test|0
p3720_orig|test|0
p3720_mut|train|0
p3721_orig|val|0
p3721_mut|val|0
p3722_orig|val|0
p3722_mut|val|0
p3723_orig|val|0
p3723_mut|train|0
p3724_orig|train|0
p3724_mut|val|0
p3725_orig|train|0
p3725_mut|train|0
p3726_orig|test|0
p3726_mut|test|0
p3727_orig|val|0
p3727_mut|test|0
p3728_orig|val|0
p3728_mut|train|0
p3729_orig|val|0
p3729_mut|train|0
p3730_orig|train|0
p3730_mut|test|0
p3731_orig|val|0
p3731_mut|val|0
p3732_orig|test|0
p3732_mut|train|0
p3733_orig|train|0
p3733_mut|val|0
p3734_orig|val|0
p3734_mut|test|0
p3735_orig|val|0
p3735_mut|train|0
p3736_orig|test|0
p3736_mut|test|0
p3737_orig|train|0
p3737_mut|train|0
p3738_orig|test|0
p3738_mut|test|0
p3739_orig|train|0
p3739_mut|val|0
p3740_orig|test|0
p3740_mut|test|0
p3741_orig|train|0
p3741_mut|val|0
p3742_orig|val|0
p3742_mut|train|0
p3743_orig|test|0
p3743_mut|train|0
p3744_orig|train|0
p3744_mut|val|0
p3745_orig|train|0
p3745_mut|test|0
p3746_orig|test|0
p3746_mut|test|0
p3747_orig|train|0
p3747_mut|test|0
p3748_orig|test|0
p3748_mut|val|0
p3749_orig|test|0
p3749_mut|train|0
p3750_orig|train|0
p3750_mut|val|0
p3751_orig|train|0
p3751_mut|val|0
p3752_orig|train|0
p3752_mut|train|0
p3753_orig|test|0
p3753_mut|test|0
p3754_orig|test|0
p3754_mut|test|0
p3755_orig|val|0
p3755_mut|test|0
p3756_orig|val|0
p3756_mut|train|0
p3757_orig|test|0
p3757_mut|train|0
p3758_orig|train|0
p3758_mut|train|0
p3759_orig|test|0
p3759_mut|test|0
p3760_orig|train|0
p3760_mut|test|0
p3761_orig|val|0
p3761_mut|test|0
p3762_orig|train|0
p3762_mut|test|0
p3763_orig|val|0
p3763_mut|train|0
p3764_orig|train|0
p3764_mut|train|0
p3765_orig|val|0
p3765_mut|train|0
p3766_orig|train|0
p3766_mut|val|0
p3767_orig|train|0
p3767_mut|val|0
p3768_orig|val|0
p3768_mut|test|0
p3769_orig|train|0
p3769_mut|test|0
p3770_orig|val|0
p3770_mut|val|0
p3771_orig|test|0
p3771_mut|val|0
p3772_orig|val|0
p3772_mut|test|0
p3773_orig|val|0
p3773_mut|train|0
p3774_orig|train|0
p3774_mut|train|0
p3775_orig|val|0
p3775_mut|test|0
p3776_orig|val|0
p3776_mut|train|0
p3777_orig|train|0
p3777_mut|test|0
p3778_orig|test|0
p3778_mut|test|0
p3779_orig|test|0
p3779_mut|test|0
p3780_orig|val|0
p3780_mut|val|0
p3781_orig|train|0
p3781_mut|train|0
p3782_orig|test|0
p3782_mut|val|0
p3783_orig|train|0
p3783_mut|test|0
p3784_orig|val|0
p3784_mut|test|0
p3785_orig|test|0
p3785_mut|train|0
p3786_orig|val|0
p3786_mut|val|0
p3787_orig|train|0
p3787_mut|train|0
p3788_orig|test|0
p3788_mut|train|0
p3789_orig|test|0
p3789_mut|test|0
p3790_orig|train|0
p3790_mut|test|0
p3791_orig|train|0
p3791_mut|train|0
p3792_orig|val|0
p3792_mut|test|0
p3793_orig|test|0
p3793_mut|val|0
p3794_orig|val|0
p3794_mut|val|0
p3795_orig|val|0
p3795_mut|train|0
p3796_orig|val|0
p3796_mut|train|0
p3797_orig|val|0
p3797_mut|val|0
p3798_orig|train|0
p3798_mut|train|0
p3799_orig|val|0
p3799_mut|train|0
p3800_orig|val|0
p3800_mut|test|0
p3801_orig|test|0
p3801_mut|test|0
p3802_orig|test|0
p3802_mut|val|0
p3803_orig|test|0
p3803_mut|test|0
p3804_orig|train|0
p3804_mut|val|0
p3805_orig|test|0
p3805_mut|test|0
p3806_orig|train|0
p3806_mut|train|0
p3807_orig|test|0
p3807_mut|train|0
p3808_orig|val|0
p3808_mut|val|0
p3809_orig|val|0
p3809_mut|val|0
p3810_orig|test|0
p3810_mut|test|0
p3811_orig|val|0
p3811_mut|test|0
p3812_orig|val|0
p3812_mut|val|0
p3813_orig|val|0
p3813_mut|train|0
p3814_orig|val|0
p3814_mut|val|0
p3815_orig|train|0
p3815_mut|train|0
p3816_orig|val|0
p3816_mut|train|0
p3817_orig|train|0
p3817_mut|val|0
p3818_orig|train|0
p3818_mut|train|0
p3819_orig|val|0
p3819_mut|train|0
p3820_orig|train|0
p3820_mut|train|0
p3821_orig|test|0
p3821_mut|train|0
p3822_orig|train|0
p3822_mut|train|0
p3823_orig|train|0
p3823_mut|val|0
p3824_orig|val|0
p3824_mut|test|0
p3825_orig|val|0
p3825_mut|train|0
p3826_orig|test|0
p3826_mut|test|0
p3827_orig|val|0
p3827_mut|train|0
p3828_orig|val|0
p3828_mut|train|0
p3829_orig|test|0
p3829_mut|val|0
p3830_orig|train|0
p3830_mut|val|0
p3831_orig|val|0
p3831_mut|val|0
p3832_orig|test|0
p3832_mut|test|0
p3833_orig|test|0
p3833_mut|test|0
p3834_orig|test|0
p3834_mut|val|0
p3835_orig|train|0
p3835_mut|train|0
p3836_orig|val|0
p3836_mut|test|0
p3837_orig|val|0
p3837_mut|train|0
p3838_orig|val|0
p3838_mut|test|0
p3839_orig|val|0
p3839_mut|val|0
p3840_orig|test|0
p3840_mut|train|0
p3841_orig|val|0
p3841_mut|val|0
p3842_orig|test|0
p3842_mut|train|0
p3843_orig|train|0
p3843_mut|val|0
p3844_orig|train|0
p3844_mut|val|0
p3845_orig|test|0
p3845_mut|train|0
p3846_orig|val|0
p3846_mut|val|0
p3847_orig|val|0
p3847_mut|val|0
p3848_orig|train|0
p3848_mut|val|0
p3849_orig|test|0
p3849_mut|train|0
p3850_orig|train|0
p3850_mut|train|0
p3851_orig|val|0
p3851_mut|val|0
p3852_orig|train|0
p3852_mut|val|0
p3853_orig|test|0
p3853_mut|val|0
p3854_orig|val|0
p3854_mut|train|0
p3855_orig|val|0
p3855_mut|val|0
p3856_orig|train|0
p3856_mut|train|0
p3857_orig|val|0
p3857_mut|test|0
p3858_orig|val|0
p3858_mut|train|0
p3859_orig|test|0
p3859_mut|train|0
p3860_orig|train|0
p3860_mut|test|0
p3861_orig|val|0
p3861_mut|test|0
p3862_orig|val|0
p3862_mut|test|0
p3863_orig|train|0
p3863_mut|train|0
p3864_orig|test|0
p3864_mut|train|0
p3865_orig|test|0
p3865_mut|train|0
p3866_orig|test|0
p3866_mut|test|0
p3867_orig|val|0
p3867_mut|val|0
p3868_orig|test|0
p3868_mut|train|0
p3869_orig|test|0
p3869_mut|train|0
p3870_orig|train|0
p3870_mut|train|0
p3871_orig|train|0
p3871_mut|val|0
p3872_orig|test|0
p3872_mut|test|0
p3873_orig|val|0
p3873_mut|test|0
p3874_orig|val|0
p3874_mut|train|0
p3875_orig|train|0
p3875_mut|val|0
p3876_orig|val|0
p3876_mut|train|0
p3877_orig|test|0
p3877_mut|train|0
p3878_orig|test|0
p3878_mut|val|0
p3879_orig|test|0
p3879_mut|train|0
p3880_orig|val|0
p3880_mut|train|0
p3881_orig|train|0
p3881_mut|val|0
p3882_orig|train|0
p3882_mut|train|0
p3883_orig|test|0
p3883_mut|val|0
p3884_orig|val|0
p3884_mut|train|0
p3885_orig|test|0
p3885_mut|train|0
p3886_orig|test|0
p3886_mut|test|0
p3887_orig|train|0
p3887_mut|test|0
p3888_orig|train|0
p3888_mut|test|0
p3889_orig|val|0
p3889_mut|train|0
p3890_orig|train|0
p3890_mut|test|0
p3891_orig|train|0
p3891_mut|val|0
p3892_orig|train|0
p3892_mut|test|0
p3893_orig|train|0
p3893_mut|val|0
p3894_orig|train|0
p3894_mut|val|0
p3895_orig|train|0
p3895_mut|test|0
p3896_orig|test|0
p3896_mut|val|0
p3897_orig|val|0
p3897_mut|test|0
p3898_orig|test|0
p3898_mut|train|0
p3899_orig|test|0
p3899_mut|train|0
p3900_orig|test|0
p3900_mut|train|0
p3901_orig|train|0
p3901_mut|train|0
p3902_orig|test|0
p3902_mut|train|0
p3903_orig|train|0
p3903_mut|val|0
p3904_orig|val|0
p3904_mut|train|0
p3905_orig|val|0
p3905_mut|test|0
p3906_orig|train|0
p3906_mut|val|0
p3907_orig|test|0
p3907_mut|train|0
p3908_orig|train|0
p3908_mut|val|0
p3909_orig|train|0
p3909_mut|val|0
p3910_orig|test|0
p3910_mut|test|0
p3911_orig|train|0
p3911_mut|train|0
p3912_orig|test|0
p3912_mut|val|0
p3913_orig|train|0
p3913_mut|val|0
p3914_orig|train|0
p3914_mut|val|0
p3915_orig|val|0
p3915_mut|val|0
p3916_orig|train|0
p3916_mut|train|0
p3917_orig|val|0
p3917_mut|test|0
p3918_orig|val|0
p3918_mut|train|0
p3919_orig|test|0
p3919_mut|test|0
p3920_orig|train|0
p3920_mut|test|0
p3921_orig|train|0
p3921_mut|train|0
p3922_orig|val|0
p3922_mut|val|0
p3923_orig|val|0
p3923_mut|test|0
p3924_orig|train|0
p3924_mut|test|0
p3925_orig|test|0
p3925_mut|val|0
p3926_orig|test|0
p3926_mut|test|0
p3927_orig|train|0
p3927_mut|train|0
p3928_orig|test|0
p3928_mut|test|0
p3929_orig|val|0
p3929_mut|train|0
p3930_orig|test|0
p3930_mut|train|0
p3931_orig|train|0
p3931_mut|test|0
p3932_orig|train|0
p3932_mut|train|0
p3933_orig|train|0
p3933_mut|train|0
p3934_orig|train|0
p3934_mut|val|0
p3935_orig|test|0
p3935_mut|test|0
p3936_orig|test|0
p3936_mut|train|0
p3937_orig|val|0
p3937_mut|train|0
p3938_orig|val|0
p3938_mut|val|0
p3939_orig|test|0
p3939_mut|test|0
p3940_orig|train|0
p3940_mut|test|0
p3941_orig|test|0
p3941_mut|test|0
p3942_orig|test|0
p3942_mut|test|0
p3943_orig|val|0
p3943_mut|train|0
p3944_orig|test|0
p3944_mut|val|0
p3945_orig|test|0
p3945_mut|train|0
p3946_orig|train|0
p3946_mut|test|0
p3947_orig|val|0
p3947_mut|train|0
p3948_orig|val|0
p3948_mut|train|0
p3949_orig|test|0
p3949_mut|train|0
p3950_orig|train|0
p3950_mut|val|0
p3951_orig|test|0
p3951_mut|train|0
p3952_orig|train|0
p3952_mut|val|0
p3953_orig|train|0
p3953_mut|test|0
p3954_orig|val|0
p3954_mut|test|0
p3955_orig|val|0
p3955_mut|test|0
p3956_orig|test|0
p3956_mut|val|0
p3957_orig|train|0
p3957_mut|train|0
p3958_orig|train|0
p3958_mut|val|0
p3959_orig|test|0
p3959_mut|test|0
p3960_orig|val|0
p3960_mut|val|0
p3961_orig|test|0
p3961_mut|train|0
p3962_orig|val|0
p3962_mut|val|0
p3963_orig|val|0
p3963_mut|train|0
p3964_orig|train|0
p3964_mut|test|0
p3965_orig|train|0
p3965_mut|train|0
p3966_orig|test|0
p3966_mut|train|0
p3967_orig|test|0
p3967_mut|test|0
p3968_orig|train|0
p3968_mut|val|0
p3969_orig|val|0
p3969_mut|val|0
p3970_orig|val|0
p3970_mut|test|0
p3971_orig|train|0
p3971_mut|test|0
p3972_orig|test|0
p3972_mut|train|0
p3973_orig|test|0
p3973_mut|test|0
p3974_orig|test|0
p3974_mut|val|0
p3975_orig|test|0
p3975_mut|train|0
p3976_orig|test|0
p3976_mut|train|0
p3977_orig|val|0
p3977_mut|train|0
p3978_orig|test|0
p3978_mut|train|0
p3979_orig|train|0
p3979_mut|train|0
p3980_orig|train|0
p3980_mut|val|0
p3981_orig|val|0
p3981_mut|val|0
p3982_orig|val|0
p3982_mut|train|0
p3983_orig|val|0
p3983_mut|test|0
p3984_orig|test|0
p3984_mut|train|0
p3985_orig|train|0
p3985_mut|val|0
p3986_orig|val|0
p3986_mut|train|0
p3987_orig|train|0
p3987_mut|val|0
p3988_orig|train|0
p3988_mut|train|0
p3989_orig|test|0
p3989_mut|train|0
p3990_orig|test|0
p3990_mut|train|0
p3991_orig|val|0
p3991_mut|test|0
p3992_orig|val|0
p3992_mut|test|0
p3993_orig|test|0
p3993_mut|train|0
p3994_orig|train|0
p3994_mut|val|0
p3995_orig|train|0
p3995_mut|val|0
p3996_orig|test|0
p3996_mut|val|0
p3997_orig|test|0
p3997_mut|val|0
p3998_orig|val|0
p3998_mut|test|0
p3999_orig|train|0
p3999_mut|val|0
p4000_orig|zsv|zsv
p4000_mut|zsv|zsv
p4001_orig|zsv|zsv
p4001_mut|zsv|zsv
p4002_orig|zsv|zsv
p4002_mut|zsv|zsv
p4003_orig|zsv|zsv
p4003_mut|zsv|zsv
p4004_orig|zsv|zsv
p4004_mut|zsv|zsv
p4005_orig|zsv|zsv
p4005_mut|zsv|zsv
p4006_orig|zsv|zsv
p4006_mut|zsv|zsv
p4007_orig|zsv|zsv
p4007_mut|zsv|zsv
p4008_orig|zsv|zsv
p4008_mut|zsv|zsv
p4009_orig|zsv|zsv
p4009_mut|zsv|zsv
p4010_orig|zsv|zsv
p4010_mut|zsv|zsv
p4011_orig|zsv|zsv
p4011_mut|zsv|zsv
p4012_orig|zsv|zsv
p4012_mut|zsv|zsv
p4013_orig|zsv|zsv
p4013_mut|zsv|zsv
p4014_orig|zsv|zsv
p4014_mut|zsv|zsv
p4015_orig|zsv|zsv
p4015_mut|zsv|zsv
p4016_orig|zsv|zsv
p4016_mut|zsv|zsv
p4017_orig|zsv|zsv
p4017_mut|zsv|zsv
p4018_orig|zsv|zsv
p4018_mut|zsv|zsv
p4019_orig|zsv|zsv
p4019_mut|zsv|zsv
p4020_orig|zsv|zsv
p4020_mut|zsv|zsv
p4021_orig|zsv|zsv
p4021_mut|zsv|zsv
p4022_orig|zsv|zsv
p4022_mut|zsv|zsv
p4023_orig|zsv|zsv
p4023_mut|zsv|zsv
p4024_orig|zsv|zsv
p4024_mut|zsv|zsv
p4025_orig|zsv|zsv
p4025_mut|zsv|zsv
p4026_orig|zsv|zsv
p4026_mut|zsv|zsv
p4027_orig|zsv|zsv
p4027_mut|zsv|zsv
p4028_orig|zsv|zsv
p4028_mut|zsv|zsv
p4029_orig|zsv|zsv
p4029_mut|zsv|zsv
p4030_orig|zsv|zsv
p4030_mut|zsv|zsv
p4031_orig|zsv|zsv
p4031_mut|zsv|zsv
p4032_orig|zsv|zsv
p4032_mut|zsv|zsv
p4033_orig|zsv|zsv
p4033_mut|zsv|zsv
p4034_orig|zsv|zsv
p4034_mut|zsv|zsv
p4035_orig|zsv|zsv
p4035_mut|zsv|zsv
p4036_orig|zsv|zsv
p4036_mut|zsv|zsv
p4037_orig|zsv|zsv
p4037_mut|zsv|zsv
p4038_orig|zsv|zsv
p4038_mut|zsv|zsv
p4039_orig|zsv|zsv
p4039_mut|zsv|zsv
p4040_orig|zsv|zsv
p4040_mut|zsv|zsv
p4041_orig|zsv|zsv
p4041_mut|zsv|zsv
p4042_orig|zsv|zsv
p4042_mut|zsv|zsv
p4043_orig|zsv|zsv
p4043_mut|zsv|zsv
p4044_orig|zsv|zsv
p4044_mut|zsv|zsv
p4045_orig|zsv|zsv
p4045_mut|zsv|zsv
p4046_orig|zsv|zsv
p4046_mut|zsv|zsv
p4047_orig|zsv|zsv
p4047_mut|zsv|zsv
p4048_orig|zsv|zsv
p4048_mut|zsv|zsv
p4049_orig|zsv|zsv
p4049_mut|zsv|zsv
p4050_orig|zsv|zsv
p4050_mut|zsv|zsv
p4051_orig|zsv|zsv
p4051_mut|zsv|zsv
p4052_orig|zsv|zsv
p4052_mut|zsv|zsv
p4053_orig|zsv|zsv
p4053_mut|zsv|zsv
p4054_orig|zsv|zsv
p4054_mut|zsv|zsv
p4055_orig|zsv|zsv
p4055_mut|zsv|zsv
p4056_orig|zsv|zsv
p4056_mut|zsv|zsv
p4057_orig|zsv|zsv
p4057_mut|zsv|zsv
p4058_orig|zsv|zsv
p4058_mut|zsv|zsv
p4059_orig|zsv|zsv
p4059_mut|zsv|zsv
p4060_orig|zsv|zsv
p4060_mut|zsv|zsv
p4061_orig|zsv|zsv
p4061_mut|zsv|zsv
p4062_orig|zsv|zsv
p4062_mut|zsv|zsv
p4063_orig|zsv|zsv
p4063_mut|zsv|zsv
p4064_orig|zsv|zsv
p4064_mut|zsv|zsv
p4065_orig|zsv|zsv
p4065_mut|zsv|zsv
p4066_orig|zsv|zsv
p4066_mut|zsv|zsv
p4067_orig|zsv|zsv
p4067_mut|zsv|zsv
p4068_orig|zsv|zsv
p4068_mut|zsv|zsv
p4069_orig|zsv|zsv
p4069_mut|zsv|zsv
p4070_orig|zsv|zsv
p4070_mut|zsv|zsv
p4071_orig|zsv|zsv
p4071_mut|zsv|zsv
p4072_orig|zsv|zsv
p4072_mut|zsv|zsv
p4073_orig|zsv|zsv
p4073_mut|zsv|zsv
p4074_orig|zsv|zsv
p4074_mut|zsv|zsv
p4075_orig|zsv|zsv
p4075_mut|zsv|zsv
p4076_orig|zsv|zsv
p4076_mut|zsv|zsv
p4077_orig|zsv|zsv
p4077_mut|zsv|zsv
p4078_orig|zsv|zsv
p4078_mut|zsv|zsv
p4079_orig|zsv|zsv
p4079_mut|zsv|zsv
p4080_orig|zsv|zsv
p4080_mut|zsv|zsv
p4081_orig|zsv|zsv
p4081_mut|zsv|zsv
p4082_orig|zsv|zsv
p4082_mut|zsv|zsv
p4083_orig|zsv|zsv
p4083_mut|zsv|zsv
p4084_orig|zsv|zsv
p4084_mut|zsv|zsv
p4085_orig|zsv|zsv
p4085_mut|zsv|zsv
p4086_orig|zsv|zsv
p4086_mut|zsv|zsv
p4087_orig|zsv|zsv
p4087_mut|zsv|zsv
p4088_orig|zsv|zsv
p4088_mut|zsv|zsv
p4089_orig|zsv|zsv
p4089_mut|zsv|zsv
p4090_orig|zsv|zsv
p4090_mut|zsv|zsv
p4091_orig|zsv|zsv
p4091_mut|zsv|zsv
p4092_orig|zsv|zsv
p4092_mut|zsv|zsv
p4093_orig|zsv|zsv
p4093_mut|zsv|zsv
p4094_orig|zsv|zsv
p4094_mut|zsv|zsv
p4095_orig|zsv|zsv
p4095_mut|zsv|zsv
p4096_orig|zsv|zsv
p4096_mut|zsv|zsv
p4097_orig|zsv|zsv
p4097_mut|zsv|zsv
p4098_orig|zsv|zsv
p4098_mut|zsv|zsv
p4099_orig|zsv|zsv
p4099_mut|zsv|zsv
p4100_orig|zsv|zsv
p4100_mut|zsv|zsv
p4101_orig|zsv|zsv
p4101_mut|zsv|zsv
p4102_orig|zsv|zsv
p4102_mut|zsv|zsv
p4103_orig|zsv|zsv
p4103_mut|zsv|zsv
p4104_orig|zsv|zsv
p4104_mut|zsv|zsv
p4105_orig|zsv|zsv
p4105_mut|zsv|zsv
p4106_orig|zsv|zsv
p4106_mut|zsv|zsv
p4107_orig|zsv|zsv
p4107_mut|zsv|zsv
p4108_orig|zsv|zsv
p4108_mut|zsv|zsv
p4109_orig|zsv|zsv
p4109_mut|zsv|zsv
p4110_orig|zsv|zsv
p4110_mut|zsv|zsv
p4111_orig|zsv|zsv
p4111_mut|zsv|zsv
p4112_orig|zsv|zsv
p4112_mut|zsv|zsv
p4113_orig|zsv|zsv
p4113_mut|zsv|zsv
p4114_orig|zsv|zsv
p4114_mut|zsv|zsv
p4115_orig|zsv|zsv
p4115_mut|zsv|zsv
p4116_orig|zsv|zsv
p4116_mut|zsv|zsv
p4117_orig|zsv|zsv
p4117_mut|zsv|zsv
p4118_orig|zsv|zsv
p4118_mut|zsv|zsv
p4119_orig|zsv|zsv
p4119_mut|zsv|zsv
p4120_orig|zsv|zsv
p4120_mut|zsv|zsv
p4121_orig|zsv|zsv
p4121_mut|zsv|zsv
p4122_orig|zsv|zsv
p4122_mut|zsv|zsv
p4123_orig|zsv|zsv
p4123_mut|zsv|zsv
p4124_orig|zsv|zsv
p4124_mut|zsv|zsv
p4125_orig|zsv|zsv
p4125_mut|zsv|zsv
p4126_orig|zsv|zsv
p4126_mut|zsv|zsv
p4127_orig|zsv|zsv
p4127_mut|zsv|zsv
p4128_orig|zsv|zsv
p4128_mut|zsv|zsv
p4129_orig|zsv|zsv
p4129_mut|zsv|zsv
p4130_orig|zsv|zsv
p4130_mut|zsv|zsv
p4131_orig|zsv|zsv
p4131_mut|zsv|zsv
p4132_orig|zsv|zsv
p4132_mut|zsv|zsv
p4133_orig|zsv|zsv
p4133_mut|zsv|zsv
p4134_orig|zsv|zsv
p4134_mut|zsv|zsv
p4135_orig|zsv|zsv
p4135_mut|zsv|zsv
p4136_orig|zsv|zsv
p4136_mut|zsv|zsv
p4137_orig|zsv|zsv
p4137_mut|zsv|zsv
p4138_orig|zsv|zsv
p4138_mut|zsv|zsv
p4139_orig|zsv|zsv
p4139_mut|zsv|zsv
p4140_orig|zsv|zsv
p4140_mut|zsv|zsv
p4141_orig|zsv|zsv
p4141_mut|zsv|zsv
p4142_orig|zsv|zsv
p4142_mut|zsv|zsv
p4143_orig|zsv|zsv
p4143_mut|zsv|zsv
p4144_orig|zsv|zsv
p4144_mut|zsv|zsv
p4145_orig|zsv|zsv
p4145_mut|zsv|zsv
p4146_orig|zsv|zsv
p4146_mut|zsv|zsv
p4147_orig|zsv|zsv
p4147_mut|zsv|zsv
p4148_orig|zsv|zsv
p4148_mut|zsv|zsv
p4149_orig|zsv|zsv
p4149_mut|zsv|zsv
p4150_orig|zsv|zsv
p4150_mut|zsv|zsv
p4151_orig|zsv|zsv
p4151_mut|zsv|zsv
p4152_orig|zsv|zsv
p4152_mut|zsv|zsv
p4153_orig|zsv|zsv
p4153_mut|zsv|zsv
p4154_orig|zsv|zsv
p4154_mut|zsv|zsv
p4155_orig|zsv|zsv
p4155_mut|zsv|zsv
p4156_orig|zsv|zsv
p4156_mut|zsv|zsv
p4157_orig|zsv|zsv
p4157_mut|zsv|zsv
p4158_orig|zsv|zsv
p4158_mut|zsv|zsv
p4159_orig|zsv|zsv
p4159_mut|zsv|zsv
p4160_orig|zsv|zsv
p4160_mut|zsv|zsv
p4161_orig|zsv|zsv
p4161_mut|zsv|zsv
p4162_orig|zsv|zsv
p4162_mut|zsv|zsv
p4163_orig|zsv|zsv
p4163_mut|zsv|zsv
p4164_orig|zsv|zsv
p4164_mut|zsv|zsv
p4165_orig|zsv|zsv
p4165_mut|zsv|zsv
p4166_orig|zsv|zsv
p4166_mut|zsv|zsv
p4167_orig|zsv|zsv
p4167_mut|zsv|zsv
p4168_orig|zsv|zsv
p4168_mut|zsv|zsv
p4169_orig|zsv|zsv
p4169_mut|zsv|zsv
p4170_orig|zsv|zsv
p4170_mut|zsv|zsv
p4171_orig|zsv|zsv
p4171_mut|zsv|zsv
p4172_orig|zsv|zsv
p4172_mut|zsv|zsv
p4173_orig|zsv|zsv
p4173_mut|zsv|zsv
p4174_orig|zsv|zsv
p4174_mut|zsv|zsv
p4175_orig|zsv|zsv
p4175_mut|zsv|zsv
p4176_orig|zsv|zsv
p4176_mut|zsv|zsv
p4177_orig|zsv|zsv
p4177_mut|zsv|zsv
p4178_orig|zsv|zsv
p4178_mut|zsv|zsv
p4179_orig|zsv|zsv
p4179_mut|zsv|zsv
p4180_orig|zsv|zsv
p4180_mut|zsv|zsv
p4181_orig|zsv|zsv
p4181_mut|zsv|zsv
p4182_orig|zsv|zsv
p4182_mut|zsv|zsv
p4183_orig|zsv|zsv
p4183_mut|zsv|zsv
p4184_orig|zsv|zsv
p4184_mut|zsv|zsv
p4185_orig|zsv|zsv
p4185_mut|zsv|zsv
p4186_orig|zsv|zsv
p4186_mut|zsv|zsv
p4187_orig|zsv|zsv
p4187_mut|zsv|zsv
p4188_orig|zsv|zsv
p4188_mut|zsv|zsv
p4189_orig|zsv|zsv
p4189_mut|zsv|zsv
p4190_orig|zsv|zsv
p4190_mut|zsv|zsv
p4191_orig|zsv|zsv
p4191_mut|zsv|zsv
p4192_orig|zsv|zsv
p4192_mut|zsv|zsv
p4193_orig|zsv|zsv
p4193_mut|zsv|zsv
p4194_orig|zsv|zsv
p4194_mut|zsv|zsv
p4195_orig|zsv|zsv
p4195_mut|zsv|zsv
p4196_orig|zsv|zsv
p4196_mut|zsv|zsv
p4197_orig|zsv|zsv
p4197_mut|zsv|zsv
p4198_orig|zsv|zsv
p4198_mut|zsv|zsv
p4199_orig|zsv|zsv
p4199_mut|zsv|zsv
p4200_orig|zsv|zsv
p4200_mut|zsv|zsv
p4201_orig|zsv|zsv
p4201_mut|zsv|zsv
p4202_orig|zsv|zsv
p4202_mut|zsv|zsv
p4203_orig|zsv|zsv
p4203_mut|zsv|zsv
p4204_orig|zsv|zsv
p4204_mut|zsv|zsv
p4205_orig|zsv|zsv
p4205_mut|zsv|zsv
p4206_orig|zsv|zsv
p4206_mut|zsv|zsv
p4207_orig|zsv|zsv
p4207_mut|zsv|zsv
p4208_orig|zsv|zsv
p4208_mut|zsv|zsv
p4209_orig|zsv|zsv
p4209_mut|zsv|zsv
p4210_orig|zsv|zsv
p4210_mut|zsv|zsv
p4211_orig|zsv|zsv
p4211_mut|zsv|zsv
p4212_orig|zsv|zsv
p4212_mut|zsv|zsv
p4213_orig|zsv|zsv
p4213_mut|zsv|zsv
p4214_orig|zsv|zsv
p4214_mut|zsv|zsv
p4215_orig|zsv|zsv
p4215_mut|zsv|zsv
p4216_orig|zsv|zsv
p4216_mut|zsv|zsv
p4217_orig|zsv|zsv
p4217_mut|zsv|zsv
p4218_orig|zsv|zsv
p4218_mut|zsv|zsv
p4219_orig|zsv|zsv
p4219_mut|zsv|zsv
p4220_orig|zsv|zsv
p4220_mut|zsv|zsv
p4221_orig|zsv|zsv
p4221_mut|zsv|zsv
p4222_orig|zsv|zsv
p4222_mut|zsv|zsv
p4223_orig|zsv|zsv
p4223_mut|zsv|zsv
p4224_orig|zsv|zsv
p4224_mut|zsv|zsv
p4225_orig|zsv|zsv
p4225_mut|zsv|zsv
p4226_orig|zsv|zsv
p4226_mut|zsv|zsv
p4227_orig|zsv|zsv
p4227_mut|zsv|zsv
p4228_orig|zsv|zsv
p4228_mut|zsv|zsv
p4229_orig|zsv|zsv
p4229_mut|zsv|zsv
p4230_orig|zsv|zsv
p4230_mut|zsv|zsv
p4231_orig|zsv|zsv
p4231_mut|zsv|zsv
p4232_orig|zsv|zsv
p4232_mut|zsv|zsv
p4233_orig|zsv|zsv
p4233_mut|zsv|zsv
p4234_orig|zsv|zsv
p4234_mut|zsv|zsv
p4235_orig|zsv|zsv
p4235_mut|zsv|zsv
p4236_orig|zsv|zsv
p4236_mut|zsv|zsv
p4237_orig|zsv|zsv
p4237_mut|zsv|zsv
p4238_orig|zsv|zsv
p4238_mut|zsv|zsv
p4239_orig|zsv|zsv
p4239_mut|zsv|zsv
p4240_orig|zsv|zsv
p4240_mut|zsv|zsv
p4241_orig|zsv|zsv
p4241_mut|zsv|zsv
p4242_orig|zsv|zsv
p4242_mut|zsv|zsv
p4243_orig|zsv|zsv
p4243_mut|zsv|zsv
p4244_orig|zsv|zsv
p4244_mut|zsv|zsv
p4245_orig|zsv|zsv
p4245_mut|zsv|zsv
p4246_orig|zsv|zsv
p4246_mut|zsv|zsv
p4247_orig|zsv|zsv
p4247_mut|zsv|zsv
p4248_orig|zsv|zsv
p4248_mut|zsv|zsv
p4249_orig|zsv|zsv
p4249_mut|zsv|zsv
p4250_orig|zsv|zsv
p4250_mut|zsv|zsv
p4251_orig|zsv|zsv
p4251_mut|zsv|zsv
p4252_orig|zsv|zsv
p4252_mut|zsv|zsv
p4253_orig|zsv|zsv
p4253_mut|zsv|zsv
p4254_orig|zsv|zsv
p4254_mut|zsv|zsv
p4255_orig|zsv|zsv
p4255_mut|zsv|zsv
p4256_orig|zsv|zsv
p4256_mut|zsv|zsv
p4257_orig|zsv|zsv
p4257_mut|zsv|zsv
p4258_orig|zsv|zsv
p4258_mut|zsv|zsv
p4259_orig|zsv|zsv
p4259_mut|zsv|zsv
p4260_orig|zsv|zsv
p4260_mut|zsv|zsv
p4261_orig|zsv|zsv
p4261_mut|zsv|zsv
p4262_orig|zsv|zsv
p4262_mut|zsv|zsv
p4263_orig|zsv|zsv
p4263_mut|zsv|zsv
p4264_orig|zsv|zsv
p4264_mut|zsv|zsv
p4265_orig|zsv|zsv
p4265_mut|zsv|zsv
p4266_orig|zsv|zsv
p4266_mut|zsv|zsv
p4267_orig|zsv|zsv
p4267_mut|zsv|zsv
p4268_orig|zsv|zsv
p4268_mut|zsv|zsv
p4269_orig|zsv|zsv
p4269_mut|zsv|zsv
p4270_orig|zsv|zsv
p4270_mut|zsv|zsv
p4271_orig|zsv|zsv
p4271_mut|zsv|zsv
p4272_orig|zsv|zsv
p4272_mut|zsv|zsv
p4273_orig|zsv|zsv
p4273_mut|zsv|zsv
p4274_orig|zsv|zsv
p4274_mut|zsv|zsv
p4275_orig|zsv|zsv
p4275_mut|zsv|zsv
p4276_orig|zsv|zsv
p4276_mut|zsv|zsv
p4277_orig|zsv|zsv
p4277_mut|zsv|zsv
p4278_orig|zsv|zsv
p4278_mut|zsv|zsv
p4279_orig|zsv|zsv
p4279_mut|zsv|zsv
p4280_orig|zsv|zsv
p4280_mut|zsv|zsv
p4281_orig|zsv|zsv
p4281_mut|zsv|zsv
p4282_orig|zsv|zsv
p4282_mut|zsv|zsv
p4283_orig|zsv|zsv
p4283_mut|zsv|zsv
p4284_orig|zsv|zsv
p4284_mut|zsv|zsv
p4285_orig|zsv|zsv
p4285_mut|zsv|zsv
p4286_orig|zsv|zsv
p4286_mut|zsv|zsv
p4287_orig|zsv|zsv
p4287_mut|zsv|zsv
p4288_orig|zsv|zsv
p4288_mut|zsv|zsv
p4289_orig|zsv|zsv
p4289_mut|zsv|zsv
p4290_orig|zsv|zsv
p4290_mut|zsv|zsv
p4291_orig|zsv|zsv
p4291_mut|zsv|zsv
p4292_orig|zsv|zsv
p4292_mut|zsv|zsv
p4293_orig|zsv|zsv
p4293_mut|zsv|zsv
p4294_orig|zsv|zsv
p4294_mut|zsv|zsv
p4295_orig|zsv|zsv
p4295_mut|zsv|zsv
p4296_orig|zsv|zsv
p4296_mut|zsv|zsv
p4297_orig|zsv|zsv
p4297_mut|zsv|zsv
p4298_orig|zsv|zsv
p4298_mut|zsv|zsv
p4299_orig|zsv|zsv
p4299_mut|zsv|zsv
p4300_orig|zsv|zsv
p4300_mut|zsv|zsv
p4301_orig|zsv|zsv
p4301_mut|zsv|zsv
p4302_orig|zsv|zsv
p4302_mut|zsv|zsv
p4303_orig|zsv|zsv
p4303_mut|zsv|zsv
p4304_orig|zsv|zsv
p4304_mut|zsv|zsv
p4305_orig|zsv|zsv
p4305_mut|zsv|zsv
p4306_orig|zsv|zsv
p4306_mut|zsv|zsv
p4307_orig|zsv|zsv
p4307_mut|zsv|zsv
p4308_orig|zsv|zsv
p4308_mut|zsv|zsv
p4309_orig|zsv|zsv
p4309_mut|zsv|zsv
p4310_orig|zsv|zsv
p4310_mut|zsv|zsv
p4311_orig|zsv|zsv
p4311_mut|zsv|zsv
p4312_orig|zsv|zsv
p4312_mut|zsv|zsv
p4313_orig|zsv|zsv
p4313_mut|zsv|zsv
p4314_orig|zsv|zsv
p4314_mut|zsv|zsv
p4315_orig|zsv|zsv
p4315_mut|zsv|zsv
p4316_orig|zsv|zsv
p4316_mut|zsv|zsv
p4317_orig|zsv|zsv
p4317_mut|zsv|zsv
p4318_orig|zsv|zsv
p4318_mut|zsv|zsv
p4319_orig|zsv|zsv
p4319_mut|zsv|zsv
p4320_orig|zsv|zsv
p4320_mut|zsv|zsv
p4321_orig|zsv|zsv
p4321_mut|zsv|zsv
p4322_orig|zsv|zsv
p4322_mut|zsv|zsv
p4323_orig|zsv|zsv
p4323_mut|zsv|zsv
p4324_orig|zsv|zsv
p4324_mut|zsv|zsv
p4325_orig|zsv|zsv
p4325_mut|zsv|zsv
p4326_orig|zsv|zsv
p4326_mut|zsv|zsv
p4327_orig|zsv|zsv
p4327_mut|zsv|zsv
p4328_orig|zsv|zsv
p4328_mut|zsv|zsv
p4329_orig|zsv|zsv
p4329_mut|zsv|zsv
p4330_orig|zsv|zsv
p4330_mut|zsv|zsv
p4331_orig|zsv|zsv
p4331_mut|zsv|zsv
p4332_orig|zsv|zsv
p4332_mut|zsv|zsv
p4333_orig|zsv|zsv
p4333_mut|zsv|zsv
p4334_orig|zsv|zsv
p4334_mut|zsv|zsv
p4335_orig|zsv|zsv
p4335_mut|zsv|zsv
p4336_orig|zsv|zsv
p4336_mut|zsv|zsv
p4337_orig|zsv|zsv
p4337_mut|zsv|zsv
p4338_orig|zsv|zsv
p4338_mut|zsv|zsv
p4339_orig|zsv|zsv
p4339_mut|zsv|zsv
p4340_orig|zsv|zsv
p4340_mut|zsv|zsv
p4341_orig|zsv|zsv
p4341_mut|zsv|zsv
p4342_orig|zsv|zsv
p4342_mut|zsv|zsv
p4343_orig|zsv|zsv
p4343_mut|zsv|zsv
p4344_orig|zsv|zsv
p4344_mut|zsv|zsv
p4345_orig|zsv|zsv
p4345_mut|zsv|zsv
p4346_orig|zsv|zsv
p4346_mut|zsv|zsv
p4347_orig|zsv|zsv
p4347_mut|zsv|zsv
p4348_orig|zsv|zsv
p4348_mut|zsv|zsv
p4349_orig|zsv|zsv
p4349_mut|zsv|zsv
p4350_orig|zsv|zsv
p4350_mut|zsv|zsv
p4351_orig|zsv|zsv
p4351_mut|zsv|zsv
p4352_orig|zsv|zsv
p4352_mut|zsv|zsv
p4353_orig|zsv|zsv
p4353_mut|zsv|zsv
p4354_orig|zsv|zsv
p4354_mut|zsv|zsv
p4355_orig|zsv|zsv
p4355_mut|zsv|zsv
p4356_orig|zsv|zsv
p4356_mut|zsv|zsv
p4357_orig|zsv|zsv
p4357_mut|zsv|zsv
p4358_orig|zsv|zsv
p4358_mut|zsv|zsv
p4359_orig|zsv|zsv
p4359_mut|zsv|zsv
p4360_orig|zsv|zsv
p4360_mut|zsv|zsv
p4361_orig|zsv|zsv
p4361_mut|zsv|zsv
p4362_orig|zsv|zsv
p4362_mut|zsv|zsv
p4363_orig|zsv|zsv
p4363_mut|zsv|zsv
p4364_orig|zsv|zsv
p4364_mut|zsv|zsv
p4365_orig|zsv|zsv
p4365_mut|zsv|zsv
p4366_orig|zsv|zsv
p4366_mut|zsv|zsv
p4367_orig|zsv|zsv
p4367_mut|zsv|zsv
p4368_orig|zsv|zsv
p4368_mut|zsv|zsv
p4369_orig|zsv|zsv
p4369_mut|zsv|zsv
p4370_orig|zsv|zsv
p4370_mut|zsv|zsv
p4371_orig|zsv|zsv
p4371_mut|zsv|zsv
p4372_orig|zsv|zsv
p4372_mut|zsv|zsv
p4373_orig|zsv|zsv
p4373_mut|zsv|zsv
p4374_orig|zsv|zsv
p4374_mut|zsv|zsv
p4375_orig|zsv|zsv
p4375_mut|zsv|zsv
p4376_orig|zsv|zsv
p4376_mut|zsv|zsv
p4377_orig|zsv|zsv
p4377_mut|zsv|zsv
p4378_orig|zsv|zsv
p4378_mut|zsv|zsv
p4379_orig|zsv|zsv
p4379_mut|zsv|zsv
p4380_orig|zsv|zsv
p4380_mut|zsv|zsv
p4381_orig|zsv|zsv
p4381_mut|zsv|zsv
p4382_orig|zsv|zsv
p4382_mut|zsv|zsv
p4383_orig|zsv|zsv
p4383_mut|zsv|zsv
p4384_orig|zsv|zsv
p4384_mut|zsv|zsv
p4385_orig|zsv|zsv
p4385_mut|zsv|zsv
p4386_orig|zsv|zsv
p4386_mut|zsv|zsv
p4387_orig|zsv|zsv
p4387_mut|zsv|zsv
p4388_orig|zsv|zsv
p4388_mut|zsv|zsv
p4389_orig|zsv|zsv
p4389_mut|zsv|zsv
p4390_orig|zsv|zsv
p4390_mut|zsv|zsv
p4391_orig|zsv|zsv
p4391_mut|zsv|zsv
p4392_orig|zsv|zsv
p4392_mut|zsv|zsv
p4393_orig|zsv|zsv
p4393_mut|zsv|zsv
p4394_orig|zsv|zsv
p4394_mut|zsv|zsv
p4395_orig|zsv|zsv
p4395_mut|zsv|zsv
p4396_orig|zsv|zsv
p4396_mut|zsv|zsv
p4397_orig|zsv|zsv
p4397_mut|zsv|zsv
p4398_orig|zsv|zsv
p4398_mut|zsv|zsv
p4399_orig|zsv|zsv
p4399_mut|zsv|zsv
p4400_orig|zsv|zsv
p4400_mut|zsv|zsv
p4401_orig|zsv|zsv
p4401_mut|zsv|zsv
p4402_orig|zsv|zsv
p4402_mut|zsv|zsv
p4403_orig|zsv|zsv
p4403_mut|zsv|zsv
p4404_orig|zsv|zsv
p4404_mut|zsv|zsv
p4405_orig|zsv|zsv
p4405_mut|zsv|zsv
p4406_orig|zsv|zsv
p4406_mut|zsv|zsv
p4407_orig|zsv|zsv
p4407_mut|zsv|zsv
p4408_orig|zsv|zsv
p4408_mut|zsv|zsv
p4409_orig|zsv|zsv
p4409_mut|zsv|zsv
p4410_orig|zsv|zsv
p4410_mut|zsv|zsv
p4411_orig|zsv|zsv
p4411_mut|zsv|zsv
p4412_orig|zsv|zsv
p4412_mut|zsv|zsv
p4413_orig|zsv|zsv
p4413_mut|zsv|zsv
p4414_orig|zsv|zsv
p4414_mut|zsv|zsv
p4415_orig|zsv|zsv
p4415_mut|zsv|zsv
p4416_orig|zsv|zsv
p4416_mut|zsv|zsv
p4417_orig|zsv|zsv
p4417_mut|zsv|zsv
p4418_orig|zsv|zsv
p4418_mut|zsv|zsv
p4419_orig|zsv|zsv
p4419_mut|zsv|zsv
p4420_orig|zsv|zsv
p4420_mut|zsv|zsv
p4421_orig|zsv|zsv
p4421_mut|zsv|zsv
p4422_orig|zsv|zsv
p4422_mut|zsv|zsv
p4423_orig|zsv|zsv
p4423_mut|zsv|zsv
p4424_orig|zsv|zsv
p4424_mut|zsv|zsv
p4425_orig|zsv|zsv
p4425_mut|zsv|zsv
p4426_orig|zsv|zsv
p4426_mut|zsv|zsv
p4427_orig|zsv|zsv
p4427_mut|zsv|zsv
p4428_orig|zsv|zsv
p4428_mut|zsv|zsv
p4429_orig|zsv|zsv
p4429_mut|zsv|zsv
p4430_orig|zsv|zsv
p4430_mut|zsv|zsv
p4431_orig|zsv|zsv
p4431_mut|zsv|zsv
p4432_orig|zsv|zsv
p4432_mut|zsv|zsv
p4433_orig|zsv|zsv
p4433_mut|zsv|zsv
p4434_orig|zsv|zsv
p4434_mut|zsv|zsv
p4435_orig|zsv|zsv
p4435_mut|zsv|zsv
p4436_orig|zsv|zsv
p4436_mut|zsv|zsv
p4437_orig|zsv|zsv
p4437_mut|zsv|zsv
p4438_orig|zsv|zsv
p4438_mut|zsv|zsv
p4439_orig|zsv|zsv
p4439_mut|zsv|zsv
p4440_orig|zsv|zsv
p4440_mut|zsv|zsv
p4441_orig|zsv|zsv
p4441_mut|zsv|zsv
p4442_orig|zsv|zsv
p4442_mut|zsv|zsv
p4443_orig|zsv|zsv
p4443_mut|zsv|zsv
p4444_orig|zsv|zsv
p4444_mut|zsv|zsv
p4445_orig|zsv|zsv
p4445_mut|zsv|zsv
p4446_orig|zsv|zsv
p4446_mut|zsv|zsv
p4447_orig|zsv|zsv
p4447_mut|zsv|zsv
p4448_orig|zsv|zsv
p4448_mut|zsv|zsv
p4449_orig|zsv|zsv
p4449_mut|zsv|zsv
p4450_orig|zsv|zsv
p4450_mut|zsv|zsv
p4451_orig|zsv|zsv
p4451_mut|zsv|zsv
p4452_orig|zsv|zsv
p4452_mut|zsv|zsv
p4453_orig|zsv|zsv
p4453_mut|zsv|zsv
p4454_orig|zsv|zsv
p4454_mut|zsv|zsv
p4455_orig|zsv|zsv
p4455_mut|zsv|zsv
p4456_orig|zsv|zsv
p4456_mut|zsv|zsv
p4457_orig|zsv|zsv
p4457_mut|zsv|zsv
p4458_orig|zsv|zsv
p4458_mut|zsv|zsv
p4459_orig|zsv|zsv
p4459_mut|zsv|zsv
p4460_orig|zsv|zsv
p4460_mut|zsv|zsv
p4461_orig|zsv|zsv
p4461_mut|zsv|zsv
p4462_orig|zsv|zsv
p4462_mut|zsv|zsv
p4463_orig|zsv|zsv
p4463_mut|zsv|zsv
p4464_orig|zsv|zsv
p4464_mut|zsv|zsv
p4465_orig|zsv|zsv
p4465_mut|zsv|zsv
p4466_orig|zsv|zsv
p4466_mut|zsv|zsv
p4467_orig|zsv|zsv
p4467_mut|zsv|zsv
p4468_orig|zsv|zsv
p4468_mut|zsv|zsv
p4469_orig|zsv|zsv
p4469_mut|zsv|zsv
p4470_orig|zsv|zsv
p4470_mut|zsv|zsv
p4471_orig|zsv|zsv
p4471_mut|zsv|zsv
p4472_orig|zsv|zsv
p4472_mut|zsv|zsv
p4473_orig|zsv|zsv
p4473_mut|zsv|zsv
p4474_orig|zsv|zsv
p4474_mut|zsv|zsv
p4475_orig|zsv|zsv
p4475_mut|zsv|zsv
p4476_orig|zsv|zsv
p4476_mut|zsv|zsv
p4477_orig|zsv|zsv
p4477_mut|zsv|zsv
p4478_orig|zsv|zsv
p4478_mut|zsv|zsv
p4479_orig|zsv|zsv
p4479_mut|zsv|zsv
p4480_orig|zsv|zsv
p4480_mut|zsv|zsv
p4481_orig|zsv|zsv
p4481_mut|zsv|zsv
p4482_orig|zsv|zsv
p4482_mut|zsv|zsv
p4483_orig|zsv|zsv
p4483_mut|zsv|zsv
p4484_orig|zsv|zsv
p4484_mut|zsv|zsv
p4485_orig|zsv|zsv
p4485_mut|zsv|zsv
p4486_orig|zsv|zsv
p4486_mut|zsv|zsv
p4487_orig|zsv|zsv
p4487_mut|zsv|zsv
p4488_orig|zsv|zsv
p4488_mut|zsv|zsv
p4489_orig|zsv|zsv
p4489_mut|zsv|zsv
p4490_orig|zsv|zsv
p4490_mut|zsv|zsv
p4491_orig|zsv|zsv
p4491_mut|zsv|zsv
p4492_orig|zsv|zsv
p4492_mut|zsv|zsv
p4493_orig|zsv|zsv
p4493_mut|zsv|zsv
p4494_orig|zsv|zsv
p4494_mut|zsv|zsv
p4495_orig|zsv|zsv
p4495_mut|zsv|zsv
p4496_orig|zsv|zsv
p4496_mut|zsv|zsv
p4497_orig|zsv|zsv
p4497_mut|zsv|zsv
p4498_orig|zsv|zsv
p4498_mut|zsv|zsv
p4499_orig|zsv|zsv
p4499_mut|zsv|zsv
p4500_orig|zsv|zsv
p4500_mut|zsv|zsv
p4501_orig|zsv|zsv
p4501_mut|zsv|zsv
p4502_orig|zsv|zsv
p4502_mut|zsv|zsv
p4503_orig|zsv|zsv
p4503_mut|zsv|zsv
p4504_orig|zsv|zsv
p4504_mut|zsv|zsv
p4505_orig|zsv|zsv
p4505_mut|zsv|zsv
p4506_orig|zsv|zsv
p4506_mut|zsv|zsv
p4507_orig|zsv|zsv
p4507_mut|zsv|zsv
p4508_orig|zsv|zsv
p4508_mut|zsv|zsv
p4509_orig|zsv|zsv
p4509_mut|zsv|zsv
p4510_orig|zsv|zsv
p4510_mut|zsv|zsv
p4511_orig|zsv|zsv
p4511_mut|zsv|zsv
p4512_orig|zsv|zsv
p4512_mut|zsv|zsv
p4513_orig|zsv|zsv
p4513_mut|zsv|zsv
p4514_orig|zsv|zsv
p4514_mut|zsv|zsv
p4515_orig|zsv|zsv
p4515_mut|zsv|zsv
p4516_orig|zsv|zsv
p4516_mut|zsv|zsv
p4517_orig|zsv|zsv
p4517_mut|zsv|zsv
p4518_orig|zsv|zsv
p4518_mut|zsv|zsv
p4519_orig|zsv|zsv
p4519_mut|zsv|zsv
p4520_orig|zsv|zsv
p4520_mut|zsv|zsv
p4521_orig|zsv|zsv
p4521_mut|zsv|zsv
p4522_orig|zsv|zsv
p4522_mut|zsv|zsv
p4523_orig|zsv|zsv
p4523_mut|zsv|zsv
p4524_orig|zsv|zsv
p4524_mut|zsv|zsv
p4525_orig|zsv|zsv
p4525_mut|zsv|zsv
p4526_orig|zsv|zsv
p4526_mut|zsv|zsv
p4527_orig|zsv|zsv
p4527_mut|zsv|zsv
p4528_orig|zsv|zsv
p4528_mut|zsv|zsv
p4529_orig|zsv|zsv
p4529_mut|zsv|zsv
p4530_orig|zsv|zsv
p4530_mut|zsv|zsv
p4531_orig|zsv|zsv
p4531_mut|zsv|zsv
p4532_orig|zsv|zsv
p4532_mut|zsv|zsv
p4533_orig|zsv|zsv
p4533_mut|zsv|zsv
p4534_orig|zsv|zsv
p4534_mut|zsv|zsv
p4535_orig|zsv|zsv
p4535_mut|zsv|zsv
p4536_orig|zsv|zsv
p4536_mut|zsv|zsv
p4537_orig|zsv|zsv
p4537_mut|zsv|zsv
p4538_orig|zsv|zsv
p4538_mut|zsv|zsv
p4539_orig|zsv|zsv
p4539_mut|zsv|zsv
p4540_orig|zsv|zsv
p4540_mut|zsv|zsv
p4541_orig|zsv|zsv
p4541_mut|zsv|zsv
p4542_orig|zsv|zsv
p4542_mut|zsv|zsv
p4543_orig|zsv|zsv
p4543_mut|zsv|zsv
p4544_orig|zsv|zsv
p4544_mut|zsv|zsv
p4545_orig|zsv|zsv
p4545_mut|zsv|zsv
p4546_orig|zsv|zsv
p4546_mut|zsv|zsv
p4547_orig|zsv|zsv
p4547_mut|zsv|zsv
p4548_orig|zsv|zsv
p4548_mut|zsv|zsv
p4549_orig|zsv|zsv
p4549_mut|zsv|zsv
p4550_orig|zsv|zsv
p4550_mut|zsv|zsv
p4551_orig|zsv|zsv
p4551_mut|zsv|zsv
p4552_orig|zsv|zsv
p4552_mut|zsv|zsv
p4553_orig|zsv|zsv
p4553_mut|zsv|zsv
p4554_orig|zsv|zsv
p4554_mut|zsv|zsv
p4555_orig|zsv|zsv
p4555_mut|zsv|zsv
p4556_orig|zsv|zsv
p4556_mut|zsv|zsv
p4557_orig|zsv|zsv
p4557_mut|zsv|zsv
p4558_orig|zsv|zsv
p4558_mut|zsv|zsv
p4559_orig|zsv|zsv
p4559_mut|zsv|zsv
p4560_orig|zsv|zsv
p4560_mut|zsv|zsv
p4561_orig|zsv|zsv
p4561_mut|zsv|zsv
p4562_orig|zsv|zsv
p4562_mut|zsv|zsv
p4563_orig|zsv|zsv
p4563_mut|zsv|zsv
p4564_orig|zsv|zsv
p4564_mut|zsv|zsv
p4565_orig|zsv|zsv
p4565_mut|zsv|zsv
p4566_orig|zsv|zsv
p4566_mut|zsv|zsv
p4567_orig|zsv|zsv
p4567_mut|zsv|zsv
p4568_orig|zsv|zsv
p4568_mut|zsv|zsv
p4569_orig|zsv|zsv
p4569_mut|zsv|zsv
p4570_orig|zsv|zsv
p4570_mut|zsv|zsv
p4571_orig|zsv|zsv
p4571_mut|zsv|zsv
p4572_orig|zsv|zsv
p4572_mut|zsv|zsv
p4573_orig|zsv|zsv
p4573_mut|zsv|zsv
p4574_orig|zsv|zsv
p4574_mut|zsv|zsv
p4575_orig|zsv|zsv
p4575_mut|zsv|zsv
p4576_orig|zsv|zsv
p4576_mut|zsv|zsv
p4577_orig|zsv|zsv
p4577_mut|zsv|zsv
p4578_orig|zsv|zsv
p4578_mut|zsv|zsv
p4579_orig|zsv|zsv
p4579_mut|zsv|zsv
p4580_orig|zsv|zsv
p4580_mut|zsv|zsv
p4581_orig|zsv|zsv
p4581_mut|zsv|zsv
p4582_orig|zsv|zsv
p4582_mut|zsv|zsv
p4583_orig|zsv|zsv
p4583_mut|zsv|zsv
p4584_orig|zsv|zsv
p4584_mut|zsv|zsv
p4585_orig|zsv|zsv
p4585_mut|zsv|zsv
p4586_orig|zsv|zsv
p4586_mut|zsv|zsv
p4587_orig|zsv|zsv
p4587_mut|zsv|zsv
p4588_orig|zsv|zsv
p4588_mut|zsv|zsv
p4589_orig|zsv|zsv
p4589_mut|zsv|zsv
p4590_orig|zsv|zsv
p4590_mut|zsv|zsv
p4591_orig|zsv|zsv
p4591_mut|zsv|zsv
p4592_orig|zsv|zsv
p4592_mut|zsv|zsv
p4593_orig|zsv|zsv
p4593_mut|zsv|zsv
p4594_orig|zsv|zsv
p4594_mut|zsv|zsv
p4595_orig|zsv|zsv
p4595_mut|zsv|zsv
p4596_orig|zsv|zsv
p4596_mut|zsv|zsv
p4597_orig|zsv|zsv
p4597_mut|zsv|zsv
p4598_orig|zsv|zsv
p4598_mut|zsv|zsv
p4599_orig|zsv|zsv
p4599_mut|zsv|zsv
p4600_orig|zsv|zsv
p4600_mut|zsv|zsv
p4601_orig|zsv|zsv
p4601_mut|zsv|zsv
p4602_orig|zsv|zsv
p4602_mut|zsv|zsv
p4603_orig|zsv|zsv
p4603_mut|zsv|zsv
p4604_orig|zsv|zsv
p4604_mut|zsv|zsv
p4605_orig|zsv|zsv
p4605_mut|zsv|zsv
p4606_orig|zsv|zsv
p4606_mut|zsv|zsv
p4607_orig|zsv|zsv
p4607_mut|zsv|zsv
p4608_orig|zsv|zsv
p4608_mut|zsv|zsv
p4609_orig|zsv|zsv
p4609_mut|zsv|zsv
p4610_orig|zsv|zsv
p4610_mut|zsv|zsv
p4611_orig|zsv|zsv
p4611_mut|zsv|zsv
p4612_orig|zsv|zsv
p4612_mut|zsv|zsv
p4613_orig|zsv|zsv
p4613_mut|zsv|zsv
p4614_orig|zsv|zsv
p4614_mut|zsv|zsv
p4615_orig|zsv|zsv
p4615_mut|zsv|zsv
p4616_orig|zsv|zsv
p4616_mut|zsv|zsv
p4617_orig|zsv|zsv
p4617_mut|zsv|zsv
p4618_orig|zsv|zsv
p4618_mut|zsv|zsv
p4619_orig|zsv|zsv
p4619_mut|zsv|zsv
p4620_orig|zsv|zsv
p4620_mut|zsv|zsv
p4621_orig|zsv|zsv
p4621_mut|zsv|zsv
p4622_orig|zsv|zsv
p4622_mut|zsv|zsv
p4623_orig|zsv|zsv
p4623_mut|zsv|zsv
p4624_orig|zsv|zsv
p4624_mut|zsv|zsv
p4625_orig|zsv|zsv
p4625_mut|zsv|zsv
p4626_orig|zsv|zsv
p4626_mut|zsv|zsv
p4627_orig|zsv|zsv
p4627_mut|zsv|zsv
p4628_orig|zsv|zsv
p4628_mut|zsv|zsv
p4629_orig|zsv|zsv
p4629_mut|zsv|zsv
p4630_orig|zsv|zsv
p4630_mut|zsv|zsv
p4631_orig|zsv|zsv
p4631_mut|zsv|zsv
p4632_orig|zsv|zsv
p4632_mut|zsv|zsv
p4633_orig|zsv|zsv
p4633_mut|zsv|zsv
p4634_orig|zsv|zsv
p4634_mut|zsv|zsv
p4635_orig|zsv|zsv
p4635_mut|zsv|zsv
p4636_orig|zsv|zsv
p4636_mut|zsv|zsv
p4637_orig|zsv|zsv
p4637_mut|zsv|zsv
p4638_orig|zsv|zsv
p4638_mut|zsv|zsv
p4639_orig|zsv|zsv
p4639_mut|zsv|zsv
p4640_orig|zsv|zsv
p4640_mut|zsv|zsv
p4641_orig|zsv|zsv
p4641_mut|zsv|zsv
p4642_orig|zsv|zsv
p4642_mut|zsv|zsv
p4643_orig|zsv|zsv
p4643_mut|zsv|zsv
p4644_orig|zsv|zsv
p4644_mut|zsv|zsv
p4645_orig|zsv|zsv
p4645_mut|zsv|zsv
p4646_orig|zsv|zsv
p4646_mut|zsv|zsv
p4647_orig|zsv|zsv
p4647_mut|zsv|zsv
p4648_orig|zsv|zsv
p4648_mut|zsv|zsv
p4649_orig|zsv|zsv
p4649_mut|zsv|zsv
p4650_orig|zsv|zsv
p4650_mut|zsv|zsv
p4651_orig|zsv|zsv
p4651_mut|zsv|zsv
p4652_orig|zsv|zsv
p4652_mut|zsv|zsv
p4653_orig|zsv|zsv
p4653_mut|zsv|zsv
p4654_orig|zsv|zsv
p4654_mut|zsv|zsv
p4655_orig|zsv|zsv
p4655_mut|zsv|zsv
p4656_orig|zsv|zsv
p4656_mut|zsv|zsv
p4657_orig|zsv|zsv
p4657_mut|zsv|zsv
p4658_orig|zsv|zsv
p4658_mut|zsv|zsv
p4659_orig|zsv|zsv
p4659_mut|zsv|zsv
p4660_orig|zsv|zsv
p4660_mut|zsv|zsv
p4661_orig|zsv|zsv
p4661_mut|zsv|zsv
p4662_orig|zsv|zsv
p4662_mut|zsv|zsv
p4663_orig|zsv|zsv
p4663_mut|zsv|zsv
p4664_orig|zsv|zsv
p4664_mut|zsv|zsv
p4665_orig|zsv|zsv
p4665_mut|zsv|zsv
p4666_orig|zsv|zsv
p4666_mut|zsv|zsv
p4667_orig|zsv|zsv
p4667_mut|zsv|zsv
p4668_orig|zsv|zsv
p4668_mut|zsv|zsv
p4669_orig|zsv|zsv
p4669_mut|zsv|zsv
p4670_orig|zsv|zsv
p4670_mut|zsv|zsv
p4671_orig|zsv|zsv
p4671_mut|zsv|zsv
p4672_orig|zsv|zsv
p4672_mut|zsv|zsv
p4673_orig|zsv|zsv
p4673_mut|zsv|zsv
p4674_orig|zsv|zsv
p4674_mut|zsv|zsv
p4675_orig|zsv|zsv
p4675_mut|zsv|zsv
p4676_orig|zsv|zsv
p4676_mut|zsv|zsv
p4677_orig|zsv|zsv
p4677_mut|zsv|zsv
p4678_orig|zsv|zsv
p4678_mut|zsv|zsv
p4679_orig|zsv|zsv
p4679_mut|zsv|zsv
p4680_orig|zsv|zsv
p4680_mut|zsv|zsv
p4681_orig|zsv|zsv
p4681_mut|zsv|zsv
p4682_orig|zsv|zsv
p4682_mut|zsv|zsv
p4683_orig|zsv|zsv
p4683_mut|zsv|zsv
p4684_orig|zsv|zsv
p4684_mut|zsv|zsv
p4685_orig|zsv|zsv
p4685_mut|zsv|zsv
p4686_orig|zsv|zsv
p4686_mut|zsv|zsv
p4687_orig|zsv|zsv
p4687_mut|zsv|zsv
p4688_orig|zsv|zsv
p4688_mut|zsv|zsv
p4689_orig|zsv|zsv
p4689_mut|zsv|zsv
p4690_orig|zsv|zsv
p4690_mut|zsv|zsv
p4691_orig|zsv|zsv
p4691_mut|zsv|zsv
p4692_orig|zsv|zsv
p4692_mut|zsv|zsv
p4693_orig|zsv|zsv
p4693_mut|zsv|zsv
p4694_orig|zsv|zsv
p4694_mut|zsv|zsv
p4695_orig|zsv|zsv
p4695_mut|zsv|zsv
p4696_orig|zsv|zsv
p4696_mut|zsv|zsv
p4697_orig|zsv|zsv
p4697_mut|zsv|zsv
p4698_orig|zsv|zsv
p4698_mut|zsv|zsv
p4699_orig|zsv|zsv
p4699_mut|zsv|zsv
p4700_orig|zsv|zsv
p4700_mut|zsv|zsv
p4701_orig|zsv|zsv
p4701_mut|zsv|zsv
p4702_orig|zsv|zsv
p4702_mut|zsv|zsv
p4703_orig|zsv|zsv
p4703_mut|zsv|zsv
p4704_orig|zsv|zsv
p4704_mut|zsv|zsv
p4705_orig|zsv|zsv
p4705_mut|zsv|zsv
p4706_orig|zsv|zsv
p4706_mut|zsv|zsv
p4707_orig|zsv|zsv
p4707_mut|zsv|zsv
p4708_orig|zsv|zsv
p4708_mut|zsv|zsv
p4709_orig|zsv|zsv
p4709_mut|zsv|zsv
p4710_orig|zsv|zsv
p4710_mut|zsv|zsv
p4711_orig|zsv|zsv
p4711_mut|zsv|zsv
p4712_orig|zsv|zsv
p4712_mut|zsv|zsv
p4713_orig|zsv|zsv
p4713_mut|zsv|zsv
p4714_orig|zsv|zsv
p4714_mut|zsv|zsv
p4715_orig|zsv|zsv
p4715_mut|zsv|zsv
p4716_orig|zsv|zsv
p4716_mut|zsv|zsv
p4717_orig|zsv|zsv
p4717_mut|zsv|zsv
p4718_orig|zsv|zsv
p4718_mut|zsv|zsv
p4719_orig|zsv|zsv
p4719_mut|zsv|zsv
p4720_orig|zsv|zsv
p4720_mut|zsv|zsv
p4721_orig|zsv|zsv
p4721_mut|zsv|zsv
p4722_orig|zsv|zsv
p4722_mut|zsv|zsv
p4723_orig|zsv|zsv
p4723_mut|zsv|zsv
p4724_orig|zsv|zsv
p4724_mut|zsv|zsv
p4725_orig|zsv|zsv
p4725_mut|zsv|zsv
p4726_orig|zsv|zsv
p4726_mut|zsv|zsv
p4727_orig|zsv|zsv
p4727_mut|zsv|zsv
p4728_orig|zsv|zsv
p4728_mut|zsv|zsv
p4729_orig|zsv|zsv
p4729_mut|zsv|zsv
p4730_orig|zsv|zsv
p4730_mut|zsv|zsv
p4731_orig|zsv|zsv
p4731_mut|zsv|zsv
p4732_orig|zsv|zsv
p4732_mut|zsv|zsv
p4733_orig|zsv|zsv
p4733_mut|zsv|zsv
p4734_orig|zsv|zsv
p4734_mut|zsv|zsv
p4735_orig|zsv|zsv
p4735_mut|zsv|zsv
p4736_orig|zsv|zsv
p4736_mut|zsv|zsv
p4737_orig|zsv|zsv
p4737_mut|zsv|zsv
p4738_orig|zsv|zsv
p4738_mut|zsv|zsv
p4739_orig|zsv|zsv
p4739_mut|zsv|zsv
p4740_orig|zsv|zsv
p4740_mut|zsv|zsv
p4741_orig|zsv|zsv
p4741_mut|zsv|zsv
p4742_orig|zsv|zsv
p4742_mut|zsv|zsv
p4743_orig|zsv|zsv
p4743_mut|zsv|zsv
p4744_orig|zsv|zsv
p4744_mut|zsv|zsv
p4745_orig|zsv|zsv
p4745_mut|zsv|zsv
p4746_orig|zsv|zsv
p4746_mut|zsv|zsv
p4747_orig|zsv|zsv
p4747_mut|zsv|zsv
p4748_orig|zsv|zsv
p4748_mut|zsv|zsv
p4749_orig|zsv|zsv
p4749_mut|zsv|zsv
p4750_orig|zsv|zsv
p4750_mut|zsv|zsv
p4751_orig|zsv|zsv
p4751_mut|zsv|zsv
p4752_orig|zsv|zsv
p4752_mut|zsv|zsv
p4753_orig|zsv|zsv
p4753_mut|zsv|zsv
p4754_orig|zsv|zsv
p4754_mut|zsv|zsv
p4755_orig|zsv|zsv
p4755_mut|zsv|zsv
p4756_orig|zsv|zsv
p4756_mut|zsv|zsv
p4757_orig|zsv|zsv
p4757_mut|zsv|zsv
p4758_orig|zsv|zsv
p4758_mut|zsv|zsv
p4759_orig|zsv|zsv
p4759_mut|zsv|zsv
p4760_orig|zsv|zsv
p4760_mut|zsv|zsv
p4761_orig|zsv|zsv
p4761_mut|zsv|zsv
p4762_orig|zsv|zsv
p4762_mut|zsv|zsv
p4763_orig|zsv|zsv
p4763_mut|zsv|zsv
p4764_orig|zsv|zsv
p4764_mut|zsv|zsv
p4765_orig|zsv|zsv
p4765_mut|zsv|zsv
p4766_orig|zsv|zsv
p4766_mut|zsv|zsv
p4767_orig|zsv|zsv
p4767_mut|zsv|zsv
p4768_orig|zsv|zsv
p4768_mut|zsv|zsv
p4769_orig|zsv|zsv
p4769_mut|zsv|zsv
p4770_orig|zsv|zsv
p4770_mut|zsv|zsv
p4771_orig|zsv|zsv
p4771_mut|zsv|zsv
p4772_orig|zsv|zsv
p4772_mut|zsv|zsv
p4773_orig|zsv|zsv
p4773_mut|zsv|zsv
p4774_orig|zsv|zsv
p4774_mut|zsv|zsv
p4775_orig|zsv|zsv
p4775_mut|zsv|zsv
p4776_orig|zsv|zsv
p4776_mut|zsv|zsv
p4777_orig|zsv|zsv
p4777_mut|zsv|zsv
p4778_orig|zsv|zsv
p4778_mut|zsv|zsv
p4779_orig|zsv|zsv
p4779_mut|zsv|zsv
p4780_orig|zsv|zsv
p4780_mut|zsv|zsv
p4781_orig|zsv|zsv
p4781_mut|zsv|zsv
p4782_orig|zsv|zsv
p4782_mut|zsv|zsv
p4783_orig|zsv|zsv
p4783_mut|zsv|zsv
p4784_orig|zsv|zsv
p4784_mut|zsv|zsv
p4785_orig|zsv|zsv
p4785_mut|zsv|zsv
p4786_orig|zsv|zsv
p4786_mut|zsv|zsv
p4787_orig|zsv|zsv
p4787_mut|zsv|zsv
p4788_orig|zsv|zsv
p4788_mut|zsv|zsv
p4789_orig|zsv|zsv
p4789_mut|zsv|zsv
p4790_orig|zsv|zsv
p4790_mut|zsv|zsv
p4791_orig|zsv|zsv
p4791_mut|zsv|zsv
p4792_orig|zsv|zsv
p4792_mut|zsv|zsv
p4793_orig|zsv|zsv
p4793_mut|zsv|zsv
p4794_orig|zsv|zsv
p4794_mut|zsv|zsv
p4795_orig|zsv|zsv
p4795_mut|zsv|zsv
p4796_orig|zsv|zsv
p4796_mut|zsv|zsv
p4797_orig|zsv|zsv
p4797_mut|zsv|zsv
p4798_orig|zsv|zsv
p4798_mut|zsv|zsv
p4799_orig|zsv|zsv
p4799_mut|zsv|zsv
p4800_orig|zsv|zsv
p4800_mut|zsv|zsv
p4801_orig|zsv|zsv
p4801_mut|zsv|zsv
p4802_orig|zsv|zsv
p4802_mut|zsv|zsv
p4803_orig|zsv|zsv
p4803_mut|zsv|zsv
p4804_orig|zsv|zsv
p4804_mut|zsv|zsv
p4805_orig|zsv|zsv
p4805_mut|zsv|zsv
p4806_orig|zsv|zsv
p4806_mut|zsv|zsv
p4807_orig|zsv|zsv
p4807_mut|zsv|zsv
p4808_orig|zsv|zsv
p4808_mut|zsv|zsv
p4809_orig|zsv|zsv
p4809_mut|zsv|zsv
p4810_orig|zsv|zsv
p4810_mut|zsv|zsv
p4811_orig|zsv|zsv
p4811_mut|zsv|zsv
p4812_orig|zsv|zsv
p4812_mut|zsv|zsv
p4813_orig|zsv|zsv
p4813_mut|zsv|zsv
p4814_orig|zsv|zsv
p4814_mut|zsv|zsv
p4815_orig|zsv|zsv
p4815_mut|zsv|zsv
p4816_orig|zsv|zsv
p4816_mut|zsv|zsv
p4817_orig|zsv|zsv
p4817_mut|zsv|zsv
p4818_orig|zsv|zsv
p4818_mut|zsv|zsv
p4819_orig|zsv|zsv
p4819_mut|zsv|zsv
p4820_orig|zsv|zsv
p4820_mut|zsv|zsv
p4821_orig|zsv|zsv
p4821_mut|zsv|zsv
p4822_orig|zsv|zsv
p4822_mut|zsv|zsv
p4823_orig|zsv|zsv
p4823_mut|zsv|zsv
p4824_orig|zsv|zsv
p4824_mut|zsv|zsv
p4825_orig|zsv|zsv
p4825_mut|zsv|zsv
p4826_orig|zsv|zsv
p4826_mut|zsv|zsv
p4827_orig|zsv|zsv
p4827_mut|zsv|zsv
p4828_orig|zsv|zsv
p4828_mut|zsv|zsv
p4829_orig|zsv|zsv
p4829_mut|zsv|zsv
p4830_orig|zsv|zsv
p4830_mut|zsv|zsv
p4831_orig|zsv|zsv
p4831_mut|zsv|zsv
p4832_orig|zsv|zsv
p4832_mut|zsv|zsv
p4833_orig|zsv|zsv
p4833_mut|zsv|zsv
p4834_orig|zsv|zsv
p4834_mut|zsv|zsv
p4835_orig|zsv|zsv
p4835_mut|zsv|zsv
p4836_orig|zsv|zsv
p4836_mut|zsv|zsv
p4837_orig|zsv|zsv
p4837_mut|zsv|zsv
p4838_orig|zsv|zsv
p4838_mut|zsv|zsv
p4839_orig|zsv|zsv
p4839_mut|zsv|zsv
p4840_orig|zsv|zsv
p4840_mut|zsv|zsv
p4841_orig|zsv|zsv
p4841_mut|zsv|zsv
p4842_orig|zsv|zsv
p4842_mut|zsv|zsv
p4843_orig|zsv|zsv
p4843_mut|zsv|zsv
p4844_orig|zsv|zsv
p4844_mut|zsv|zsv
p4845_orig|zsv|zsv
p4845_mut|zsv|zsv
p4846_orig|zsv|zsv
p4846_mut|zsv|zsv
p4847_orig|zsv|zsv
p4847_mut|zsv|zsv
p4848_orig|zsv|zsv
p4848_mut|zsv|zsv
p4849_orig|zsv|zsv
p4849_mut|zsv|zsv
p4850_orig|zsv|zsv
p4850_mut|zsv|zsv
p4851_orig|zsv|zsv
p4851_mut|zsv|zsv
p4852_orig|zsv|zsv
p4852_mut|zsv|zsv
p4853_orig|zsv|zsv
p4853_mut|zsv|zsv
p4854_orig|zsv|zsv
p4854_mut|zsv|zsv
p4855_orig|zsv|zsv
p4855_mut|zsv|zsv
p4856_orig|zsv|zsv
p4856_mut|zsv|zsv
p4857_orig|zsv|zsv
p4857_mut|zsv|zsv
p4858_orig|zsv|zsv
p4858_mut|zsv|zsv
p4859_orig|zsv|zsv
p4859_mut|zsv|zsv
p4860_orig|zsv|zsv
p4860_mut|zsv|zsv
p4861_orig|zsv|zsv
p4861_mut|zsv|zsv
p4862_orig|zsv|zsv
p4862_mut|zsv|zsv
p4863_orig|zsv|zsv
p4863_mut|zsv|zsv
p4864_orig|zsv|zsv
p4864_mut|zsv|zsv
p4865_orig|zsv|zsv
p4865_mut|zsv|zsv
p4866_orig|zsv|zsv
p4866_mut|zsv|zsv
p4867_orig|zsv|zsv
p4867_mut|zsv|zsv
p4868_orig|zsv|zsv
p4868_mut|zsv|zsv
p4869_orig|zsv|zsv
p4869_mut|zsv|zsv
p4870_orig|zsv|zsv
p4870_mut|zsv|zsv
p4871_orig|zsv|zsv
p4871_mut|zsv|zsv
p4872_orig|zsv|zsv
p4872_mut|zsv|zsv
p4873_orig|zsv|zsv
p4873_mut|zsv|zsv
p4874_orig|zsv|zsv
p4874_mut|zsv|zsv
p4875_orig|zsv|zsv
p4875_mut|zsv|zsv
p4876_orig|zsv|zsv
p4876_mut|zsv|zsv
p4877_orig|zsv|zsv
p4877_mut|zsv|zsv
p4878_orig|zsv|zsv
p4878_mut|zsv|zsv
p4879_orig|zsv|zsv
p4879_mut|zsv|zsv
p4880_orig|zsv|zsv
p4880_mut|zsv|zsv
p4881_orig|zsv|zsv
p4881_mut|zsv|zsv
p4882_orig|zsv|zsv
p4882_mut|zsv|zsv
p4883_orig|zsv|zsv
p4883_mut|zsv|zsv
p4884_orig|zsv|zsv
p4884_mut|zsv|zsv
p4885_orig|zsv|zsv
p4885_mut|zsv|zsv
p4886_orig|zsv|zsv
p4886_mut|zsv|zsv
p4887_orig|zsv|zsv
p4887_mut|zsv|zsv
p4888_orig|zsv|zsv
p4888_mut|zsv|zsv
p4889_orig|zsv|zsv
p4889_mut|zsv|zsv
p4890_orig|zsv|zsv
p4890_mut|zsv|zsv
p4891_orig|zsv|zsv
p4891_mut|zsv|zsv
p4892_orig|zsv|zsv
p4892_mut|zsv|zsv
p4893_orig|zsv|zsv
p4893_mut|zsv|zsv
p4894_orig|zsv|zsv
p4894_mut|zsv|zsv
p4895_orig|zsv|zsv
p4895_mut|zsv|zsv
p4896_orig|zsv|zsv
p4896_mut|zsv|zsv
p4897_orig|zsv|zsv
p4897_mut|zsv|zsv
p4898_orig|zsv|zsv
p4898_mut|zsv|zsv
p4899_orig|zsv|zsv
p4899_mut|zsv|zsv
p4900_orig|zsv|zsv
p4900_mut|zsv|zsv
p4901_orig|zsv|zsv
p4901_mut|zsv|zsv
p4902_orig|zsv|zsv
p4902_mut|zsv|zsv
p4903_orig|zsv|zsv
p4903_mut|zsv|zsv
p4904_orig|zsv|zsv
p4904_mut|zsv|zsv
p4905_orig|zsv|zsv
p4905_mut|zsv|zsv
p4906_orig|zsv|zsv
p4906_mut|zsv|zsv
p4907_orig|zsv|zsv
p4907_mut|zsv|zsv
p4908_orig|zsv|zsv
p4908_mut|zsv|zsv
p4909_orig|zsv|zsv
p4909_mut|zsv|zsv
p4910_orig|zsv|zsv
p4910_mut|zsv|zsv
p4911_orig|zsv|zsv
p4911_mut|zsv|zsv
p4912_orig|zsv|zsv
p4912_mut|zsv|zsv
p4913_orig|zsv|zsv
p4913_mut|zsv|zsv
p4914_orig|zsv|zsv
p4914_mut|zsv|zsv
p4915_orig|zsv|zsv
p4915_mut|zsv|zsv
p4916_orig|zsv|zsv
p4916_mut|zsv|zsv
p4917_orig|zsv|zsv
p4917_mut|zsv|zsv
p4918_orig|zsv|zsv
p4918_mut|zsv|zsv
p4919_orig|zsv|zsv
p4919_mut|zsv|zsv
p4920_orig|zsv|zsv
p4920_mut|zsv|zsv
p4921_orig|zsv|zsv
p4921_mut|zsv|zsv
p4922_orig|zsv|zsv
p4922_mut|zsv|zsv
p4923_orig|zsv|zsv
p4923_mut|zsv|zsv
p4924_orig|zsv|zsv
p4924_mut|zsv|zsv
p4925_orig|zsv|zsv
p4925_mut|zsv|zsv
p4926_orig|zsv|zsv
p4926_mut|zsv|zsv
p4927_orig|zsv|zsv
p4927_mut|zsv|zsv
p4928_orig|zsv|zsv
p4928_mut|zsv|zsv
p4929_orig|zsv|zsv
p4929_mut|zsv|zsv
p4930_orig|zsv|zsv
p4930_mut|zsv|zsv
p4931_orig|zsv|zsv
p4931_mut|zsv|zsv
p4932_orig|zsv|zsv
p4932_mut|zsv|zsv
p4933_orig|zsv|zsv
p4933_mut|zsv|zsv
p4934_orig|zsv|zsv
p4934_mut|zsv|zsv
p4935_orig|zsv|zsv
p4935_mut|zsv|zsv
p4936_orig|zsv|zsv
p4936_mut|zsv|zsv
p4937_orig|zsv|zsv
p4937_mut|zsv|zsv
p4938_orig|zsv|zsv
p4938_mut|zsv|zsv
p4939_orig|zsv|zsv
p4939_mut|zsv|zsv
p4940_orig|zsv|zsv
p4940_mut|zsv|zsv
p4941_orig|zsv|zsv
p4941_mut|zsv|zsv
p4942_orig|zsv|zsv
p4942_mut|zsv|zsv
p4943_orig|zsv|zsv
p4943_mut|zsv|zsv
p4944_orig|zsv|zsv
p4944_mut|zsv|zsv
p4945_orig|zsv|zsv
p4945_mut|zsv|zsv
p4946_orig|zsv|zsv
p4946_mut|zsv|zsv
p4947_orig|zsv|zsv
p4947_mut|zsv|zsv
p4948_orig|zsv|zsv
p4948_mut|zsv|zsv
p4949_orig|zsv|zsv
p4949_mut|zsv|zsv
p4950_orig|zsv|zsv
p4950_mut|zsv|zsv
p4951_orig|zsv|zsv
p4951_mut|zsv|zsv
p4952_orig|zsv|zsv
p4952_mut|zsv|zsv
p4953_orig|zsv|zsv
p4953_mut|zsv|zsv
p4954_orig|zsv|zsv
p4954_mut|zsv|zsv
p4955_orig|zsv|zsv
p4955_mut|zsv|zsv
p4956_orig|zsv|zsv
p4956_mut|zsv|zsv
p4957_orig|zsv|zsv
p4957_mut|zsv|zsv
p4958_orig|zsv|zsv
p4958_mut|zsv|zsv
p4959_orig|zsv|zsv
p4959_mut|zsv|zsv
p4960_orig|zsv|zsv
p4960_mut|zsv|zsv
p4961_orig|zsv|zsv
p4961_mut|zsv|zsv
p4962_orig|zsv|zsv
p4962_mut|zsv|zsv
p4963_orig|zsv|zsv
p4963_mut|zsv|zsv
p4964_orig|zsv|zsv
p4964_mut|zsv|zsv
p4965_orig|zsv|zsv
p4965_mut|zsv|zsv
p4966_orig|zsv|zsv
p4966_mut|zsv|zsv
p4967_orig|zsv|zsv
p4967_mut|zsv|zsv
p4968_orig|zsv|zsv
p4968_mut|zsv|zsv
p4969_orig|zsv|zsv
p4969_mut|zsv|zsv
p4970_orig|zsv|zsv
p4970_mut|zsv|zsv
p4971_orig|zsv|zsv
p4971_mut|zsv|zsv
p4972_orig|zsv|zsv
p4972_mut|zsv|zsv
p4973_orig|zsv|zsv
p4973_mut|zsv|zsv
p4974_orig|zsv|zsv
p4974_mut|zsv|zsv
p4975_orig|zsv|zsv
p4975_mut|zsv|zsv
p4976_orig|zsv|zsv
p4976_mut|zsv|zsv
p4977_orig|zsv|zsv
p4977_mut|zsv|zsv
p4978_orig|zsv|zsv
p4978_mut|zsv|zsv
p4979_orig|zsv|zsv
p4979_mut|zsv|zsv
p4980_orig|zsv|zsv
p4980_mut|zsv|zsv
p4981_orig|zsv|zsv
p4981_mut|zsv|zsv
p4982_orig|zsv|zsv
p4982_mut|zsv|zsv
p4983_orig|zsv|zsv
p4983_mut|zsv|zsv
p4984_orig|zsv|zsv
p4984_mut|zsv|zsv
p4985_orig|zsv|zsv
p4985_mut|zsv|zsv
p4986_orig|zsv|zsv
p4986_mut|zsv|zsv
p4987_orig|zsv|zsv
p4987_mut|zsv|zsv
p4988_orig|zsv|zsv
p4988_mut|zsv|zsv
p4989_orig|zsv|zsv
p4989_mut|zsv|zsv
p4990_orig|zsv|zsv
p4990_mut|zsv|zsv
p4991_orig|zsv|zsv
p4991_mut|zsv|zsv
p4992_orig|zsv|zsv
p4992_mut|zsv|zsv
p4993_orig|zsv|zsv
p4993_mut|zsv|zsv
p4994_orig|zsv|zsv
p4994_mut|zsv|zsv
p4995_orig|zsv|zsv
p4995_mut|zsv|zsv
p4996_orig|zsv|zsv
p4996_mut|zsv|zsv
p4997_orig|zsv|zsv
p4997_mut|zsv|zsv
p4998_orig|zsv|zsv
p4998_mut|zsv|zsv
p4999_orig|zsv|zsv
p4999_mut|zsv|zsv
