ID|role
p0000_orig|original
p0000_mut|mutant
p0001_orig|original
p0001_mut|mutant
p0002_orig|original
p0002_mut|mutant
p0003_orig|original
p0003_mut|mutant
p0004_orig|original
p0004_mut|mutant
p0005_orig|original
p0005_mut|mutant
p0006_orig|original
p0006_mut|mutant
p0007_orig|original
p0007_mut|mutant
p0008_orig|original
p0008_mut|mutant
p0009_orig|original
p0009_mut|mutant
p0010_orig|original
p0010_mut|mutant
p0011_orig|original
p0011_mut|mutant
p0012_orig|original
p0012_mut|mutant
p0013_orig|original
p0013_mut|mutant
p0014_orig|original
p0014_mut|mutant
p0015_orig|original
p0015_mut|mutant
p0016_orig|original
p0016_mut|mutant
p0017_orig|original
p0017_mut|mutant
p0018_orig|original
p0018_mut|mutant
p0019_orig|original
p0019_mut|mutant
p0020_orig|original
p0020_mut|mutant
p0021_orig|original
p0021_mut|mutant
p0022_orig|original
p0022_mut|mutant
p0023_orig|original
p0023_mut|mutant
p0024_orig|original
p0024_mut|mutant
p0025_orig|original
p0025_mut|mutant
p0026_orig|original
p0026_mut|mutant
p0027_orig|original
p0027_mut|mutant
p0028_orig|original
p0028_mut|mutant
p0029_orig|original
p0029_mut|mutant
p0030_orig|original
p0030_mut|mutant
p0031_orig|original
p0031_mut|mutant
p0032_orig|original
p0032_mut|mutant
p0033_orig|original
p0033_mut|mutant
p0034_orig|original
p0034_mut|mutant
p0035_orig|original
p0035_mut|mutant
p0036_orig|original
p0036_mut|mutant
p0037_orig|original
p0037_mut|mutant
p0038_orig|original
p0038_mut|mutant
p0039_orig|original
p0039_mut|mutant
p0040_orig|original
p0040_mut|mutant
p0041_orig|original
p0041_mut|mutant
p0042_orig|original
p0042_mut|mutant
p0043_orig|original
p0043_mut|mutant
p0044_orig|original
p0044_mut|mutant
p0045_orig|original
p0045_mut|mutant
p0046_orig|original
p0046_mut|mutant
p0047_orig|original
p0047_mut|mutant
p0048_orig|original
p0048_mut|mutant
p0049_orig|original
p0049_mut|mutant
p0050_orig|original
p0050_mut|mutant
p0051_orig|original
p0051_mut|mutant
p0052_orig|original
p0052_mut|mutant
p0053_orig|original
p0053_mut|mutant
p0054_orig|original
p0054_mut|mutant
p0055_orig|original
p0055_mut|mutant
p0056_orig|original
p0056_mut|mutant
p0057_orig|original
p0057_mut|mutant
p0058_orig|original
p0058_mut|mutant
p0059_orig|original
p0059_mut|mutant
p0060_orig|original
p0060_mut|mutant
p0061_orig|original
p0061_mut|mutant
p0062_orig|original
p0062_mut|mutant
p0063_orig|original
p0063_mut|mutant
p0064_orig|original
p0064_mut|mutant
p0065_orig|original
p0065_mut|mutant
p0066_orig|original
p0066_mut|mutant
p0067_orig|original
p0067_mut|mutant
p0068_orig|original
p0068_mut|mutant
p0069_orig|original
p0069_mut|mutant
p0070_orig|original
p0070_mut|mutant
p0071_orig|original
p0071_mut|mutant
p0072_orig|original
p0072_mut|mutant
p0073_orig|original
p0073_mut|mutant
p0074_orig|original
p0074_mut|mutant
p0075_orig|original
p0075_mut|mutant
p0076_orig|original
p0076_mut|mutant
p0077_orig|original
p0077_mut|mutant
p0078_orig|original
p0078_mut|mutant
p0079_orig|original
p0079_mut|mutant
p0080_orig|original
p0080_mut|mutant
p0081_orig|original
p0081_mut|mutant
p0082_orig|original
p0082_mut|mutant
p0083_orig|original
p0083_mut|mutant
p0084_orig|original
p0084_mut|mutant
p0085_orig|original
p0085_mut|mutant
p0086_orig|original
p0086_mut|mutant
p0087_orig|original
p0087_mut|mutant
p0088_orig|original
p0088_mut|mutant
p0089_orig|original
p0089_mut|mutant
p0090_orig|original
p0090_mut|mutant
p0091_orig|original
p0091_mut|mutant
p0092_orig|original
p0092_mut|mutant
p0093_orig|original
p0093_mut|mutant
p0094_orig|original
p0094_mut|mutant
p0095_orig|original
p0095_mut|mutant
p0096_orig|original
p0096_mut|mutant
p0097_orig|original
p0097_mut|mutant
p0098_orig|original
p0098_mut|mutant
p0099_orig|original
p0099_mut|mutant
p0100_orig|original
p0100_mut|mutant
p0101_orig|original
p0101_mut|mutant
p0102_orig|original
p0102_mut|mutant
p0103_orig|original
p0103_mut|mutant
p0104_orig|original
p0104_mut|mutant
p0105_orig|original
p0105_mut|mutant
p0106_orig|original
p0106_mut|mutant
p0107_orig|original
p0107_mut|mutant
p0108_orig|original
p0108_mut|mutant
p0109_orig|original
p0109_mut|mutant
p0110_orig|original
p0110_mut|mutant
p0111_orig|original
p0111_mut|mutant
p0112_orig|original
p0112_mut|mutant
p0113_orig|original
p0113_mut|mutant
p0114_orig|original
p0114_mut|mutant
p0115_orig|original
p0115_mut|mutant
p0116_orig|original
p0116_mut|mutant
p0117_orig|original
p0117_mut|mutant
p0118_orig|original
p0118_mut|mutant
p0119_orig|original
p0119_mut|mutant
p0120_orig|original
p0120_mut|mutant
p0121_orig|original
p0121_mut|mutant
p0122_orig|original
p0122_mut|mutant
p0123_orig|original
p0123_mut|mutant
p0124_orig|original
p0124_mut|mutant
p0125_orig|original
p0125_mut|mutant
p0126_orig|original
p0126_mut|mutant
p0127_orig|original
p0127_mut|mutant
p0128_orig|original
p0128_mut|mutant
p0129_orig|original
p0129_mut|mutant
p0130_orig|original
p0130_mut|mutant
p0131_orig|original
p0131_mut|mutant
p0132_orig|original
p0132_mut|mutant
p0133_orig|original
p0133_mut|mutant
p0134_orig|original
p0134_mut|mutant
p0135_orig|original
p0135_mut|mutant
p0136_orig|original
p0136_mut|mutant
p0137_orig|original
p0137_mut|mutant
p0138_orig|original
p0138_mut|mutant
p0139_orig|original
p0139_mut|mutant
p0140_orig|original
p0140_mut|mutant
p0141_orig|original
p0141_mut|mutant
p0142_orig|original
p0142_mut|mutant
p0143_orig|original
p0143_mut|mutant
p0144_orig|original
p0144_mut|mutant
p0145_orig|original
p0145_mut|mutant
p0146_orig|original
p0146_mut|mutant
p0147_orig|original
p0147_mut|mutant
p0148_orig|original
p0148_mut|mutant
p0149_orig|original
p0149_mut|mutant
p0150_orig|original
p0150_mut|mutant
p0151_orig|original
p0151_mut|mutant
p0152_orig|original
p0152_mut|mutant
p0153_orig|original
p0153_mut|mutant
p0154_orig|original
p0154_mut|mutant
p0155_orig|original
p0155_mut|mutant
p0156_orig|original
p0156_mut|mutant
p0157_orig|original
p0157_mut|mutant
p0158_orig|original
p0158_mut|mutant
p0159_orig|original
p0159_mut|mutant
p0160_orig|original
p0160_mut|mutant
p0161_orig|original
p0161_mut|mutant
p0162_orig|original
p0162_mut|mutant
p0163_orig|original
p0163_mut|mutant
p0164_orig|original
p0164_mut|mutant
p0165_orig|original
p0165_mut|mutant
p0166_orig|original
p0166_mut|mutant
p0167_orig|original
p0167_mut|mutant
p0168_orig|original
p0168_mut|mutant
p0169_orig|original
p0169_mut|mutant
p0170_orig|original
p0170_mut|mutant
p0171_orig|original
p0171_mut|mutant
p0172_orig|original
p0172_mut|mutant
p0173_orig|original
p0173_mut|mutant
p0174_orig|original
p0174_mut|mutant
p0175_orig|original
p0175_mut|mutant
p0176_orig|original
p0176_mut|mutant
p0177_orig|original
p0177_mut|mutant
p0178_orig|original
p0178_mut|mutant
p0179_orig|original
p0179_mut|mutant
p0180_orig|original
p0180_mut|mutant
p0181_orig|original
p0181_mut|mutant
p0182_orig|original
p0182_mut|mutant
p0183_orig|original
p0183_mut|mutant
p0184_orig|original
p0184_mut|mutant
p0185_orig|original
p0185_mut|mutant
p0186_orig|original
p0186_mut|mutant
p0187_orig|original
p0187_mut|mutant
p0188_orig|original
p0188_mut|mutant
p0189_orig|original
p0189_mut|mutant
p0190_orig|original
p0190_mut|mutant
p0191_orig|original
p0191_mut|mutant
p0192_orig|original
p0192_mut|mutant
p0193_orig|original
p0193_mut|mutant
p0194_orig|original
p0194_mut|mutant
p0195_orig|original
p0195_mut|mutant
p0196_orig|original
p0196_mut|mutant
p0197_orig|original
p0197_mut|mutant
p0198_orig|original
p0198_mut|mutant
p0199_orig|original
p0199_mut|mutant
p0200_orig|original
p0200_mut|mutant
p0201_orig|original
p0201_mut|mutant
p0202_orig|original
p0202_mut|mutant
p0203_orig|original
p0203_mut|mutant
p0204_orig|original
p0204_mut|mutant
p0205_orig|original
p0205_mut|mutant
p0206_orig|original
p0206_mut|mutant
p0207_orig|original
p0207_mut|mutant
p0208_orig|original
p0208_mut|mutant
p0209_orig|original
p0209_mut|mutant
p0210_orig|original
p0210_mut|mutant
p0211_orig|original
p0211_mut|mutant
p0212_orig|original
p0212_mut|mutant
p0213_orig|original
p0213_mut|mutant
p0214_orig|original
p0214_mut|mutant
p0215_orig|original
p0215_mut|mutant
p0216_orig|original
p0216_mut|mutant
p0217_orig|original
p0217_mut|mutant
p0218_orig|original
p0218_mut|mutant
p0219_orig|original
p0219_mut|mutant
p0220_orig|original
p0220_mut|mutant
p0221_orig|original
p0221_mut|mutant
p0222_orig|original
p0222_mut|mutant
p0223_orig|original
p0223_mut|mutant
p0224_orig|original
p0224_mut|mutant
p0225_orig|original
p0225_mut|mutant
p0226_orig|original
p0226_mut|mutant
p0227_orig|original
p0227_mut|mutant
p0228_orig|original
p0228_mut|mutant
p0229_orig|original
p0229_mut|mutant
p0230_orig|original
p0230_mut|mutant
p0231_orig|original
p0231_mut|mutant
p0232_orig|original
p0232_mut|mutant
p0233_orig|original
p0233_mut|mutant
p0234_orig|original
p0234_mut|mutant
p0235_orig|original
p0235_mut|mutant
p0236_orig|original
p0236_mut|mutant
p0237_orig|original
p0237_mut|mutant
p0238_orig|original
p0238_mut|mutant
p0239_orig|original
p0239_mut|mutant
p0240_orig|original
p0240_mut|mutant
p0241_orig|original
p0241_mut|mutant
p0242_orig|original
p0242_mut|mutant
p0243_orig|original
p0243_mut|mutant
p0244_orig|original
p0244_mut|mutant
p0245_orig|original
p0245_mut|mutant
p0246_orig|original
p0246_mut|mutant
p0247_orig|original
p0247_mut|mutant
p0248_orig|original
p0248_mut|mutant
p0249_orig|original
p0249_mut|mutant
p0250_orig|original
p0250_mut|mutant
p0251_orig|original
p0251_mut|mutant
p0252_orig|original
p0252_mut|mutant
p0253_orig|original
p0253_mut|mutant
p0254_orig|original
p0254_mut|mutant
p0255_orig|original
p0255_mut|mutant
p0256_orig|original
p0256_mut|mutant
p0257_orig|original
p0257_mut|mutant
p0258_orig|original
p0258_mut|mutant
p0259_orig|original
p0259_mut|mutant
p0260_orig|original
p0260_mut|mutant
p0261_orig|original
p0261_mut|mutant
p0262_orig|original
p0262_mut|mutant
p0263_orig|original
p0263_mut|mutant
p0264_orig|original
p0264_mut|mutant
p0265_orig|original
p0265_mut|mutant
p0266_orig|original
p0266_mut|mutant
p0267_orig|original
p0267_mut|mutant
p0268_orig|original
p0268_mut|mutant
p0269_orig|original
p0269_mut|mutant
p0270_orig|original
p0270_mut|mutant
p0271_orig|original
p0271_mut|mutant
p0272_orig|original
p0272_mut|mutant
p0273_orig|original
p0273_mut|mutant
p0274_orig|original
p0274_mut|mutant
p0275_orig|original
p0275_mut|mutant
p0276_orig|original
p0276_mut|mutant
p0277_orig|original
p0277_mut|mutant
p0278_orig|original
p0278_mut|mutant
p0279_orig|original
p0279_mut|mutant
p0280_orig|original
p0280_mut|mutant
p0281_orig|original
p0281_mut|mutant
p0282_orig|original
p0282_mut|mutant
p0283_orig|original
p0283_mut|mutant
p0284_orig|original
p0284_mut|mutant
p0285_orig|original
p0285_mut|mutant
p0286_orig|original
p0286_mut|mutant
p0287_orig|original
p0287_mut|mutant
p0288_orig|original
p0288_mut|mutant
p0289_orig|original
p0289_mut|mutant
p0290_orig|original
p0290_mut|mutant
p0291_orig|original
p0291_mut|mutant
p0292_orig|original
p0292_mut|mutant
p0293_orig|original
p0293_mut|mutant
p0294_orig|original
p0294_mut|mutant
p0295_orig|original
p0295_mut|mutant
p0296_orig|original
p0296_mut|mutant
p0297_orig|original
p0297_mut|mutant
p0298_orig|original
p0298_mut|mutant
p0299_orig|original
p0299_mut|mutant
p0300_orig|original
p0300_mut|mutant
p0301_orig|original
p0301_mut|mutant
p0302_orig|original
p0302_mut|mutant
p0303_orig|original
p0303_mut|mutant
p0304_orig|original
p0304_mut|mutant
p0305_orig|original
p0305_mut|mutant
p0306_orig|original
p0306_mut|mutant
p0307_orig|original
p0307_mut|mutant
p0308_orig|original
p0308_mut|mutant
p0309_orig|original
p0309_mut|mutant
p0310_orig|original
p0310_mut|mutant
p0311_orig|original
p0311_mut|mutant
p0312_orig|original
p0312_mut|mutant
p0313_orig|original
p0313_mut|mutant
p0314_orig|original
p0314_mut|mutant
p0315_orig|original
p0315_mut|mutant
p0316_orig|original
p0316_mut|mutant
p0317_orig|original
p0317_mut|mutant
p0318_orig|original
p0318_mut|mutant
p0319_orig|original
p0319_mut|mutant
p0320_orig|original
p0320_mut|mutant
p0321_orig|original
p0321_mut|mutant
p0322_orig|original
p0322_mut|mutant
p0323_orig|original
p0323_mut|mutant
p0324_orig|original
p0324_mut|mutant
p0325_orig|original
p0325_mut|mutant
p0326_orig|original
p0326_mut|mutant
p0327_orig|original
p0327_mut|mutant
p0328_orig|original
p0328_mut|mutant
p0329_orig|original
p0329_mut|mutant
p0330_orig|original
p0330_mut|mutant
p0331_orig|original
p0331_mut|mutant
p0332_orig|original
p0332_mut|mutant
p0333_orig|original
p0333_mut|mutant
p0334_orig|original
p0334_mut|mutant
p0335_orig|original
p0335_mut|mutant
p0336_orig|original
p0336_mut|mutant
p0337_orig|original
p0337_mut|mutant
p0338_orig|original
p0338_mut|mutant
p0339_orig|original
p0339_mut|mutant
p0340_orig|original
p0340_mut|mutant
p0341_orig|original
p0341_mut|mutant
p0342_orig|original
p0342_mut|mutant
p0343_orig|original
p0343_mut|mutant
p0344_orig|original
p0344_mut|mutant
p0345_orig|original
p0345_mut|mutant
p0346_orig|original
p0346_mut|mutant
p0347_orig|original
p0347_mut|mutant
p0348_orig|original
p0348_mut|mutant
p0349_orig|original
p0349_mut|mutant
p0350_orig|original
p0350_mut|mutant
p0351_orig|original
p0351_mut|mutant
p0352_orig|original
p0352_mut|mutant
p0353_orig|original
p0353_mut|mutant
p0354_orig|original
p0354_mut|mutant
p0355_orig|original
p0355_mut|mutant
p0356_orig|original
p0356_mut|mutant
p0357_orig|original
p0357_mut|mutant
p0358_orig|original
p0358_mut|mutant
p0359_orig|original
p0359_mut|mutant
p0360_orig|original
p0360_mut|mutant
p0361_orig|original
p0361_mut|mutant
p0362_orig|original
p0362_mut|mutant
p0363_orig|original
p0363_mut|mutant
p0364_orig|original
p0364_mut|mutant
p0365_orig|original
p0365_mut|mutant
p0366_orig|original
p0366_mut|mutant
p0367_orig|original
p0367_mut|mutant
p0368_orig|original
p0368_mut|mutant
p0369_orig|original
p0369_mut|mutant
p0370_orig|original
p0370_mut|mutant
p0371_orig|original
p0371_mut|mutant
p0372_orig|original
p0372_mut|mutant
p0373_orig|original
p0373_mut|mutant
p0374_orig|original
p0374_mut|mutant
p0375_orig|original
p0375_mut|mutant
p0376_orig|original
p0376_mut|mutant
p0377_orig|original
p0377_mut|mutant
p0378_orig|original
p0378_mut|mutant
p0379_orig|original
p0379_mut|mutant
p0380_orig|original
p0380_mut|mutant
p0381_orig|original
p0381_mut|mutant
p0382_orig|original
p0382_mut|mutant
p0383_orig|original
p0383_mut|mutant
p0384_orig|original
p0384_mut|mutant
p0385_orig|original
p0385_mut|mutant
p0386_orig|original
p0386_mut|mutant
p0387_orig|original
p0387_mut|mutant
p0388_orig|original
p0388_mut|mutant
p0389_orig|original
p0389_mut|mutant
p0390_orig|original
p0390_mut|mutant
p0391_orig|original
p0391_mut|mutant
p0392_orig|original
p0392_mut|mutant
p0393_orig|original
p0393_mut|mutant
p0394_orig|original
p0394_mut|mutant
p0395_orig|original
p0395_mut|mutant
p0396_orig|original
p0396_mut|mutant
p0397_orig|original
p0397_mut|mutant
p0398_orig|original
p0398_mut|mutant
p0399_orig|original
p0399_mut|mutant
p0400_orig|original
p0400_mut|mutant
p0401_orig|original
p0401_mut|mutant
p0402_orig|original
p0402_mut|mutant
p0403_orig|original
p0403_mut|mutant
p0404_orig|original
p0404_mut|mutant
p0405_orig|original
p0405_mut|mutant
p0406_orig|original
p0406_mut|mutant
p0407_orig|original
p0407_mut|mutant
p0408_orig|original
p0408_mut|mutant
p0409_orig|original
p0409_mut|mutant
p0410_orig|original
p0410_mut|mutant
p0411_orig|original
p0411_mut|mutant
p0412_orig|original
p0412_mut|mutant
p0413_orig|original
p0413_mut|mutant
p0414_orig|original
p0414_mut|mutant
p0415_orig|original
p0415_mut|mutant
p0416_orig|original
p0416_mut|mutant
p0417_orig|original
p0417_mut|mutant
p0418_orig|original
p0418_mut|mutant
p0419_orig|original
p0419_mut|mutant
p0420_orig|original
p0420_mut|mutant
p0421_orig|original
p0421_mut|mutant
p0422_orig|original
p0422_mut|mutant
p0423_orig|original
p0423_mut|mutant
p0424_orig|original
p0424_mut|mutant
p0425_orig|original
p0425_mut|mutant
p0426_orig|original
p0426_mut|mutant
p0427_orig|original
p0427_mut|mutant
p0428_orig|original
p0428_mut|mutant
p0429_orig|original
p0429_mut|mutant
p0430_orig|original
p0430_mut|mutant
p0431_orig|original
p0431_mut|mutant
p0432_orig|original
p0432_mut|mutant
p0433_orig|original
p0433_mut|mutant
p0434_orig|original
p0434_mut|mutant
p0435_orig|original
p0435_mut|mutant
p0436_orig|original
p0436_mut|mutant
p0437_orig|original
p0437_mut|mutant
p0438_orig|original
p0438_mut|mutant
p0439_orig|original
p0439_mut|mutant
p0440_orig|original
p0440_mut|mutant
p0441_orig|original
p0441_mut|mutant
p0442_orig|original
p0442_mut|mutant
p0443_orig|original
p0443_mut|mutant
p0444_orig|original
p0444_mut|mutant
p0445_orig|original
p0445_mut|mutant
p0446_orig|original
p0446_mut|mutant
p0447_orig|original
p0447_mut|mutant
p0448_orig|original
p0448_mut|mutant
p0449_orig|original
p0449_mut|mutant
p0450_orig|original
p0450_mut|mutant
p0451_orig|original
p0451_mut|mutant
p0452_orig|original
p0452_mut|mutant
p0453_orig|original
p0453_mut|mutant
p0454_orig|original
p0454_mut|mutant
p0455_orig|original
p0455_mut|mutant
p0456_orig|original
p0456_mut|mutant
p0457_orig|original
p0457_mut|mutant
p0458_orig|original
p0458_mut|mutant
p0459_orig|original
p0459_mut|mutant
p0460_orig|original
p0460_mut|mutant
p0461_orig|original
p0461_mut|mutant
p0462_orig|original
p0462_mut|mutant
p0463_orig|original
p0463_mut|mutant
p0464_orig|original
p0464_mut|mutant
p0465_orig|original
p0465_mut|mutant
p0466_orig|original
p0466_mut|mutant
p0467_orig|original
p0467_mut|mutant
p0468_orig|original
p0468_mut|mutant
p0469_orig|original
p0469_mut|mutant
p0470_orig|original
p0470_mut|mutant
p0471_orig|original
p0471_mut|mutant
p0472_orig|original
p0472_mut|mutant
p0473_orig|original
p0473_mut|mutant
p0474_orig|original
p0474_mut|mutant
p0475_orig|original
p0475_mut|mutant
p0476_orig|original
p0476_mut|mutant
p0477_orig|original
p0477_mut|mutant
p0478_orig|original
p0478_mut|mutant
p0479_orig|original
p0479_mut|mutant
p0480_orig|original
p0480_mut|mutant
p0481_orig|original
p0481_mut|mutant
p0482_orig|original
p0482_mut|mutant
p0483_orig|original
p0483_mut|mutant
p0484_orig|original
p0484_mut|mutant
p0485_orig|original
p0485_mut|mutant
p0486_orig|original
p0486_mut|mutant
p0487_orig|original
p0487_mut|mutant
p0488_orig|original
p0488_mut|mutant
p0489_orig|original
p0489_mut|mutant
p0490_orig|original
p0490_mut|mutant
p0491_orig|original
p0491_mut|mutant
p0492_orig|original
p0492_mut|mutant
p0493_orig|original
p0493_mut|mutant
p0494_orig|original
p0494_mut|mutant
p0495_orig|original
p0495_mut|mutant
p0496_orig|original
p0496_mut|mutant
p0497_orig|original
p0497_mut|mutant
p0498_orig|original
p0498_mut|mutant
p0499_orig|original
p0499_mut|mutant
p0500_orig|original
p0500_mut|mutant
p0501_orig|original
p0501_mut|mutant
p0502_orig|original
p0502_mut|mutant
p0503_orig|original
p0503_mut|mutant
p0504_orig|original
p0504_mut|mutant
p0505_orig|original
p0505_mut|mutant
p0506_orig|original
p0506_mut|mutant
p0507_orig|original
p0507_mut|mutant
p0508_orig|original
p0508_mut|mutant
p0509_orig|original
p0509_mut|mutant
p0510_orig|original
p0510_mut|mutant
p0511_orig|original
p0511_mut|mutant
p0512_orig|original
p0512_mut|mutant
p0513_orig|original
p0513_mut|mutant
p0514_orig|original
p0514_mut|mutant
p0515_orig|original
p0515_mut|mutant
p0516_orig|original
p0516_mut|mutant
p0517_orig|original
p0517_mut|mutant
p0518_orig|original
p0518_mut|mutant
p0519_orig|original
p0519_mut|mutant
p0520_orig|original
p0520_mut|mutant
p0521_orig|original
p0521_mut|mutant
p0522_orig|original
p0522_mut|mutant
p0523_orig|original
p0523_mut|mutant
p0524_orig|original
p0524_mut|mutant
p0525_orig|original
p0525_mut|mutant
p0526_orig|original
p0526_mut|mutant
p0527_orig|original
p0527_mut|mutant
p0528_orig|original
p0528_mut|mutant
p0529_orig|original
p0529_mut|mutant
p0530_orig|original
p0530_mut|mutant
p0531_orig|original
p0531_mut|mutant
p0532_orig|original
p0532_mut|mutant
p0533_orig|original
p0533_mut|mutant
p0534_orig|original
p0534_mut|mutant
p0535_orig|original
p0535_mut|mutant
p0536_orig|original
p0536_mut|mutant
p0537_orig|original
p0537_mut|mutant
p0538_orig|original
p0538_mut|mutant
p0539_orig|original
p0539_mut|mutant
p0540_orig|original
p0540_mut|mutant
p0541_orig|original
p0541_mut|mutant
p0542_orig|original
p0542_mut|mutant
p0543_orig|original
p0543_mut|mutant
p0544_orig|original
p0544_mut|mutant
p0545_orig|original
p0545_mut|mutant
p0546_orig|original
p0546_mut|mutant
p0547_orig|original
p0547_mut|mutant
p0548_orig|original
p0548_mut|mutant
p0549_orig|original
p0549_mut|mutant
p0550_orig|original
p0550_mut|mutant
p0551_orig|original
p0551_mut|mutant
p0552_orig|original
p0552_mut|mutant
p0553_orig|original
p0553_mut|mutant
p0554_orig|original
p0554_mut|mutant
p0555_orig|original
p0555_mut|mutant
p0556_orig|original
p0556_mut|mutant
p0557_orig|original
p0557_mut|mutant
p0558_orig|original
p0558_mut|mutant
p0559_orig|original
p0559_mut|mutant
p0560_orig|original
p0560_mut|mutant
p0561_orig|original
p0561_mut|mutant
p0562_orig|original
p0562_mut|mutant
p0563_orig|original
p0563_mut|mutant
p0564_orig|original
p0564_mut|mutant
p0565_orig|original
p0565_mut|mutant
p0566_orig|original
p0566_mut|mutant
p0567_orig|original
p0567_mut|mutant
p0568_orig|original
p0568_mut|mutant
p0569_orig|original
p0569_mut|mutant
p0570_orig|original
p0570_mut|mutant
p0571_orig|original
p0571_mut|mutant
p0572_orig|original
p0572_mut|mutant
p0573_orig|original
p0573_mut|mutant
p0574_orig|original
p0574_mut|mutant
p0575_orig|original
p0575_mut|mutant
p0576_orig|original
p0576_mut|mutant
p0577_orig|original
p0577_mut|mutant
p0578_orig|original
p0578_mut|mutant
p0579_orig|original
p0579_mut|mutant
p0580_orig|original
p0580_mut|mutant
p0581_orig|original
p0581_mut|mutant
p0582_orig|original
p0582_mut|mutant
p0583_orig|original
p0583_mut|mutant
p0584_orig|original
p0584_mut|mutant
p0585_orig|original
p0585_mut|mutant
p0586_orig|original
p0586_mut|mutant
p0587_orig|original
p0587_mut|mutant
p0588_orig|original
p0588_mut|mutant
p0589_orig|original
p0589_mut|mutant
p0590_orig|original
p0590_mut|mutant
p0591_orig|original
p0591_mut|mutant
p0592_orig|original
p0592_mut|mutant
p0593_orig|original
p0593_mut|mutant
p0594_orig|original
p0594_mut|mutant
p0595_orig|original
p0595_mut|mutant
p0596_orig|original
p0596_mut|mutant
p0597_orig|original
p0597_mut|mutant
p0598_orig|original
p0598_mut|mutant
p0599_orig|original
p0599_mut|mutant
p0600_orig|original
p0600_mut|mutant
p0601_orig|original
p0601_mut|mutant
p0602_orig|original
p0602_mut|mutant
p0603_orig|original
p0603_mut|mutant
p0604_orig|original
p0604_mut|mutant
p0605_orig|original
p0605_mut|mutant
p0606_orig|original
p0606_mut|mutant
p0607_orig|original
p0607_mut|mutant
p0608_orig|original
p0608_mut|mutant
p0609_orig|original
p0609_mut|mutant
p0610_orig|original
p0610_mut|mutant
p0611_orig|original
p0611_mut|mutant
p0612_orig|original
p0612_mut|mutant
p0613_orig|original
p0613_mut|mutant
p0614_orig|original
p0614_mut|mutant
p0615_orig|original
p0615_mut|mutant
p0616_orig|original
p0616_mut|mutant
p0617_orig|original
p0617_mut|mutant
p0618_orig|original
p0618_mut|mutant
p0619_orig|original
p0619_mut|mutant
p0620_orig|original
p0620_mut|mutant
p0621_orig|original
p0621_mut|mutant
p0622_orig|original
p0622_mut|mutant
p0623_orig|original
p0623_mut|mutant
p0624_orig|original
p0624_mut|mutant
p0625_orig|original
p0625_mut|mutant
p0626_orig|original
p0626_mut|mutant
p0627_orig|original
p0627_mut|mutant
p0628_orig|original
p0628_mut|mutant
p0629_orig|original
p0629_mut|mutant
p0630_orig|original
p0630_mut|mutant
p0631_orig|original
p0631_mut|mutant
p0632_orig|original
p0632_mut|mutant
p0633_orig|original
p0633_mut|mutant
p0634_orig|original
p0634_mut|mutant
p0635_orig|original
p0635_mut|mutant
p0636_orig|original
p0636_mut|mutant
p0637_orig|original
p0637_mut|mutant
p0638_orig|original
p0638_mut|mutant
p0639_orig|original
p0639_mut|mutant
p0640_orig|original
p0640_mut|mutant
p0641_orig|original
p0641_mut|mutant
p0642_orig|original
p0642_mut|mutant
p0643_orig|original
p0643_mut|mutant
p0644_orig|original
p0644_mut|mutant
p0645_orig|original
p0645_mut|mutant
p0646_orig|original
p0646_mut|mutant
p0647_orig|original
p0647_mut|mutant
p0648_orig|original
p0648_mut|mutant
p0649_orig|original
p0649_mut|mutant
p0650_orig|original
p0650_mut|mutant
p0651_orig|original
p0651_mut|mutant
p0652_orig|original
p0652_mut|mutant
p0653_orig|original
p0653_mut|mutant
p0654_orig|original
p0654_mut|mutant
p0655_orig|original
p0655_mut|mutant
p0656_orig|original
p0656_mut|mutant
p0657_orig|original
p0657_mut|mutant
p0658_orig|original
p0658_mut|mutant
p0659_orig|original
p0659_mut|mutant
p0660_orig|original
p0660_mut|mutant
p0661_orig|original
p0661_mut|mutant
p0662_orig|original
p0662_mut|mutant
p0663_orig|original
p0663_mut|mutant
p0664_orig|original
p0664_mut|mutant
p0665_orig|original
p0665_mut|mutant
p0666_orig|original
p0666_mut|mutant
p0667_orig|original
p0667_mut|mutant
p0668_orig|original
p0668_mut|mutant
p0669_orig|original
p0669_mut|mutant
p0670_orig|original
p0670_mut|mutant
p0671_orig|original
p0671_mut|mutant
p0672_orig|original
p0672_mut|mutant
p0673_orig|original
p0673_mut|mutant
p0674_orig|original
p0674_mut|mutant
p0675_orig|original
p0675_mut|mutant
p0676_orig|original
p0676_mut|mutant
p0677_orig|original
p0677_mut|mutant
p0678_orig|original
p0678_mut|mutant
p0679_orig|original
p0679_mut|mutant
p0680_orig|original
p0680_mut|mutant
p0681_orig|original
p0681_mut|mutant
p0682_orig|original
p0682_mut|mutant
p0683_orig|original
p0683_mut|mutant
p0684_orig|original
p0684_mut|mutant
p0685_orig|original
p0685_mut|mutant
p0686_orig|original
p0686_mut|mutant
p0687_orig|original
p0687_mut|mutant
p0688_orig|original
p0688_mut|mutant
p0689_orig|original
p0689_mut|mutant
p0690_orig|original
p0690_mut|mutant
p0691_orig|original
p0691_mut|mutant
p0692_orig|original
p0692_mut|mutant
p0693_orig|original
p0693_mut|mutant
p0694_orig|original
p0694_mut|mutant
p0695_orig|original
p0695_mut|mutant
p0696_orig|original
p0696_mut|mutant
p0697_orig|original
p0697_mut|mutant
p0698_orig|original
p0698_mut|mutant
p0699_orig|original
p0699_mut|mutant
p0700_orig|original
p0700_mut|mutant
p0701_orig|original
p0701_mut|mutant
p0702_orig|original
p0702_mut|mutant
p0703_orig|original
p0703_mut|mutant
p0704_orig|original
p0704_mut|mutant
p0705_orig|original
p0705_mut|mutant
p0706_orig|original
p0706_mut|mutant
p0707_orig|original
p0707_mut|mutant
p0708_orig|original
p0708_mut|mutant
p0709_orig|original
p0709_mut|mutant
p0710_orig|original
p0710_mut|mutant
p0711_orig|original
p0711_mut|mutant
p0712_orig|original
p0712_mut|mutant
p0713_orig|original
p0713_mut|mutant
p0714_orig|original
p0714_mut|mutant
p0715_orig|original
p0715_mut|mutant
p0716_orig|original
p0716_mut|mutant
p0717_orig|original
p0717_mut|mutant
p0718_orig|original
p0718_mut|mutant
p0719_orig|original
p0719_mut|mutant
p0720_orig|original
p0720_mut|mutant
p0721_orig|original
p0721_mut|mutant
p0722_orig|original
p0722_mut|mutant
p0723_orig|original
p0723_mut|mutant
p0724_orig|original
p0724_mut|mutant
p0725_orig|original
p0725_mut|mutant
p0726_orig|original
p0726_mut|mutant
p0727_orig|original
p0727_mut|mutant
p0728_orig|original
p0728_mut|mutant
p0729_orig|original
p0729_mut|mutant
p0730_orig|original
p0730_mut|mutant
p0731_orig|original
p0731_mut|mutant
p0732_orig|original
p0732_mut|mutant
p0733_orig|original
p0733_mut|mutant
p0734_orig|original
p0734_mut|mutant
p0735_orig|original
p0735_mut|mutant
p0736_orig|original
p0736_mut|mutant
p0737_orig|original
p0737_mut|mutant
p0738_orig|original
p0738_mut|mutant
p0739_orig|original
p0739_mut|mutant
p0740_orig|original
p0740_mut|mutant
p0741_orig|original
p0741_mut|mutant
p0742_orig|original
p0742_mut|mutant
p0743_orig|original
p0743_mut|mutant
p0744_orig|original
p0744_mut|mutant
p0745_orig|original
p0745_mut|mutant
p0746_orig|original
p0746_mut|mutant
p0747_orig|original
p0747_mut|mutant
p0748_orig|original
p0748_mut|mutant
p0749_orig|original
p0749_mut|mutant
p0750_orig|original
p0750_mut|mutant
p0751_orig|original
p0751_mut|mutant
p0752_orig|original
p0752_mut|mutant
p0753_orig|original
p0753_mut|mutant
p0754_orig|original
p0754_mut|mutant
p0755_orig|original
p0755_mut|mutant
p0756_orig|original
p0756_mut|mutant
p0757_orig|original
p0757_mut|mutant
p0758_orig|original
p0758_mut|mutant
p0759_orig|original
p0759_mut|mutant
p0760_orig|original
p0760_mut|mutant
p0761_orig|original
p0761_mut|mutant
p0762_orig|original
p0762_mut|mutant
p0763_orig|original
p0763_mut|mutant
p0764_orig|original
p0764_mut|mutant
p0765_orig|original
p0765_mut|mutant
p0766_orig|original
p0766_mut|mutant
p0767_orig|original
p0767_mut|mutant
p0768_orig|original
p0768_mut|mutant
p0769_orig|original
p0769_mut|mutant
p0770_orig|original
p0770_mut|mutant
p0771_orig|original
p0771_mut|mutant
p0772_orig|original
p0772_mut|mutant
p0773_orig|original
p0773_mut|mutant
p0774_orig|original
p0774_mut|mutant
p0775_orig|original
p0775_mut|mutant
p0776_orig|original
p0776_mut|mutant
p0777_orig|original
p0777_mut|mutant
p0778_orig|original
p0778_mut|mutant
p0779_orig|original
p0779_mut|mutant
p0780_orig|original
p0780_mut|mutant
p0781_orig|original
p0781_mut|mutant
p0782_orig|original
p0782_mut|mutant
p0783_orig|original
p0783_mut|mutant
p0784_orig|original
p0784_mut|mutant
p0785_orig|original
p0785_mut|mutant
p0786_orig|original
p0786_mut|mutant
p0787_orig|original
p0787_mut|mutant
p0788_orig|original
p0788_mut|mutant
p0789_orig|original
p0789_mut|mutant
p0790_orig|original
p0790_mut|mutant
p0791_orig|original
p0791_mut|mutant
p0792_orig|original
p0792_mut|mutant
p0793_orig|original
p0793_mut|mutant
p0794_orig|original
p0794_mut|mutant
p0795_orig|original
p0795_mut|mutant
p0796_orig|original
p0796_mut|mutant
p0797_orig|original
p0797_mut|mutant
p0798_orig|original
p0798_mut|mutant
p0799_orig|original
p0799_mut|mutant
p0800_orig|original
p0800_mut|mutant
p0801_orig|original
p0801_mut|mutant
p0802_orig|original
p0802_mut|mutant
p0803_orig|original
p0803_mut|mutant
p0804_orig|original
p0804_mut|mutant
p0805_orig|original
p0805_mut|mutant
p0806_orig|original
p0806_mut|mutant
p0807_orig|original
p0807_mut|mutant
p0808_orig|original
p0808_mut|mutant
p0809_orig|original
p0809_mut|mutant
p0810_orig|original
p0810_mut|mutant
p0811_orig|original
p0811_mut|mutant
p0812_orig|original
p0812_mut|mutant
p0813_orig|original
p0813_mut|mutant
p0814_orig|original
p0814_mut|mutant
p0815_orig|original
p0815_mut|mutant
p0816_orig|original
p0816_mut|mutant
p0817_orig|original
p0817_mut|mutant
p0818_orig|original
p0818_mut|mutant
p0819_orig|original
p0819_mut|mutant
p0820_orig|original
p0820_mut|mutant
p0821_orig|original
p0821_mut|mutant
p0822_orig|original
p0822_mut|mutant
p0823_orig|original
p0823_mut|mutant
p0824_orig|original
p0824_mut|mutant
p0825_orig|original
p0825_mut|mutant
p0826_orig|original
p0826_mut|mutant
p0827_orig|original
p0827_mut|mutant
p0828_orig|original
p0828_mut|mutant
p0829_orig|original
p0829_mut|mutant
p0830_orig|original
p0830_mut|mutant
p0831_orig|original
p0831_mut|mutant
p0832_orig|original
p0832_mut|mutant
p0833_orig|original
p0833_mut|mutant
p0834_orig|original
p0834_mut|mutant
p0835_orig|original
p0835_mut|mutant
p0836_orig|original
p0836_mut|mutant
p0837_orig|original
p0837_mut|mutant
p0838_orig|original
p0838_mut|mutant
p0839_orig|original
p0839_mut|mutant
p0840_orig|original
p0840_mut|mutant
p0841_orig|original
p0841_mut|mutant
p0842_orig|original
p0842_mut|mutant
p0843_orig|original
p0843_mut|mutant
p0844_orig|original
p0844_mut|mutant
p0845_orig|original
p0845_mut|mutant
p0846_orig|original
p0846_mut|mutant
p0847_orig|original
p0847_mut|mutant
p0848_orig|original
p0848_mut|mutant
p0849_orig|original
p0849_mut|mutant
p0850_orig|original
p0850_mut|mutant
p0851_orig|original
p0851_mut|mutant
p0852_orig|original
p0852_mut|mutant
p0853_orig|original
p0853_mut|mutant
p0854_orig|original
p0854_mut|mutant
p0855_orig|original
p0855_mut|mutant
p0856_orig|original
p0856_mut|mutant
p0857_orig|original
p0857_mut|mutant
p0858_orig|original
p0858_mut|mutant
p0859_orig|original
p0859_mut|mutant
p0860_orig|original
p0860_mut|mutant
p0861_orig|original
p0861_mut|mutant
p0862_orig|original
p0862_mut|mutant
p0863_orig|original
p0863_mut|mutant
p0864_orig|original
p0864_mut|mutant
p0865_orig|original
p0865_mut|mutant
p0866_orig|original
p0866_mut|mutant
p0867_orig|original
p0867_mut|mutant
p0868_orig|original
p0868_mut|mutant
p0869_orig|original
p0869_mut|mutant
p0870_orig|original
p0870_mut|mutant
p0871_orig|original
p0871_mut|mutant
p0872_orig|original
p0872_mut|mutant
p0873_orig|original
p0873_mut|mutant
p0874_orig|original
p0874_mut|mutant
p0875_orig|original
p0875_mut|mutant
p0876_orig|original
p0876_mut|mutant
p0877_orig|original
p0877_mut|mutant
p0878_orig|original
p0878_mut|mutant
p0879_orig|original
p0879_mut|mutant
p0880_orig|original
p0880_mut|mutant
p0881_orig|original
p0881_mut|mutant
p0882_orig|original
p0882_mut|mutant
p0883_orig|original
p0883_mut|mutant
p0884_orig|original
p0884_mut|mutant
p0885_orig|original
p0885_mut|mutant
p0886_orig|original
p0886_mut|mutant
p0887_orig|original
p0887_mut|mutant
p0888_orig|original
p0888_mut|mutant
p0889_orig|original
p0889_mut|mutant
p0890_orig|original
p0890_mut|mutant
p0891_orig|original
p0891_mut|mutant
p0892_orig|original
p0892_mut|mutant
p0893_orig|original
p0893_mut|mutant
p0894_orig|original
p0894_mut|mutant
p0895_orig|original
p0895_mut|mutant
p0896_orig|original
p0896_mut|mutant
p0897_orig|original
p0897_mut|mutant
p0898_orig|original
p0898_mut|mutant
p0899_orig|original
p0899_mut|mutant
p0900_orig|original
p0900_mut|mutant
p0901_orig|original
p0901_mut|mutant
p0902_orig|original
p0902_mut|mutant
p0903_orig|original
p0903_mut|mutant
p0904_orig|original
p0904_mut|mutant
p0905_orig|original
p0905_mut|mutant
p0906_orig|original
p0906_mut|mutant
p0907_orig|original
p0907_mut|mutant
p0908_orig|original
p0908_mut|mutant
p0909_orig|original
p0909_mut|mutant
p0910_orig|original
p0910_mut|mutant
p0911_orig|original
p0911_mut|mutant
p0912_orig|original
p0912_mut|mutant
p0913_orig|original
p0913_mut|mutant
p0914_orig|original
p0914_mut|mutant
p0915_orig|original
p0915_mut|mutant
p0916_orig|original
p0916_mut|mutant
p0917_orig|original
p0917_mut|mutant
p0918_orig|original
p0918_mut|mutant
p0919_orig|original
p0919_mut|mutant
p0920_orig|original
p0920_mut|mutant
p0921_orig|original
p0921_mut|mutant
p0922_orig|original
p0922_mut|mutant
p0923_orig|original
p0923_mut|mutant
p0924_orig|original
p0924_mut|mutant
p0925_orig|original
p0925_mut|mutant
p0926_orig|original
p0926_mut|mutant
p0927_orig|original
p0927_mut|mutant
p0928_orig|original
p0928_mut|mutant
p0929_orig|original
p0929_mut|mutant
p0930_orig|original
p0930_mut|mutant
p0931_orig|original
p0931_mut|mutant
p0932_orig|original
p0932_mut|mutant
p0933_orig|original
p0933_mut|mutant
p0934_orig|original
p0934_mut|mutant
p0935_orig|original
p0935_mut|mutant
p0936_orig|original
p0936_mut|mutant
p0937_orig|original
p0937_mut|mutant
p0938_orig|original
p0938_mut|mutant
p0939_orig|original
p0939_mut|mutant
p0940_orig|original
p0940_mut|mutant
p0941_orig|original
p0941_mut|mutant
p0942_orig|original
p0942_mut|mutant
p0943_orig|original
p0943_mut|mutant
p0944_orig|original
p0944_mut|mutant
p0945_orig|original
p0945_mut|mutant
p0946_orig|original
p0946_mut|mutant
p0947_orig|original
p0947_mut|mutant
p0948_orig|original
p0948_mut|mutant
p0949_orig|original
p0949_mut|mutant
p0950_orig|original
p0950_mut|mutant
p0951_orig|original
p0951_mut|mutant
p0952_orig|original
p0952_mut|mutant
p0953_orig|original
p0953_mut|mutant
p0954_orig|original
p0954_mut|mutant
p0955_orig|original
p0955_mut|mutant
p0956_orig|original
p0956_mut|mutant
p0957_orig|original
p0957_mut|mutant
p0958_orig|original
p0958_mut|mutant
p0959_orig|original
p0959_mut|mutant
p0960_orig|original
p0960_mut|mutant
p0961_orig|original
p0961_mut|mutant
p0962_orig|original
p0962_mut|mutant
p0963_orig|original
p0963_mut|mutant
p0964_orig|original
p0964_mut|mutant
p0965_orig|original
p0965_mut|mutant
p0966_orig|original
p0966_mut|mutant
p0967_orig|original
p0967_mut|mutant
p0968_orig|original
p0968_mut|mutant
p0969_orig|original
p0969_mut|mutant
p0970_orig|original
p0970_mut|mutant
p0971_orig|original
p0971_mut|mutant
p0972_orig|original
p0972_mut|mutant
p0973_orig|original
p0973_mut|mutant
p0974_orig|original
p0974_mut|mutant
p0975_orig|original
p0975_mut|mutant
p0976_orig|original
p0976_mut|mutant
p0977_orig|original
p0977_mut|mutant
p0978_orig|original
p0978_mut|mutant
p0979_orig|original
p0979_mut|mutant
p0980_orig|original
p0980_mut|mutant
p0981_orig|original
p0981_mut|mutant
p0982_orig|original
p0982_mut|mutant
p0983_orig|original
p0983_mut|mutant
p0984_orig|original
p0984_mut|mutant
p0985_orig|original
p0985_mut|mutant
p0986_orig|original
p0986_mut|mutant
p0987_orig|original
p0987_mut|mutant
p0988_orig|original
p0988_mut|mutant
p0989_orig|original
p0989_mut|mutant
p0990_orig|original
p0990_mut|mutant
p0991_orig|original
p0991_mut|mutant
p0992_orig|original
p0992_mut|mutant
p0993_orig|original
p0993_mut|mutant
p0994_orig|original
p0994_mut|mutant
p0995_orig|original
p0995_mut|mutant
p0996_orig|original
p0996_mut|mutant
p0997_orig|original
p0997_mut|mutant
p0998_orig|original
p0998_mut|mutant
p0999_orig|original
p0999_mut|mutant
p1000_orig|original
p1000_mut|mutant
p1001_orig|original
p1001_mut|mutant
p1002_orig|original
p1002_mut|mutant
p1003_orig|original
p1003_mut|mutant
p1004_orig|original
p1004_mut|mutant
p1005_orig|original
p1005_mut|mutant
p1006_orig|original
p1006_mut|mutant
p1007_orig|original
p1007_mut|mutant
p1008_orig|original
p1008_mut|mutant
p1009_orig|original
p1009_mut|mutant
p1010_orig|original
p1010_mut|mutant
p1011_orig|original
p1011_mut|mutant
p1012_orig|original
p1012_mut|mutant
p1013_orig|original
p1013_mut|mutant
p1014_orig|original
p1014_mut|mutant
p1015_orig|original
p1015_mut|mutant
p1016_orig|original
p1016_mut|mutant
p1017_orig|original
p1017_mut|mutant
p1018_orig|original
p1018_mut|mutant
p1019_orig|original
p1019_mut|mutant
p1020_orig|original
p1020_mut|mutant
p1021_orig|original
p1021_mut|mutant
p1022_orig|original
p1022_mut|mutant
p1023_orig|original
p1023_mut|mutant
p1024_orig|original
p1024_mut|mutant
p1025_orig|original
p1025_mut|mutant
p1026_orig|original
p1026_mut|mutant
p1027_orig|original
p1027_mut|mutant
p1028_orig|original
p1028_mut|mutant
p1029_orig|original
p1029_mut|mutant
p1030_orig|original
p1030_mut|mutant
p1031_orig|original
p1031_mut|mutant
p1032_orig|original
p1032_mut|mutant
p1033_orig|original
p1033_mut|mutant
p1034_orig|original
p1034_mut|mutant
p1035_orig|original
p1035_mut|mutant
p1036_orig|original
p1036_mut|mutant
p1037_orig|original
p1037_mut|mutant
p1038_orig|original
p1038_mut|mutant
p1039_orig|original
p1039_mut|mutant
p1040_orig|original
p1040_mut|mutant
p1041_orig|original
p1041_mut|mutant
p1042_orig|original
p1042_mut|mutant
p1043_orig|original
p1043_mut|mutant
p1044_orig|original
p1044_mut|mutant
p1045_orig|original
p1045_mut|mutant
p1046_orig|original
p1046_mut|mutant
p1047_orig|original
p1047_mut|mutant
p1048_orig|original
p1048_mut|mutant
p1049_orig|original
p1049_mut|mutant
p1050_orig|original
p1050_mut|mutant
p1051_orig|original
p1051_mut|mutant
p1052_orig|original
p1052_mut|mutant
p1053_orig|original
p1053_mut|mutant
p1054_orig|original
p1054_mut|mutant
p1055_orig|original
p1055_mut|mutant
p1056_orig|original
p1056_mut|mutant
p1057_orig|original
p1057_mut|mutant
p1058_orig|original
p1058_mut|mutant
p1059_orig|original
p1059_mut|mutant
p1060_orig|original
p1060_mut|mutant
p1061_orig|original
p1061_mut|mutant
p1062_orig|original
p1062_mut|mutant
p1063_orig|original
p1063_mut|mutant
p1064_orig|original
p1064_mut|mutant
p1065_orig|original
p1065_mut|mutant
p1066_orig|original
p1066_mut|mutant
p1067_orig|original
p1067_mut|mutant
p1068_orig|original
p1068_mut|mutant
p1069_orig|original
p1069_mut|mutant
p1070_orig|original
p1070_mut|mutant
p1071_orig|original
p1071_mut|mutant
p1072_orig|original
p1072_mut|mutant
p1073_orig|original
p1073_mut|mutant
p1074_orig|original
p1074_mut|mutant
p1075_orig|original
p1075_mut|mutant
p1076_orig|original
p1076_mut|mutant
p1077_orig|original
p1077_mut|mutant
p1078_orig|original
p1078_mut|mutant
p1079_orig|original
p1079_mut|mutant
p1080_orig|original
p1080_mut|mutant
p1081_orig|original
p1081_mut|mutant
p1082_orig|original
p1082_mut|mutant
p1083_orig|original
p1083_mut|mutant
p1084_orig|original
p1084_mut|mutant
p1085_orig|original
p1085_mut|mutant
p1086_orig|original
p1086_mut|mutant
p1087_orig|original
p1087_mut|mutant
p1088_orig|original
p1088_mut|mutant
p1089_orig|original
p1089_mut|mutant
p1090_orig|original
p1090_mut|mutant
p1091_orig|original
p1091_mut|mutant
p1092_orig|original
p1092_mut|mutant
p1093_orig|original
p1093_mut|mutant
p1094_orig|original
p1094_mut|mutant
p1095_orig|original
p1095_mut|mutant
p1096_orig|original
p1096_mut|mutant
p1097_orig|original
p1097_mut|mutant
p1098_orig|original
p1098_mut|mutant
p1099_orig|original
p1099_mut|mutant
p1100_orig|original
p1100_mut|mutant
p1101_orig|original
p1101_mut|mutant
p1102_orig|original
p1102_mut|mutant
p1103_orig|original
p1103_mut|mutant
p1104_orig|original
p1104_mut|mutant
p1105_orig|original
p1105_mut|mutant
p1106_orig|original
p1106_mut|mutant
p1107_orig|original
p1107_mut|mutant
p1108_orig|original
p1108_mut|mutant
p1109_orig|original
p1109_mut|mutant
p1110_orig|original
p1110_mut|mutant
p1111_orig|original
p1111_mut|mutant
p1112_orig|original
p1112_mut|mutant
p1113_orig|original
p1113_mut|mutant
p1114_orig|original
p1114_mut|mutant
p1115_orig|original
p1115_mut|mutant
p1116_orig|original
p1116_mut|mutant
p1117_orig|original
p1117_mut|mutant
p1118_orig|original
p1118_mut|mutant
p1119_orig|original
p1119_mut|mutant
p1120_orig|original
p1120_mut|mutant
p1121_orig|original
p1121_mut|mutant
p1122_orig|original
p1122_mut|mutant
p1123_orig|original
p1123_mut|mutant
p1124_orig|original
p1124_mut|mutant
p1125_orig|original
p1125_mut|mutant
p1126_orig|original
p1126_mut|mutant
p1127_orig|original
p1127_mut|mutant
p1128_orig|original
p1128_mut|mutant
p1129_orig|original
p1129_mut|mutant
p1130_orig|original
p1130_mut|mutant
p1131_orig|original
p1131_mut|mutant
p1132_orig|original
p1132_mut|mutant
p1133_orig|original
p1133_mut|mutant
p1134_orig|original
p1134_mut|mutant
p1135_orig|original
p1135_mut|mutant
p1136_orig|original
p1136_mut|mutant
p1137_orig|original
p1137_mut|mutant
p1138_orig|original
p1138_mut|mutant
p1139_orig|original
p1139_mut|mutant
p1140_orig|original
p1140_mut|mutant
p1141_orig|original
p1141_mut|mutant
p1142_orig|original
p1142_mut|mutant
p1143_orig|original
p1143_mut|mutant
p1144_orig|original
p1144_mut|mutant
p1145_orig|original
p1145_mut|mutant
p1146_orig|original
p1146_mut|mutant
p1147_orig|original
p1147_mut|mutant
p1148_orig|original
p1148_mut|mutant
p1149_orig|original
p1149_mut|mutant
p1150_orig|original
p1150_mut|mutant
p1151_orig|original
p1151_mut|mutant
p1152_orig|original
p1152_mut|mutant
p1153_orig|original
p1153_mut|mutant
p1154_orig|original
p1154_mut|mutant
p1155_orig|original
p1155_mut|mutant
p1156_orig|original
p1156_mut|mutant
p1157_orig|original
p1157_mut|mutant
p1158_orig|original
p1158_mut|mutant
p1159_orig|original
p1159_mut|mutant
p1160_orig|original
p1160_mut|mutant
p1161_orig|original
p1161_mut|mutant
p1162_orig|original
p1162_mut|mutant
p1163_orig|original
p1163_mut|mutant
p1164_orig|original
p1164_mut|mutant
p1165_orig|original
p1165_mut|mutant
p1166_orig|original
p1166_mut|mutant
p1167_orig|original
p1167_mut|mutant
p1168_orig|original
p1168_mut|mutant
p1169_orig|original
p1169_mut|mutant
p1170_orig|original
p1170_mut|mutant
p1171_orig|original
p1171_mut|mutant
p1172_orig|original
p1172_mut|mutant
p1173_orig|original
p1173_mut|mutant
p1174_orig|original
p1174_mut|mutant
p1175_orig|original
p1175_mut|mutant
p1176_orig|original
p1176_mut|mutant
p1177_orig|original
p1177_mut|mutant
p1178_orig|original
p1178_mut|mutant
p1179_orig|original
p1179_mut|mutant
p1180_orig|original
p1180_mut|mutant
p1181_orig|original
p1181_mut|mutant
p1182_orig|original
p1182_mut|mutant
p1183_orig|original
p1183_mut|mutant
p1184_orig|original
p1184_mut|mutant
p1185_orig|original
p1185_mut|mutant
p1186_orig|original
p1186_mut|mutant
p1187_orig|original
p1187_mut|mutant
p1188_orig|original
p1188_mut|mutant
p1189_orig|original
p1189_mut|mutant
p1190_orig|original
p1190_mut|mutant
p1191_orig|original
p1191_mut|mutant
p1192_orig|original
p1192_mut|mutant
p1193_orig|original
p1193_mut|mutant
p1194_orig|original
p1194_mut|mutant
p1195_orig|original
p1195_mut|mutant
p1196_orig|original
p1196_mut|mutant
p1197_orig|original
p1197_mut|mutant
p1198_orig|original
p1198_mut|mutant
p1199_orig|original
p1199_mut|mutant
p1200_orig|original
p1200_mut|mutant
p1201_orig|original
p1201_mut|mutant
p1202_orig|original
p1202_mut|mutant
p1203_orig|original
p1203_mut|mutant
p1204_orig|original
p1204_mut|mutant
p1205_orig|original
p1205_mut|mutant
p1206_orig|original
p1206_mut|mutant
p1207_orig|original
p1207_mut|mutant
p1208_orig|original
p1208_mut|mutant
p1209_orig|original
p1209_mut|mutant
p1210_orig|original
p1210_mut|mutant
p1211_orig|original
p1211_mut|mutant
p1212_orig|original
p1212_mut|mutant
p1213_orig|original
p1213_mut|mutant
p1214_orig|original
p1214_mut|mutant
p1215_orig|original
p1215_mut|mutant
p1216_orig|original
p1216_mut|mutant
p1217_orig|original
p1217_mut|mutant
p1218_orig|original
p1218_mut|mutant
p1219_orig|original
p1219_mut|mutant
p1220_orig|original
p1220_mut|mutant
p1221_orig|original
p1221_mut|mutant
p1222_orig|original
p1222_mut|mutant
p1223_orig|original
p1223_mut|mutant
p1224_orig|original
p1224_mut|mutant
p1225_orig|original
p1225_mut|mutant
p1226_orig|original
p1226_mut|mutant
p1227_orig|original
p1227_mut|mutant
p1228_orig|original
p1228_mut|mutant
p1229_orig|original
p1229_mut|mutant
p1230_orig|original
p1230_mut|mutant
p1231_orig|original
p1231_mut|mutant
p1232_orig|original
p1232_mut|mutant
p1233_orig|original
p1233_mut|mutant
p1234_orig|original
p1234_mut|mutant
p1235_orig|original
p1235_mut|mutant
p1236_orig|original
p1236_mut|mutant
p1237_orig|original
p1237_mut|mutant
p1238_orig|original
p1238_mut|mutant
p1239_orig|original
p1239_mut|mutant
p1240_orig|original
p1240_mut|mutant
p1241_orig|original
p1241_mut|mutant
p1242_orig|original
p1242_mut|mutant
p1243_orig|original
p1243_mut|mutant
p1244_orig|original
p1244_mut|mutant
p1245_orig|original
p1245_mut|mutant
p1246_orig|original
p1246_mut|mutant
p1247_orig|original
p1247_mut|mutant
p1248_orig|original
p1248_mut|mutant
p1249_orig|original
p1249_mut|mutant
p1250_orig|original
p1250_mut|mutant
p1251_orig|original
p1251_mut|mutant
p1252_orig|original
p1252_mut|mutant
p1253_orig|original
p1253_mut|mutant
p1254_orig|original
p1254_mut|mutant
p1255_orig|original
p1255_mut|mutant
p1256_orig|original
p1256_mut|mutant
p1257_orig|original
p1257_mut|mutant
p1258_orig|original
p1258_mut|mutant
p1259_orig|original
p1259_mut|mutant
p1260_orig|original
p1260_mut|mutant
p1261_orig|original
p1261_mut|mutant
p1262_orig|original
p1262_mut|mutant
p1263_orig|original
p1263_mut|mutant
p1264_orig|original
p1264_mut|mutant
p1265_orig|original
p1265_mut|mutant
p1266_orig|original
p1266_mut|mutant
p1267_orig|original
p1267_mut|mutant
p1268_orig|original
p1268_mut|mutant
p1269_orig|original
p1269_mut|mutant
p1270_orig|original
p1270_mut|mutant
p1271_orig|original
p1271_mut|mutant
p1272_orig|original
p1272_mut|mutant
p1273_orig|original
p1273_mut|mutant
p1274_orig|original
p1274_mut|mutant
p1275_orig|original
p1275_mut|mutant
p1276_orig|original
p1276_mut|mutant
p1277_orig|original
p1277_mut|mutant
p1278_orig|original
p1278_mut|mutant
p1279_orig|original
p1279_mut|mutant
p1280_orig|original
p1280_mut|mutant
p1281_orig|original
p1281_mut|mutant
p1282_orig|original
p1282_mut|mutant
p1283_orig|original
p1283_mut|mutant
p1284_orig|original
p1284_mut|mutant
p1285_orig|original
p1285_mut|mutant
p1286_orig|original
p1286_mut|mutant
p1287_orig|original
p1287_mut|mutant
p1288_orig|original
p1288_mut|mutant
p1289_orig|original
p1289_mut|mutant
p1290_orig|original
p1290_mut|mutant
p1291_orig|original
p1291_mut|mutant
p1292_orig|original
p1292_mut|mutant
p1293_orig|original
p1293_mut|mutant
p1294_orig|original
p1294_mut|mutant
p1295_orig|original
p1295_mut|mutant
p1296_orig|original
p1296_mut|mutant
p1297_orig|original
p1297_mut|mutant
p1298_orig|original
p1298_mut|mutant
p1299_orig|original
p1299_mut|mutant
p1300_orig|original
p1300_mut|mutant
p1301_orig|original
p1301_mut|mutant
p1302_orig|original
p1302_mut|mutant
p1303_orig|original
p1303_mut|mutant
p1304_orig|original
p1304_mut|mutant
p1305_orig|original
p1305_mut|mutant
p1306_orig|original
p1306_mut|mutant
p1307_orig|original
p1307_mut|mutant
p1308_orig|original
p1308_mut|mutant
p1309_orig|original
p1309_mut|mutant
p1310_orig|original
p1310_mut|mutant
p1311_orig|original
p1311_mut|mutant
p1312_orig|original
p1312_mut|mutant
p1313_orig|original
p1313_mut|mutant
p1314_orig|original
p1314_mut|mutant
p1315_orig|original
p1315_mut|mutant
p1316_orig|original
p1316_mut|mutant
p1317_orig|original
p1317_mut|mutant
p1318_orig|original
p1318_mut|mutant
p1319_orig|original
p1319_mut|mutant
p1320_orig|original
p1320_mut|mutant
p1321_orig|original
p1321_mut|mutant
p1322_orig|original
p1322_mut|mutant
p1323_orig|original
p1323_mut|mutant
p1324_orig|original
p1324_mut|mutant
p1325_orig|original
p1325_mut|mutant
p1326_orig|original
p1326_mut|mutant
p1327_orig|original
p1327_mut|mutant
p1328_orig|original
p1328_mut|mutant
p1329_orig|original
p1329_mut|mutant
p1330_orig|original
p1330_mut|mutant
p1331_orig|original
p1331_mut|mutant
p1332_orig|original
p1332_mut|mutant
p1333_orig|original
p1333_mut|mutant
p1334_orig|original
p1334_mut|mutant
p1335_orig|original
p1335_mut|mutant
p1336_orig|original
p1336_mut|mutant
p1337_orig|original
p1337_mut|mutant
p1338_orig|original
p1338_mut|mutant
p1339_orig|original
p1339_mut|mutant
p1340_orig|original
p1340_mut|mutant
p1341_orig|original
p1341_mut|mutant
p1342_orig|original
p1342_mut|mutant
p1343_orig|original
p1343_mut|mutant
p1344_orig|original
p1344_mut|mutant
p1345_orig|original
p1345_mut|mutant
p1346_orig|original
p1346_mut|mutant
p1347_orig|original
p1347_mut|mutant
p1348_orig|original
p1348_mut|mutant
p1349_orig|original
p1349_mut|mutant
p1350_orig|original
p1350_mut|mutant
p1351_orig|original
p1351_mut|mutant
p1352_orig|original
p1352_mut|mutant
p1353_orig|original
p1353_mut|mutant
p1354_orig|original
p1354_mut|mutant
p1355_orig|original
p1355_mut|mutant
p1356_orig|original
p1356_mut|mutant
p1357_orig|original
p1357_mut|mutant
p1358_orig|original
p1358_mut|mutant
p1359_orig|original
p1359_mut|mutant
p1360_orig|original
p1360_mut|mutant
p1361_orig|original
p1361_mut|mutant
p1362_orig|original
p1362_mut|mutant
p1363_orig|original
p1363_mut|mutant
p1364_orig|original
p1364_mut|mutant
p1365_orig|original
p1365_mut|mutant
p1366_orig|original
p1366_mut|mutant
p1367_orig|original
p1367_mut|mutant
p1368_orig|original
p1368_mut|mutant
p1369_orig|original
p1369_mut|mutant
p1370_orig|original
p1370_mut|mutant
p1371_orig|original
p1371_mut|mutant
p1372_orig|original
p1372_mut|mutant
p1373_orig|original
p1373_mut|mutant
p1374_orig|original
p1374_mut|mutant
p1375_orig|original
p1375_mut|mutant
p1376_orig|original
p1376_mut|mutant
p1377_orig|original
p1377_mut|mutant
p1378_orig|original
p1378_mut|mutant
p1379_orig|original
p1379_mut|mutant
p1380_orig|original
p1380_mut|mutant
p1381_orig|original
p1381_mut|mutant
p1382_orig|original
p1382_mut|mutant
p1383_orig|original
p1383_mut|mutant
p1384_orig|original
p1384_mut|mutant
p1385_orig|original
p1385_mut|mutant
p1386_orig|original
p1386_mut|mutant
p1387_orig|original
p1387_mut|mutant
p1388_orig|original
p1388_mut|mutant
p1389_orig|original
p1389_mut|mutant
p1390_orig|original
p1390_mut|mutant
p1391_orig|original
p1391_mut|mutant
p1392_orig|original
p1392_mut|mutant
p1393_orig|original
p1393_mut|mutant
p1394_orig|original
p1394_mut|mutant
p1395_orig|original
p1395_mut|mutant
p1396_orig|original
p1396_mut|mutant
p1397_orig|original
p1397_mut|mutant
p1398_orig|original
p1398_mut|mutant
p1399_orig|original
p1399_mut|mutant
p1400_orig|original
p1400_mut|mutant
p1401_orig|original
p1401_mut|mutant
p1402_orig|original
p1402_mut|mutant
p1403_orig|original
p1403_mut|mutant
p1404_orig|original
p1404_mut|mutant
p1405_orig|original
p1405_mut|mutant
p1406_orig|original
p1406_mut|mutant
p1407_orig|original
p1407_mut|mutant
p1408_orig|original
p1408_mut|mutant
p1409_orig|original
p1409_mut|mutant
p1410_orig|original
p1410_mut|mutant
p1411_orig|original
p1411_mut|mutant
p1412_orig|original
p1412_mut|mutant
p1413_orig|original
p1413_mut|mutant
p1414_orig|original
p1414_mut|mutant
p1415_orig|original
p1415_mut|mutant
p1416_orig|original
p1416_mut|mutant
p1417_orig|original
p1417_mut|mutant
p1418_orig|original
p1418_mut|mutant
p1419_orig|original
p1419_mut|mutant
p1420_orig|original
p1420_mut|mutant
p1421_orig|original
p1421_mut|mutant
p1422_orig|original
p1422_mut|mutant
p1423_orig|original
p1423_mut|mutant
p1424_orig|original
p1424_mut|mutant
p1425_orig|original
p1425_mut|mutant
p1426_orig|original
p1426_mut|mutant
p1427_orig|original
p1427_mut|mutant
p1428_orig|original
p1428_mut|mutant
p1429_orig|original
p1429_mut|mutant
p1430_orig|original
p1430_mut|mutant
p1431_orig|original
p1431_mut|mutant
p1432_orig|original
p1432_mut|mutant
p1433_orig|original
p1433_mut|mutant
p1434_orig|original
p1434_mut|mutant
p1435_orig|original
p1435_mut|mutant
p1436_orig|original
p1436_mut|mutant
p1437_orig|original
p1437_mut|mutant
p1438_orig|original
p1438_mut|mutant
p1439_orig|original
p1439_mut|mutant
p1440_orig|original
p1440_mut|mutant
p1441_orig|original
p1441_mut|mutant
p1442_orig|original
p1442_mut|mutant
p1443_orig|original
p1443_mut|mutant
p1444_orig|original
p1444_mut|mutant
p1445_orig|original
p1445_mut|mutant
p1446_orig|original
p1446_mut|mutant
p1447_orig|original
p1447_mut|mutant
p1448_orig|original
p1448_mut|mutant
p1449_orig|original
p1449_mut|mutant
p1450_orig|original
p1450_mut|mutant
p1451_orig|original
p1451_mut|mutant
p1452_orig|original
p1452_mut|mutant
p1453_orig|original
p1453_mut|mutant
p1454_orig|original
p1454_mut|mutant
p1455_orig|original
p1455_mut|mutant
p1456_orig|original
p1456_mut|mutant
p1457_orig|original
p1457_mut|mutant
p1458_orig|original
p1458_mut|mutant
p1459_orig|original
p1459_mut|mutant
p1460_orig|original
p1460_mut|mutant
p1461_orig|original
p1461_mut|mutant
p1462_orig|original
p1462_mut|mutant
p1463_orig|original
p1463_mut|mutant
p1464_orig|original
p1464_mut|mutant
p1465_orig|original
p1465_mut|mutant
p1466_orig|original
p1466_mut|mutant
p1467_orig|original
p1467_mut|mutant
p1468_orig|original
p1468_mut|mutant
p1469_orig|original
p1469_mut|mutant
p1470_orig|original
p1470_mut|mutant
p1471_orig|original
p1471_mut|mutant
p1472_orig|original
p1472_mut|mutant
p1473_orig|original
p1473_mut|mutant
p1474_orig|original
p1474_mut|mutant
p1475_orig|original
p1475_mut|mutant
p1476_orig|original
p1476_mut|mutant
p1477_orig|original
p1477_mut|mutant
p1478_orig|original
p1478_mut|mutant
p1479_orig|original
p1479_mut|mutant
p1480_orig|original
p1480_mut|mutant
p1481_orig|original
p1481_mut|mutant
p1482_orig|original
p1482_mut|mutant
p1483_orig|original
p1483_mut|mutant
p1484_orig|original
p1484_mut|mutant
p1485_orig|original
p1485_mut|mutant
p1486_orig|original
p1486_mut|mutant
p1487_orig|original
p1487_mut|mutant
p1488_orig|original
p1488_mut|mutant
p1489_orig|original
p1489_mut|mutant
p1490_orig|original
p1490_mut|mutant
p1491_orig|original
p1491_mut|mutant
p1492_orig|original
p1492_mut|mutant
p1493_orig|original
p1493_mut|mutant
p1494_orig|original
p1494_mut|mutant
p1495_orig|original
p1495_mut|mutant
p1496_orig|original
p1496_mut|mutant
p1497_orig|original
p1497_mut|mutant
p1498_orig|original
p1498_mut|mutant
p1499_orig|original
p1499_mut|mutant
p1500_orig|original
p1500_mut|mutant
p1501_orig|original
p1501_mut|mutant
p1502_orig|original
p1502_mut|mutant
p1503_orig|original
p1503_mut|mutant
p1504_orig|original
p1504_mut|mutant
p1505_orig|original
p1505_mut|mutant
p1506_orig|original
p1506_mut|mutant
p1507_orig|original
p1507_mut|mutant
p1508_orig|original
p1508_mut|mutant
p1509_orig|original
p1509_mut|mutant
p1510_orig|original
p1510_mut|mutant
p1511_orig|original
p1511_mut|mutant
p1512_orig|original
p1512_mut|mutant
p1513_orig|original
p1513_mut|mutant
p1514_orig|original
p1514_mut|mutant
p1515_orig|original
p1515_mut|mutant
p1516_orig|original
p1516_mut|mutant
p1517_orig|original
p1517_mut|mutant
p1518_orig|original
p1518_mut|mutant
p1519_orig|original
p1519_mut|mutant
p1520_orig|original
p1520_mut|mutant
p1521_orig|original
p1521_mut|mutant
p1522_orig|original
p1522_mut|mutant
p1523_orig|original
p1523_mut|mutant
p1524_orig|original
p1524_mut|mutant
p1525_orig|original
p1525_mut|mutant
p1526_orig|original
p1526_mut|mutant
p1527_orig|original
p1527_mut|mutant
p1528_orig|original
p1528_mut|mutant
p1529_orig|original
p1529_mut|mutant
p1530_orig|original
p1530_mut|mutant
p1531_orig|original
p1531_mut|mutant
p1532_orig|original
p1532_mut|mutant
p1533_orig|original
p1533_mut|mutant
p1534_orig|original
p1534_mut|mutant
p1535_orig|original
p1535_mut|mutant
p1536_orig|original
p1536_mut|mutant
p1537_orig|original
p1537_mut|mutant
p1538_orig|original
p1538_mut|mutant
p1539_orig|original
p1539_mut|mutant
p1540_orig|original
p1540_mut|mutant
p1541_orig|original
p1541_mut|mutant
p1542_orig|original
p1542_mut|mutant
p1543_orig|original
p1543_mut|mutant
p1544_orig|original
p1544_mut|mutant
p1545_orig|original
p1545_mut|mutant
p1546_orig|original
p1546_mut|mutant
p1547_orig|original
p1547_mut|mutant
p1548_orig|original
p1548_mut|mutant
p1549_orig|original
p1549_mut|mutant
p1550_orig|original
p1550_mut|mutant
p1551_orig|original
p1551_mut|mutant
p1552_orig|original
p1552_mut|mutant
p1553_orig|original
p1553_mut|mutant
p1554_orig|original
p1554_mut|mutant
p1555_orig|original
p1555_mut|mutant
p1556_orig|original
p1556_mut|mutant
p1557_orig|original
p1557_mut|mutant
p1558_orig|original
p1558_mut|mutant
p1559_orig|original
p1559_mut|mutant
p1560_orig|original
p1560_mut|mutant
p1561_orig|original
p1561_mut|mutant
p1562_orig|original
p1562_mut|mutant
p1563_orig|original
p1563_mut|mutant
p1564_orig|original
p1564_mut|mutant
p1565_orig|original
p1565_mut|mutant
p1566_orig|original
p1566_mut|mutant
p1567_orig|original
p1567_mut|mutant
p1568_orig|original
p1568_mut|mutant
p1569_orig|original
p1569_mut|mutant
p1570_orig|original
p1570_mut|mutant
p1571_orig|original
p1571_mut|mutant
p1572_orig|original
p1572_mut|mutant
p1573_orig|original
p1573_mut|mutant
p1574_orig|original
p1574_mut|mutant
p1575_orig|original
p1575_mut|mutant
p1576_orig|original
p1576_mut|mutant
p1577_orig|original
p1577_mut|mutant
p1578_orig|original
p1578_mut|mutant
p1579_orig|original
p1579_mut|mutant
p1580_orig|original
p1580_mut|mutant
p1581_orig|original
p1581_mut|mutant
p1582_orig|original
p1582_mut|mutant
p1583_orig|original
p1583_mut|mutant
p1584_orig|original
p1584_mut|mutant
p1585_orig|original
p1585_mut|mutant
p1586_orig|original
p1586_mut|mutant
p1587_orig|original
p1587_mut|mutant
p1588_orig|original
p1588_mut|mutant
p1589_orig|original
p1589_mut|mutant
p1590_orig|original
p1590_mut|mutant
p1591_orig|original
p1591_mut|mutant
p1592_orig|original
p1592_mut|mutant
p1593_orig|original
p1593_mut|mutant
p1594_orig|original
p1594_mut|mutant
p1595_orig|original
p1595_mut|mutant
p1596_orig|original
p1596_mut|mutant
p1597_orig|original
p1597_mut|mutant
p1598_orig|original
p1598_mut|mutant
p1599_orig|original
p1599_mut|mutant
p1600_orig|original
p1600_mut|mutant
p1601_orig|original
p1601_mut|mutant
p1602_orig|original
p1602_mut|mutant
p1603_orig|original
p1603_mut|mutant
p1604_orig|original
p1604_mut|mutant
p1605_orig|original
p1605_mut|mutant
p1606_orig|original
p1606_mut|mutant
p1607_orig|original
p1607_mut|mutant
p1608_orig|original
p1608_mut|mutant
p1609_orig|original
p1609_mut|mutant
p1610_orig|original
p1610_mut|mutant
p1611_orig|original
p1611_mut|mutant
p1612_orig|original
p1612_mut|mutant
p1613_orig|original
p1613_mut|mutant
p1614_orig|original
p1614_mut|mutant
p1615_orig|original
p1615_mut|mutant
p1616_orig|original
p1616_mut|mutant
p1617_orig|original
p1617_mut|mutant
p1618_orig|original
p1618_mut|mutant
p1619_orig|original
p1619_mut|mutant
p1620_orig|original
p1620_mut|mutant
p1621_orig|original
p1621_mut|mutant
p1622_orig|original
p1622_mut|mutant
p1623_orig|original
p1623_mut|mutant
p1624_orig|original
p1624_mut|mutant
p1625_orig|original
p1625_mut|mutant
p1626_orig|original
p1626_mut|mutant
p1627_orig|original
p1627_mut|mutant
p1628_orig|original
p1628_mut|mutant
p1629_orig|original
p1629_mut|mutant
p1630_orig|original
p1630_mut|mutant
p1631_orig|original
p1631_mut|mutant
p1632_orig|original
p1632_mut|mutant
p1633_orig|original
p1633_mut|mutant
p1634_orig|original
p1634_mut|mutant
p1635_orig|original
p1635_mut|mutant
p1636_orig|original
p1636_mut|mutant
p1637_orig|original
p1637_mut|mutant
p1638_orig|original
p1638_mut|mutant
p1639_orig|original
p1639_mut|mutant
p1640_orig|original
p1640_mut|mutant
p1641_orig|original
p1641_mut|mutant
p1642_orig|original
p1642_mut|mutant
p1643_orig|original
p1643_mut|mutant
p1644_orig|original
p1644_mut|mutant
p1645_orig|original
p1645_mut|mutant
p1646_orig|original
p1646_mut|mutant
p1647_orig|original
p1647_mut|mutant
p1648_orig|original
p1648_mut|mutant
p1649_orig|original
p1649_mut|mutant
p1650_orig|original
p1650_mut|mutant
p1651_orig|original
p1651_mut|mutant
p1652_orig|original
p1652_mut|mutant
p1653_orig|original
p1653_mut|mutant
p1654_orig|original
p1654_mut|mutant
p1655_orig|original
p1655_mut|mutant
p1656_orig|original
p1656_mut|mutant
p1657_orig|original
p1657_mut|mutant
p1658_orig|original
p1658_mut|mutant
p1659_orig|original
p1659_mut|mutant
p1660_orig|original
p1660_mut|mutant
p1661_orig|original
p1661_mut|mutant
p1662_orig|original
p1662_mut|mutant
p1663_orig|original
p1663_mut|mutant
p1664_orig|original
p1664_mut|mutant
p1665_orig|original
p1665_mut|mutant
p1666_orig|original
p1666_mut|mutant
p1667_orig|original
p1667_mut|mutant
p1668_orig|original
p1668_mut|mutant
p1669_orig|original
p1669_mut|mutant
p1670_orig|original
p1670_mut|mutant
p1671_orig|original
p1671_mut|mutant
p1672_orig|original
p1672_mut|mutant
p1673_orig|original
p1673_mut|mutant
p1674_orig|original
p1674_mut|mutant
p1675_orig|original
p1675_mut|mutant
p1676_orig|original
p1676_mut|mutant
p1677_orig|original
p1677_mut|mutant
p1678_orig|original
p1678_mut|mutant
p1679_orig|original
p1679_mut|mutant
p1680_orig|original
p1680_mut|mutant
p1681_orig|original
p1681_mut|mutant
p1682_orig|original
p1682_mut|mutant
p1683_orig|original
p1683_mut|mutant
p1684_orig|original
p1684_mut|mutant
p1685_orig|original
p1685_mut|mutant
p1686_orig|original
p1686_mut|mutant
p1687_orig|original
p1687_mut|mutant
p1688_orig|original
p1688_mut|mutant
p1689_orig|original
p1689_mut|mutant
p1690_orig|original
p1690_mut|mutant
p1691_orig|original
p1691_mut|mutant
p1692_orig|original
p1692_mut|mutant
p1693_orig|original
p1693_mut|mutant
p1694_orig|original
p1694_mut|mutant
p1695_orig|original
p1695_mut|mutant
p1696_orig|original
p1696_mut|mutant
p1697_orig|original
p1697_mut|mutant
p1698_orig|original
p1698_mut|mutant
p1699_orig|original
p1699_mut|mutant
p1700_orig|original
p1700_mut|mutant
p1701_orig|original
p1701_mut|mutant
p1702_orig|original
p1702_mut|mutant
p1703_orig|original
p1703_mut|mutant
p1704_orig|original
p1704_mut|mutant
p1705_orig|original
p1705_mut|mutant
p1706_orig|original
p1706_mut|mutant
p1707_orig|original
p1707_mut|mutant
p1708_orig|original
p1708_mut|mutant
p1709_orig|original
p1709_mut|mutant
p1710_orig|original
p1710_mut|mutant
p1711_orig|original
p1711_mut|mutant
p1712_orig|original
p1712_mut|mutant
p1713_orig|original
p1713_mut|mutant
p1714_orig|original
p1714_mut|mutant
p1715_orig|original
p1715_mut|mutant
p1716_orig|original
p1716_mut|mutant
p1717_orig|original
p1717_mut|mutant
p1718_orig|original
p1718_mut|mutant
p1719_orig|original
p1719_mut|mutant
p1720_orig|original
p1720_mut|mutant
p1721_orig|original
p1721_mut|mutant
p1722_orig|original
p1722_mut|mutant
p1723_orig|original
p1723_mut|mutant
p1724_orig|original
p1724_mut|mutant
p1725_orig|original
p1725_mut|mutant
p1726_orig|original
p1726_mut|mutant
p1727_orig|original
p1727_mut|mutant
p1728_orig|original
p1728_mut|mutant
p1729_orig|original
p1729_mut|mutant
p1730_orig|original
p1730_mut|mutant
p1731_orig|original
p1731_mut|mutant
p1732_orig|original
p1732_mut|mutant
p1733_orig|original
p1733_mut|mutant
p1734_orig|original
p1734_mut|mutant
p1735_orig|original
p1735_mut|mutant
p1736_orig|original
p1736_mut|mutant
p1737_orig|original
p1737_mut|mutant
p1738_orig|original
p1738_mut|mutant
p1739_orig|original
p1739_mut|mutant
p1740_orig|original
p1740_mut|mutant
p1741_orig|original
p1741_mut|mutant
p1742_orig|original
p1742_mut|mutant
p1743_orig|original
p1743_mut|mutant
p1744_orig|original
p1744_mut|mutant
p1745_orig|original
p1745_mut|mutant
p1746_orig|original
p1746_mut|mutant
p1747_orig|original
p1747_mut|mutant
p1748_orig|original
p1748_mut|mutant
p1749_orig|original
p1749_mut|mutant
p1750_orig|original
p1750_mut|mutant
p1751_orig|original
p1751_mut|mutant
p1752_orig|original
p1752_mut|mutant
p1753_orig|original
p1753_mut|mutant
p1754_orig|original
p1754_mut|mutant
p1755_orig|original
p1755_mut|mutant
p1756_orig|original
p1756_mut|mutant
p1757_orig|original
p1757_mut|mutant
p1758_orig|original
p1758_mut|mutant
p1759_orig|original
p1759_mut|mutant
p1760_orig|original
p1760_mut|mutant
p1761_orig|original
p1761_mut|mutant
p1762_orig|original
p1762_mut|mutant
p1763_orig|original
p1763_mut|mutant
p1764_orig|original
p1764_mut|mutant
p1765_orig|original
p1765_mut|mutant
p1766_orig|original
p1766_mut|mutant
p1767_orig|original
p1767_mut|mutant
p1768_orig|original
p1768_mut|mutant
p1769_orig|original
p1769_mut|mutant
p1770_orig|original
p1770_mut|mutant
p1771_orig|original
p1771_mut|mutant
p1772_orig|original
p1772_mut|mutant
p1773_orig|original
p1773_mut|mutant
p1774_orig|original
p1774_mut|mutant
p1775_orig|original
p1775_mut|mutant
p1776_orig|original
p1776_mut|mutant
p1777_orig|original
p1777_mut|mutant
p1778_orig|original
p1778_mut|mutant
p1779_orig|original
p1779_mut|mutant
p1780_orig|original
p1780_mut|mutant
p1781_orig|original
p1781_mut|mutant
p1782_orig|original
p1782_mut|mutant
p1783_orig|original
p1783_mut|mutant
p1784_orig|original
p1784_mut|mutant
p1785_orig|original
p1785_mut|mutant
p1786_orig|original
p1786_mut|mutant
p1787_orig|original
p1787_mut|mutant
p1788_orig|original
p1788_mut|mutant
p1789_orig|original
p1789_mut|mutant
p1790_orig|original
p1790_mut|mutant
p1791_orig|original
p1791_mut|mutant
p1792_orig|original
p1792_mut|mutant
p1793_orig|original
p1793_mut|mutant
p1794_orig|original
p1794_mut|mutant
p1795_orig|original
p1795_mut|mutant
p1796_orig|original
p1796_mut|mutant
p1797_orig|original
p1797_mut|mutant
p1798_orig|original
p1798_mut|mutant
p1799_orig|original
p1799_mut|mutant
p1800_orig|original
p1800_mut|mutant
p1801_orig|original
p1801_mut|mutant
p1802_orig|original
p1802_mut|mutant
p1803_orig|original
p1803_mut|mutant
p1804_orig|original
p1804_mut|mutant
p1805_orig|original
p1805_mut|mutant
p1806_orig|original
p1806_mut|mutant
p1807_orig|original
p1807_mut|mutant
p1808_orig|original
p1808_mut|mutant
p1809_orig|original
p1809_mut|mutant
p1810_orig|original
p1810_mut|mutant
p1811_orig|original
p1811_mut|mutant
p1812_orig|original
p1812_mut|mutant
p1813_orig|original
p1813_mut|mutant
p1814_orig|original
p1814_mut|mutant
p1815_orig|original
p1815_mut|mutant
p1816_orig|original
p1816_mut|mutant
p1817_orig|original
p1817_mut|mutant
p1818_orig|original
p1818_mut|mutant
p1819_orig|original
p1819_mut|mutant
p1820_orig|original
p1820_mut|mutant
p1821_orig|original
p1821_mut|mutant
p1822_orig|original
p1822_mut|mutant
p1823_orig|original
p1823_mut|mutant
p1824_orig|original
p1824_mut|mutant
p1825_orig|original
p1825_mut|mutant
p1826_orig|original
p1826_mut|mutant
p1827_orig|original
p1827_mut|mutant
p1828_orig|original
p1828_mut|mutant
p1829_orig|original
p1829_mut|mutant
p1830_orig|original
p1830_mut|mutant
p1831_orig|original
p1831_mut|mutant
p1832_orig|original
p1832_mut|mutant
p1833_orig|original
p1833_mut|mutant
p1834_orig|original
p1834_mut|mutant
p1835_orig|original
p1835_mut|mutant
p1836_orig|original
p1836_mut|mutant
p1837_orig|original
p1837_mut|mutant
p1838_orig|original
p1838_mut|mutant
p1839_orig|original
p1839_mut|mutant
p1840_orig|original
p1840_mut|mutant
p1841_orig|original
p1841_mut|mutant
p1842_orig|original
p1842_mut|mutant
p1843_orig|original
p1843_mut|mutant
p1844_orig|original
p1844_mut|mutant
p1845_orig|original
p1845_mut|mutant
p1846_orig|original
p1846_mut|mutant
p1847_orig|original
p1847_mut|mutant
p1848_orig|original
p1848_mut|mutant
p1849_orig|original
p1849_mut|mutant
p1850_orig|original
p1850_mut|mutant
p1851_orig|original
p1851_mut|mutant
p1852_orig|original
p1852_mut|mutant
p1853_orig|original
p1853_mut|mutant
p1854_orig|original
p1854_mut|mutant
p1855_orig|original
p1855_mut|mutant
p1856_orig|original
p1856_mut|mutant
p1857_orig|original
p1857_mut|mutant
p1858_orig|original
p1858_mut|mutant
p1859_orig|original
p1859_mut|mutant
p1860_orig|original
p1860_mut|mutant
p1861_orig|original
p1861_mut|mutant
p1862_orig|original
p1862_mut|mutant
p1863_orig|original
p1863_mut|mutant
p1864_orig|original
p1864_mut|mutant
p1865_orig|original
p1865_mut|mutant
p1866_orig|original
p1866_mut|mutant
p1867_orig|original
p1867_mut|mutant
p1868_orig|original
p1868_mut|mutant
p1869_orig|original
p1869_mut|mutant
p1870_orig|original
p1870_mut|mutant
p1871_orig|original
p1871_mut|mutant
p1872_orig|original
p1872_mut|mutant
p1873_orig|original
p1873_mut|mutant
p1874_orig|original
p1874_mut|mutant
p1875_orig|original
p1875_mut|mutant
p1876_orig|original
p1876_mut|mutant
p1877_orig|original
p1877_mut|mutant
p1878_orig|original
p1878_mut|mutant
p1879_orig|original
p1879_mut|mutant
p1880_orig|original
p1880_mut|mutant
p1881_orig|original
p1881_mut|mutant
p1882_orig|original
p1882_mut|mutant
p1883_orig|original
p1883_mut|mutant
p1884_orig|original
p1884_mut|mutant
p1885_orig|original
p1885_mut|mutant
p1886_orig|original
p1886_mut|mutant
p1887_orig|original
p1887_mut|mutant
p1888_orig|original
p1888_mut|mutant
p1889_orig|original
p1889_mut|mutant
p1890_orig|original
p1890_mut|mutant
p1891_orig|original
p1891_mut|mutant
p1892_orig|original
p1892_mut|mutant
p1893_orig|original
p1893_mut|mutant
p1894_orig|original
p1894_mut|mutant
p1895_orig|original
p1895_mut|mutant
p1896_orig|original
p1896_mut|mutant
p1897_orig|original
p1897_mut|mutant
p1898_orig|original
p1898_mut|mutant
p1899_orig|original
p1899_mut|mutant
p1900_orig|original
p1900_mut|mutant
p1901_orig|original
p1901_mut|mutant
p1902_orig|original
p1902_mut|mutant
p1903_orig|original
p1903_mut|mutant
p1904_orig|original
p1904_mut|mutant
p1905_orig|original
p1905_mut|mutant
p1906_orig|original
p1906_mut|mutant
p1907_orig|original
p1907_mut|mutant
p1908_orig|original
p1908_mut|mutant
p1909_orig|original
p1909_mut|mutant
p1910_orig|original
p1910_mut|mutant
p1911_orig|original
p1911_mut|mutant
p1912_orig|original
p1912_mut|mutant
p1913_orig|original
p1913_mut|mutant
p1914_orig|original
p1914_mut|mutant
p1915_orig|original
p1915_mut|mutant
p1916_orig|original
p1916_mut|mutant
p1917_orig|original
p1917_mut|mutant
p1918_orig|original
p1918_mut|mutant
p1919_orig|original
p1919_mut|mutant
p1920_orig|original
p1920_mut|mutant
p1921_orig|original
p1921_mut|mutant
p1922_orig|original
p1922_mut|mutant
p1923_orig|original
p1923_mut|mutant
p1924_orig|original
p1924_mut|mutant
p1925_orig|original
p1925_mut|mutant
p1926_orig|original
p1926_mut|mutant
p1927_orig|original
p1927_mut|mutant
p1928_orig|original
p1928_mut|mutant
p1929_orig|original
p1929_mut|mutant
p1930_orig|original
p1930_mut|mutant
p1931_orig|original
p1931_mut|mutant
p1932_orig|original
p1932_mut|mutant
p1933_orig|original
p1933_mut|mutant
p1934_orig|original
p1934_mut|mutant
p1935_orig|original
p1935_mut|mutant
p1936_orig|original
p1936_mut|mutant
p1937_orig|original
p1937_mut|mutant
p1938_orig|original
p1938_mut|mutant
p1939_orig|original
p1939_mut|mutant
p1940_orig|original
p1940_mut|mutant
p1941_orig|original
p1941_mut|mutant
p1942_orig|original
p1942_mut|mutant
p1943_orig|original
p1943_mut|mutant
p1944_orig|original
p1944_mut|mutant
p1945_orig|original
p1945_mut|mutant
p1946_orig|original
p1946_mut|mutant
p1947_orig|original
p1947_mut|mutant
p1948_orig|original
p1948_mut|mutant
p1949_orig|original
p1949_mut|mutant
p1950_orig|original
p1950_mut|mutant
p1951_orig|original
p1951_mut|mutant
p1952_orig|original
p1952_mut|mutant
p1953_orig|original
p1953_mut|mutant
p1954_orig|original
p1954_mut|mutant
p1955_orig|original
p1955_mut|mutant
p1956_orig|original
p1956_mut|mutant
p1957_orig|original
p1957_mut|mutant
p1958_orig|original
p1958_mut|mutant
p1959_orig|original
p1959_mut|mutant
p1960_orig|original
p1960_mut|mutant
p1961_orig|original
p1961_mut|mutant
p1962_orig|original
p1962_mut|mutant
p1963_orig|original
p1963_mut|mutant
p1964_orig|original
p1964_mut|mutant
p1965_orig|original
p1965_mut|mutant
p1966_orig|original
p1966_mut|mutant
p1967_orig|original
p1967_mut|mutant
p1968_orig|original
p1968_mut|mutant
p1969_orig|original
p1969_mut|mutant
p1970_orig|original
p1970_mut|mutant
p1971_orig|original
p1971_mut|mutant
p1972_orig|original
p1972_mut|mutant
p1973_orig|original
p1973_mut|mutant
p1974_orig|original
p1974_mut|mutant
p1975_orig|original
p1975_mut|mutant
p1976_orig|original
p1976_mut|mutant
p1977_orig|original
p1977_mut|mutant
p1978_orig|original
p1978_mut|mutant
p1979_orig|original
p1979_mut|mutant
p1980_orig|original
p1980_mut|mutant
p1981_orig|original
p1981_mut|mutant
p1982_orig|original
p1982_mut|mutant
p1983_orig|original
p1983_mut|mutant
p1984_orig|original
p1984_mut|mutant
p1985_orig|original
p1985_mut|mutant
p1986_orig|original
p1986_mut|mutant
p1987_orig|original
p1987_mut|mutant
p1988_orig|original
p1988_mut|mutant
p1989_orig|original
p1989_mut|mutant
p1990_orig|original
p1990_mut|mutant
p1991_orig|original
p1991_mut|mutant
p1992_orig|original
p1992_mut|mutant
p1993_orig|original
p1993_mut|mutant
p1994_orig|original
p1994_mut|mutant
p1995_orig|original
p1995_mut|mutant
p1996_orig|original
p1996_mut|mutant
p1997_orig|original
p1997_mut|mutant
p1998_orig|original
p1998_mut|mutant
p1999_orig|original
p1999_mut|mutant
p2000_orig|original
p2000_mut|mutant
p2001_orig|original
p2001_mut|mutant
p2002_orig|original
p2002_mut|mutant
p2003_orig|original
p2003_mut|mutant
p2004_orig|original
p2004_mut|mutant
p2005_orig|original
p2005_mut|mutant
p2006_orig|original
p2006_mut|mutant
p2007_orig|original
p2007_mut|mutant
p2008_orig|original
p2008_mut|mutant
p2009_orig|original
p2009_mut|mutant
p2010_orig|original
p2010_mut|mutant
p2011_orig|original
p2011_mut|mutant
p2012_orig|original
p2012_mut|mutant
p2013_orig|original
p2013_mut|mutant
p2014_orig|original
p2014_mut|mutant
p2015_orig|original
p2015_mut|mutant
p2016_orig|original
p2016_mut|mutant
p2017_orig|original
p2017_mut|mutant
p2018_orig|original
p2018_mut|mutant
p2019_orig|original
p2019_mut|mutant
p2020_orig|original
p2020_mut|mutant
p2021_orig|original
p2021_mut|mutant
p2022_orig|original
p2022_mut|mutant
p2023_orig|original
p2023_mut|mutant
p2024_orig|original
p2024_mut|mutant
p2025_orig|original
p2025_mut|mutant
p2026_orig|original
p2026_mut|mutant
p2027_orig|original
p2027_mut|mutant
p2028_orig|original
p2028_mut|mutant
p2029_orig|original
p2029_mut|mutant
p2030_orig|original
p2030_mut|mutant
p2031_orig|original
p2031_mut|mutant
p2032_orig|original
p2032_mut|mutant
p2033_orig|original
p2033_mut|mutant
p2034_orig|original
p2034_mut|mutant
p2035_orig|original
p2035_mut|mutant
p2036_orig|original
p2036_mut|mutant
p2037_orig|original
p2037_mut|mutant
p2038_orig|original
p2038_mut|mutant
p2039_orig|original
p2039_mut|mutant
p2040_orig|original
p2040_mut|mutant
p2041_orig|original
p2041_mut|mutant
p2042_orig|original
p2042_mut|mutant
p2043_orig|original
p2043_mut|mutant
p2044_orig|original
p2044_mut|mutant
p2045_orig|original
p2045_mut|mutant
p2046_orig|original
p2046_mut|mutant
p2047_orig|original
p2047_mut|mutant
p2048_orig|original
p2048_mut|mutant
p2049_orig|original
p2049_mut|mutant
p2050_orig|original
p2050_mut|mutant
p2051_orig|original
p2051_mut|mutant
p2052_orig|original
p2052_mut|mutant
p2053_orig|original
p2053_mut|mutant
p2054_orig|original
p2054_mut|mutant
p2055_orig|original
p2055_mut|mutant
p2056_orig|original
p2056_mut|mutant
p2057_orig|original
p2057_mut|mutant
p2058_orig|original
p2058_mut|mutant
p2059_orig|original
p2059_mut|mutant
p2060_orig|original
p2060_mut|mutant
p2061_orig|original
p2061_mut|mutant
p2062_orig|original
p2062_mut|mutant
p2063_orig|original
p2063_mut|mutant
p2064_orig|original
p2064_mut|mutant
p2065_orig|original
p2065_mut|mutant
p2066_orig|original
p2066_mut|mutant
p2067_orig|original
p2067_mut|mutant
p2068_orig|original
p2068_mut|mutant
p2069_orig|original
p2069_mut|mutant
p2070_orig|original
p2070_mut|mutant
p2071_orig|original
p2071_mut|mutant
p2072_orig|original
p2072_mut|mutant
p2073_orig|original
p2073_mut|mutant
p2074_orig|original
p2074_mut|mutant
p2075_orig|original
p2075_mut|mutant
p2076_orig|original
p2076_mut|mutant
p2077_orig|original
p2077_mut|mutant
p2078_orig|original
p2078_mut|mutant
p2079_orig|original
p2079_mut|mutant
p2080_orig|original
p2080_mut|mutant
p2081_orig|original
p2081_mut|mutant
p2082_orig|original
p2082_mut|mutant
p2083_orig|original
p2083_mut|mutant
p2084_orig|original
p2084_mut|mutant
p2085_orig|original
p2085_mut|mutant
p2086_orig|original
p2086_mut|mutant
p2087_orig|original
p2087_mut|mutant
p2088_orig|original
p2088_mut|mutant
p2089_orig|original
p2089_mut|mutant
p2090_orig|original
p2090_mut|mutant
p2091_orig|original
p2091_mut|mutant
p2092_orig|original
p2092_mut|mutant
p2093_orig|original
p2093_mut|mutant
p2094_orig|original
p2094_mut|mutant
p2095_orig|original
p2095_mut|mutant
p2096_orig|original
p2096_mut|mutant
p2097_orig|original
p2097_mut|mutant
p2098_orig|original
p2098_mut|mutant
p2099_orig|original
p2099_mut|mutant
p2100_orig|original
p2100_mut|mutant
p2101_orig|original
p2101_mut|mutant
p2102_orig|original
p2102_mut|mutant
p2103_orig|original
p2103_mut|mutant
p2104_orig|original
p2104_mut|mutant
p2105_orig|original
p2105_mut|mutant
p2106_orig|original
p2106_mut|mutant
p2107_orig|original
p2107_mut|mutant
p2108_orig|original
p2108_mut|mutant
p2109_orig|original
p2109_mut|mutant
p2110_orig|original
p2110_mut|mutant
p2111_orig|original
p2111_mut|mutant
p2112_orig|original
p2112_mut|mutant
p2113_orig|original
p2113_mut|mutant
p2114_orig|original
p2114_mut|mutant
p2115_orig|original
p2115_mut|mutant
p2116_orig|original
p2116_mut|mutant
p2117_orig|original
p2117_mut|mutant
p2118_orig|original
p2118_mut|mutant
p2119_orig|original
p2119_mut|mutant
p2120_orig|original
p2120_mut|mutant
p2121_orig|original
p2121_mut|mutant
p2122_orig|original
p2122_mut|mutant
p2123_orig|original
p2123_mut|mutant
p2124_orig|original
p2124_mut|mutant
p2125_orig|original
p2125_mut|mutant
p2126_orig|original
p2126_mut|mutant
p2127_orig|original
p2127_mut|mutant
p2128_orig|original
p2128_mut|mutant
p2129_orig|original
p2129_mut|mutant
p2130_orig|original
p2130_mut|mutant
p2131_orig|original
p2131_mut|mutant
p2132_orig|original
p2132_mut|mutant
p2133_orig|original
p2133_mut|mutant
p2134_orig|original
p2134_mut|mutant
p2135_orig|original
p2135_mut|mutant
p2136_orig|original
p2136_mut|mutant
p2137_orig|original
p2137_mut|mutant
p2138_orig|original
p2138_mut|mutant
p2139_orig|original
p2139_mut|mutant
p2140_orig|original
p2140_mut|mutant
p2141_orig|original
p2141_mut|mutant
p2142_orig|original
p2142_mut|mutant
p2143_orig|original
p2143_mut|mutant
p2144_orig|original
p2144_mut|mutant
p2145_orig|original
p2145_mut|mutant
p2146_orig|original
p2146_mut|mutant
p2147_orig|original
p2147_mut|mutant
p2148_orig|original
p2148_mut|mutant
p2149_orig|original
p2149_mut|mutant
p2150_orig|original
p2150_mut|mutant
p2151_orig|original
p2151_mut|mutant
p2152_orig|original
p2152_mut|mutant
p2153_orig|original
p2153_mut|mutant
p2154_orig|original
p2154_mut|mutant
p2155_orig|original
p2155_mut|mutant
p2156_orig|original
p2156_mut|mutant
p2157_orig|original
p2157_mut|mutant
p2158_orig|original
p2158_mut|mutant
p2159_orig|original
p2159_mut|mutant
p2160_orig|original
p2160_mut|mutant
p2161_orig|original
p2161_mut|mutant
p2162_orig|original
p2162_mut|mutant
p2163_orig|original
p2163_mut|mutant
p2164_orig|original
p2164_mut|mutant
p2165_orig|original
p2165_mut|mutant
p2166_orig|original
p2166_mut|mutant
p2167_orig|original
p2167_mut|mutant
p2168_orig|original
p2168_mut|mutant
p2169_orig|original
p2169_mut|mutant
p2170_orig|original
p2170_mut|mutant
p2171_orig|original
p2171_mut|mutant
p2172_orig|original
p2172_mut|mutant
p2173_orig|original
p2173_mut|mutant
p2174_orig|original
p2174_mut|mutant
p2175_orig|original
p2175_mut|mutant
p2176_orig|original
p2176_mut|mutant
p2177_orig|original
p2177_mut|mutant
p2178_orig|original
p2178_mut|mutant
p2179_orig|original
p2179_mut|mutant
p2180_orig|original
p2180_mut|mutant
p2181_orig|original
p2181_mut|mutant
p2182_orig|original
p2182_mut|mutant
p2183_orig|original
p2183_mut|mutant
p2184_orig|original
p2184_mut|mutant
p2185_orig|original
p2185_mut|mutant
p2186_orig|original
p2186_mut|mutant
p2187_orig|original
p2187_mut|mutant
p2188_orig|original
p2188_mut|mutant
p2189_orig|original
p2189_mut|mutant
p2190_orig|original
p2190_mut|mutant
p2191_orig|original
p2191_mut|mutant
p2192_orig|original
p2192_mut|mutant
p2193_orig|original
p2193_mut|mutant
p2194_orig|original
p2194_mut|mutant
p2195_orig|original
p2195_mut|mutant
p2196_orig|original
p2196_mut|mutant
p2197_orig|original
p2197_mut|mutant
p2198_orig|original
p2198_mut|mutant
p2199_orig|original
p2199_mut|mutant
p2200_orig|original
p2200_mut|mutant
p2201_orig|original
p2201_mut|mutant
p2202_orig|original
p2202_mut|mutant
p2203_orig|original
p2203_mut|mutant
p2204_orig|original
p2204_mut|mutant
p2205_orig|original
p2205_mut|mutant
p2206_orig|original
p2206_mut|mutant
p2207_orig|original
p2207_mut|mutant
p2208_orig|original
p2208_mut|mutant
p2209_orig|original
p2209_mut|mutant
p2210_orig|original
p2210_mut|mutant
p2211_orig|original
p2211_mut|mutant
p2212_orig|original
p2212_mut|mutant
p2213_orig|original
p2213_mut|mutant
p2214_orig|original
p2214_mut|mutant
p2215_orig|original
p2215_mut|mutant
p2216_orig|original
p2216_mut|mutant
p2217_orig|original
p2217_mut|mutant
p2218_orig|original
p2218_mut|mutant
p2219_orig|original
p2219_mut|mutant
p2220_orig|original
p2220_mut|mutant
p2221_orig|original
p2221_mut|mutant
p2222_orig|original
p2222_mut|mutant
p2223_orig|original
p2223_mut|mutant
p2224_orig|original
p2224_mut|mutant
p2225_orig|original
p2225_mut|mutant
p2226_orig|original
p2226_mut|mutant
p2227_orig|original
p2227_mut|mutant
p2228_orig|original
p2228_mut|mutant
p2229_orig|original
p2229_mut|mutant
p2230_orig|original
p2230_mut|mutant
p2231_orig|original
p2231_mut|mutant
p2232_orig|original
p2232_mut|mutant
p2233_orig|original
p2233_mut|mutant
p2234_orig|original
p2234_mut|mutant
p2235_orig|original
p2235_mut|mutant
p2236_orig|original
p2236_mut|mutant
p2237_orig|original
p2237_mut|mutant
p2238_orig|original
p2238_mut|mutant
p2239_orig|original
p2239_mut|mutant
p2240_orig|original
p2240_mut|mutant
p2241_orig|original
p2241_mut|mutant
p2242_orig|original
p2242_mut|mutant
p2243_orig|original
p2243_mut|mutant
p2244_orig|original
p2244_mut|mutant
p2245_orig|original
p2245_mut|mutant
p2246_orig|original
p2246_mut|mutant
p2247_orig|original
p2247_mut|mutant
p2248_orig|original
p2248_mut|mutant
p2249_orig|original
p2249_mut|mutant
p2250_orig|original
p2250_mut|mutant
p2251_orig|original
p2251_mut|mutant
p2252_orig|original
p2252_mut|mutant
p2253_orig|original
p2253_mut|mutant
p2254_orig|original
p2254_mut|mutant
p2255_orig|original
p2255_mut|mutant
p2256_orig|original
p2256_mut|mutant
p2257_orig|original
p2257_mut|mutant
p2258_orig|original
p2258_mut|mutant
p2259_orig|original
p2259_mut|mutant
p2260_orig|original
p2260_mut|mutant
p2261_orig|original
p2261_mut|mutant
p2262_orig|original
p2262_mut|mutant
p2263_orig|original
p2263_mut|mutant
p2264_orig|original
p2264_mut|mutant
p2265_orig|original
p2265_mut|mutant
p2266_orig|original
p2266_mut|mutant
p2267_orig|original
p2267_mut|mutant
p2268_orig|original
p2268_mut|mutant
p2269_orig|original
p2269_mut|mutant
p2270_orig|original
p2270_mut|mutant
p2271_orig|original
p2271_mut|mutant
p2272_orig|original
p2272_mut|mutant
p2273_orig|original
p2273_mut|mutant
p2274_orig|original
p2274_mut|mutant
p2275_orig|original
p2275_mut|mutant
p2276_orig|original
p2276_mut|mutant
p2277_orig|original
p2277_mut|mutant
p2278_orig|original
p2278_mut|mutant
p2279_orig|original
p2279_mut|mutant
p2280_orig|original
p2280_mut|mutant
p2281_orig|original
p2281_mut|mutant
p2282_orig|original
p2282_mut|mutant
p2283_orig|original
p2283_mut|mutant
p2284_orig|original
p2284_mut|mutant
p2285_orig|original
p2285_mut|mutant
p2286_orig|original
p2286_mut|mutant
p2287_orig|original
p2287_mut|mutant
p2288_orig|original
p2288_mut|mutant
p2289_orig|original
p2289_mut|mutant
p2290_orig|original
p2290_mut|mutant
p2291_orig|original
p2291_mut|mutant
p2292_orig|original
p2292_mut|mutant
p2293_orig|original
p2293_mut|mutant
p2294_orig|original
p2294_mut|mutant
p2295_orig|original
p2295_mut|mutant
p2296_orig|original
p2296_mut|mutant
p2297_orig|original
p2297_mut|mutant
p2298_orig|original
p2298_mut|mutant
p2299_orig|original
p2299_mut|mutant
p2300_orig|original
p2300_mut|mutant
p2301_orig|original
p2301_mut|mutant
p2302_orig|original
p2302_mut|mutant
p2303_orig|original
p2303_mut|mutant
p2304_orig|original
p2304_mut|mutant
p2305_orig|original
p2305_mut|mutant
p2306_orig|original
p2306_mut|mutant
p2307_orig|original
p2307_mut|mutant
p2308_orig|original
p2308_mut|mutant
p2309_orig|original
p2309_mut|mutant
p2310_orig|original
p2310_mut|mutant
p2311_orig|original
p2311_mut|mutant
p2312_orig|original
p2312_mut|mutant
p2313_orig|original
p2313_mut|mutant
p2314_orig|original
p2314_mut|mutant
p2315_orig|original
p2315_mut|mutant
p2316_orig|original
p2316_mut|mutant
p2317_orig|original
p2317_mut|mutant
p2318_orig|original
p2318_mut|mutant
p2319_orig|original
p2319_mut|mutant
p2320_orig|original
p2320_mut|mutant
p2321_orig|original
p2321_mut|mutant
p2322_orig|original
p2322_mut|mutant
p2323_orig|original
p2323_mut|mutant
p2324_orig|original
p2324_mut|mutant
p2325_orig|original
p2325_mut|mutant
p2326_orig|original
p2326_mut|mutant
p2327_orig|original
p2327_mut|mutant
p2328_orig|original
p2328_mut|mutant
p2329_orig|original
p2329_mut|mutant
p2330_orig|original
p2330_mut|mutant
p2331_orig|original
p2331_mut|mutant
p2332_orig|original
p2332_mut|mutant
p2333_orig|original
p2333_mut|mutant
p2334_orig|original
p2334_mut|mutant
p2335_orig|original
p2335_mut|mutant
p2336_orig|original
p2336_mut|mutant
p2337_orig|original
p2337_mut|mutant
p2338_orig|original
p2338_mut|mutant
p2339_orig|original
p2339_mut|mutant
p2340_orig|original
p2340_mut|mutant
p2341_orig|original
p2341_mut|mutant
p2342_orig|original
p2342_mut|mutant
p2343_orig|original
p2343_mut|mutant
p2344_orig|original
p2344_mut|mutant
p2345_orig|original
p2345_mut|mutant
p2346_orig|original
p2346_mut|mutant
p2347_orig|original
p2347_mut|mutant
p2348_orig|original
p2348_mut|mutant
p2349_orig|original
p2349_mut|mutant
p2350_orig|original
p2350_mut|mutant
p2351_orig|original
p2351_mut|mutant
p2352_orig|original
p2352_mut|mutant
p2353_orig|original
p2353_mut|mutant
p2354_orig|original
p2354_mut|mutant
p2355_orig|original
p2355_mut|mutant
p2356_orig|original
p2356_mut|mutant
p2357_orig|original
p2357_mut|mutant
p2358_orig|original
p2358_mut|mutant
p2359_orig|original
p2359_mut|mutant
p2360_orig|original
p2360_mut|mutant
p2361_orig|original
p2361_mut|mutant
p2362_orig|original
p2362_mut|mutant
p2363_orig|original
p2363_mut|mutant
p2364_orig|original
p2364_mut|mutant
p2365_orig|original
p2365_mut|mutant
p2366_orig|original
p2366_mut|mutant
p2367_orig|original
p2367_mut|mutant
p2368_orig|original
p2368_mut|mutant
p2369_orig|original
p2369_mut|mutant
p2370_orig|original
p2370_mut|mutant
p2371_orig|original
p2371_mut|mutant
p2372_orig|original
p2372_mut|mutant
p2373_orig|original
p2373_mut|mutant
p2374_orig|original
p2374_mut|mutant
p2375_orig|original
p2375_mut|mutant
p2376_orig|original
p2376_mut|mutant
p2377_orig|original
p2377_mut|mutant
p2378_orig|original
p2378_mut|mutant
p2379_orig|original
p2379_mut|mutant
p2380_orig|original
p2380_mut|mutant
p2381_orig|original
p2381_mut|mutant
p2382_orig|original
p2382_mut|mutant
p2383_orig|original
p2383_mut|mutant
p2384_orig|original
p2384_mut|mutant
p2385_orig|original
p2385_mut|mutant
p2386_orig|original
p2386_mut|mutant
p2387_orig|original
p2387_mut|mutant
p2388_orig|original
p2388_mut|mutant
p2389_orig|original
p2389_mut|mutant
p2390_orig|original
p2390_mut|mutant
p2391_orig|original
p2391_mut|mutant
p2392_orig|original
p2392_mut|mutant
p2393_orig|original
p2393_mut|mutant
p2394_orig|original
p2394_mut|mutant
p2395_orig|original
p2395_mut|mutant
p2396_orig|original
p2396_mut|mutant
p2397_orig|original
p2397_mut|mutant
p2398_orig|original
p2398_mut|mutant
p2399_orig|original
p2399_mut|mutant
p2400_orig|original
p2400_mut|mutant
p2401_orig|original
p2401_mut|mutant
p2402_orig|original
p2402_mut|mutant
p2403_orig|original
p2403_mut|mutant
p2404_orig|original
p2404_mut|mutant
p2405_orig|original
p2405_mut|mutant
p2406_orig|original
p2406_mut|mutant
p2407_orig|original
p2407_mut|mutant
p2408_orig|original
p2408_mut|mutant
p2409_orig|original
p2409_mut|mutant
p2410_orig|original
p2410_mut|mutant
p2411_orig|original
p2411_mut|mutant
p2412_orig|original
p2412_mut|mutant
p2413_orig|original
p2413_mut|mutant
p2414_orig|original
p2414_mut|mutant
p2415_orig|original
p2415_mut|mutant
p2416_orig|original
p2416_mut|mutant
p2417_orig|original
p2417_mut|mutant
p2418_orig|original
p2418_mut|mutant
p2419_orig|original
p2419_mut|mutant
p2420_orig|original
p2420_mut|mutant
p2421_orig|original
p2421_mut|mutant
p2422_orig|original
p2422_mut|mutant
p2423_orig|original
p2423_mut|mutant
p2424_orig|original
p2424_mut|mutant
p2425_orig|original
p2425_mut|mutant
p2426_orig|original
p2426_mut|mutant
p2427_orig|original
p2427_mut|mutant
p2428_orig|original
p2428_mut|mutant
p2429_orig|original
p2429_mut|mutant
p2430_orig|original
p2430_mut|mutant
p2431_orig|original
p2431_mut|mutant
p2432_orig|original
p2432_mut|mutant
p2433_orig|original
p2433_mut|mutant
p2434_orig|original
p2434_mut|mutant
p2435_orig|original
p2435_mut|mutant
p2436_orig|original
p2436_mut|mutant
p2437_orig|original
p2437_mut|mutant
p2438_orig|original
p2438_mut|mutant
p2439_orig|original
p2439_mut|mutant
p2440_orig|original
p2440_mut|mutant
p2441_orig|original
p2441_mut|mutant
p2442_orig|original
p2442_mut|mutant
p2443_orig|original
p2443_mut|mutant
p2444_orig|original
p2444_mut|mutant
p2445_orig|original
p2445_mut|mutant
p2446_orig|original
p2446_mut|mutant
p2447_orig|original
p2447_mut|mutant
p2448_orig|original
p2448_mut|mutant
p2449_orig|original
p2449_mut|mutant
p2450_orig|original
p2450_mut|mutant
p2451_orig|original
p2451_mut|mutant
p2452_orig|original
p2452_mut|mutant
p2453_orig|original
p2453_mut|mutant
p2454_orig|original
p2454_mut|mutant
p2455_orig|original
p2455_mut|mutant
p2456_orig|original
p2456_mut|mutant
p2457_orig|original
p2457_mut|mutant
p2458_orig|original
p2458_mut|mutant
p2459_orig|original
p2459_mut|mutant
p2460_orig|original
p2460_mut|mutant
p2461_orig|original
p2461_mut|mutant
p2462_orig|original
p2462_mut|mutant
p2463_orig|original
p2463_mut|mutant
p2464_orig|original
p2464_mut|mutant
p2465_orig|original
p2465_mut|mutant
p2466_orig|original
p2466_mut|mutant
p2467_orig|original
p2467_mut|mutant
p2468_orig|original
p2468_mut|mutant
p2469_orig|original
p2469_mut|mutant
p2470_orig|original
p2470_mut|mutant
p2471_orig|original
p2471_mut|mutant
p2472_orig|original
p2472_mut|mutant
p2473_orig|original
p2473_mut|mutant
p2474_orig|original
p2474_mut|mutant
p2475_orig|original
p2475_mut|mutant
p2476_orig|original
p2476_mut|mutant
p2477_orig|original
p2477_mut|mutant
p2478_orig|original
p2478_mut|mutant
p2479_orig|original
p2479_mut|mutant
p2480_orig|original
p2480_mut|mutant
p2481_orig|original
p2481_mut|mutant
p2482_orig|original
p2482_mut|mutant
p2483_orig|original
p2483_mut|mutant
p2484_orig|original
p2484_mut|mutant
p2485_orig|original
p2485_mut|mutant
p2486_orig|original
p2486_mut|mutant
p2487_orig|original
p2487_mut|mutant
p2488_orig|original
p2488_mut|mutant
p2489_orig|original
p2489_mut|mutant
p2490_orig|original
p2490_mut|mutant
p2491_orig|original
p2491_mut|mutant
p2492_orig|original
p2492_mut|mutant
p2493_orig|original
p2493_mut|mutant
p2494_orig|original
p2494_mut|mutant
p2495_orig|original
p2495_mut|mutant
p2496_orig|original
p2496_mut|mutant
p2497_orig|original
p2497_mut|mutant
p2498_orig|original
p2498_mut|mutant
p2499_orig|original
p2499_mut|mutant
p2500_orig|original
p2500_mut|mutant
p2501_orig|original
p2501_mut|mutant
p2502_orig|original
p2502_mut|mutant
p2503_orig|original
p2503_mut|mutant
p2504_orig|original
p2504_mut|mutant
p2505_orig|original
p2505_mut|mutant
p2506_orig|original
p2506_mut|mutant
p2507_orig|original
p2507_mut|mutant
p2508_orig|original
p2508_mut|mutant
p2509_orig|original
p2509_mut|mutant
p2510_orig|original
p2510_mut|mutant
p2511_orig|original
p2511_mut|mutant
p2512_orig|original
p2512_mut|mutant
p2513_orig|original
p2513_mut|mutant
p2514_orig|original
p2514_mut|mutant
p2515_orig|original
p2515_mut|mutant
p2516_orig|original
p2516_mut|mutant
p2517_orig|original
p2517_mut|mutant
p2518_orig|original
p2518_mut|mutant
p2519_orig|original
p2519_mut|mutant
p2520_orig|original
p2520_mut|mutant
p2521_orig|original
p2521_mut|mutant
p2522_orig|original
p2522_mut|mutant
p2523_orig|original
p2523_mut|mutant
p2524_orig|original
p2524_mut|mutant
p2525_orig|original
p2525_mut|mutant
p2526_orig|original
p2526_mut|mutant
p2527_orig|original
p2527_mut|mutant
p2528_orig|original
p2528_mut|mutant
p2529_orig|original
p2529_mut|mutant
p2530_orig|original
p2530_mut|mutant
p2531_orig|original
p2531_mut|mutant
p2532_orig|original
p2532_mut|mutant
p2533_orig|original
p2533_mut|mutant
p2534_orig|original
p2534_mut|mutant
p2535_orig|original
p2535_mut|mutant
p2536_orig|original
p2536_mut|mutant
p2537_orig|original
p2537_mut|mutant
p2538_orig|original
p2538_mut|mutant
p2539_orig|original
p2539_mut|mutant
p2540_orig|original
p2540_mut|mutant
p2541_orig|original
p2541_mut|mutant
p2542_orig|original
p2542_mut|mutant
p2543_orig|original
p2543_mut|mutant
p2544_orig|original
p2544_mut|mutant
p2545_orig|original
p2545_mut|mutant
p2546_orig|original
p2546_mut|mutant
p2547_orig|original
p2547_mut|mutant
p2548_orig|original
p2548_mut|mutant
p2549_orig|original
p2549_mut|mutant
p2550_orig|original
p2550_mut|mutant
p2551_orig|original
p2551_mut|mutant
p2552_orig|original
p2552_mut|mutant
p2553_orig|original
p2553_mut|mutant
p2554_orig|original
p2554_mut|mutant
p2555_orig|original
p2555_mut|mutant
p2556_orig|original
p2556_mut|mutant
p2557_orig|original
p2557_mut|mutant
p2558_orig|original
p2558_mut|mutant
p2559_orig|original
p2559_mut|mutant
p2560_orig|original
p2560_mut|mutant
p2561_orig|original
p2561_mut|mutant
p2562_orig|original
p2562_mut|mutant
p2563_orig|original
p2563_mut|mutant
p2564_orig|original
p2564_mut|mutant
p2565_orig|original
p2565_mut|mutant
p2566_orig|original
p2566_mut|mutant
p2567_orig|original
p2567_mut|mutant
p2568_orig|original
p2568_mut|mutant
p2569_orig|original
p2569_mut|mutant
p2570_orig|original
p2570_mut|mutant
p2571_orig|original
p2571_mut|mutant
p2572_orig|original
p2572_mut|mutant
p2573_orig|original
p2573_mut|mutant
p2574_orig|original
p2574_mut|mutant
p2575_orig|original
p2575_mut|mutant
p2576_orig|original
p2576_mut|mutant
p2577_orig|original
p2577_mut|mutant
p2578_orig|original
p2578_mut|mutant
p2579_orig|original
p2579_mut|mutant
p2580_orig|original
p2580_mut|mutant
p2581_orig|original
p2581_mut|mutant
p2582_orig|original
p2582_mut|mutant
p2583_orig|original
p2583_mut|mutant
p2584_orig|original
p2584_mut|mutant
p2585_orig|original
p2585_mut|mutant
p2586_orig|original
p2586_mut|mutant
p2587_orig|original
p2587_mut|mutant
p2588_orig|original
p2588_mut|mutant
p2589_orig|original
p2589_mut|mutant
p2590_orig|original
p2590_mut|mutant
p2591_orig|original
p2591_mut|mutant
p2592_orig|original
p2592_mut|mutant
p2593_orig|original
p2593_mut|mutant
p2594_orig|original
p2594_mut|mutant
p2595_orig|original
p2595_mut|mutant
p2596_orig|original
p2596_mut|mutant
p2597_orig|original
p2597_mut|mutant
p2598_orig|original
p2598_mut|mutant
p2599_orig|original
p2599_mut|mutant
p2600_orig|original
p2600_mut|mutant
p2601_orig|original
p2601_mut|mutant
p2602_orig|original
p2602_mut|mutant
p2603_orig|original
p2603_mut|mutant
p2604_orig|original
p2604_mut|mutant
p2605_orig|original
p2605_mut|mutant
p2606_orig|original
p2606_mut|mutant
p2607_orig|original
p2607_mut|mutant
p2608_orig|original
p2608_mut|mutant
p2609_orig|original
p2609_mut|mutant
p2610_orig|original
p2610_mut|mutant
p2611_orig|original
p2611_mut|mutant
p2612_orig|original
p2612_mut|mutant
p2613_orig|original
p2613_mut|mutant
p2614_orig|original
p2614_mut|mutant
p2615_orig|original
p2615_mut|mutant
p2616_orig|original
p2616_mut|mutant
p2617_orig|original
p2617_mut|mutant
p2618_orig|original
p2618_mut|mutant
p2619_orig|original
p2619_mut|mutant
p2620_orig|original
p2620_mut|mutant
p2621_orig|original
p2621_mut|mutant
p2622_orig|original
p2622_mut|mutant
p2623_orig|original
p2623_mut|mutant
p2624_orig|original
p2624_mut|mutant
p2625_orig|original
p2625_mut|mutant
p2626_orig|original
p2626_mut|mutant
p2627_orig|original
p2627_mut|mutant
p2628_orig|original
p2628_mut|mutant
p2629_orig|original
p2629_mut|mutant
p2630_orig|original
p2630_mut|mutant
p2631_orig|original
p2631_mut|mutant
p2632_orig|original
p2632_mut|mutant
p2633_orig|original
p2633_mut|mutant
p2634_orig|original
p2634_mut|mutant
p2635_orig|original
p2635_mut|mutant
p2636_orig|original
p2636_mut|mutant
p2637_orig|original
p2637_mut|mutant
p2638_orig|original
p2638_mut|mutant
p2639_orig|original
p2639_mut|mutant
p2640_orig|original
p2640_mut|mutant
p2641_orig|original
p2641_mut|mutant
p2642_orig|original
p2642_mut|mutant
p2643_orig|original
p2643_mut|mutant
p2644_orig|original
p2644_mut|mutant
p2645_orig|original
p2645_mut|mutant
p2646_orig|original
p2646_mut|mutant
p2647_orig|original
p2647_mut|mutant
p2648_orig|original
p2648_mut|mutant
p2649_orig|original
p2649_mut|mutant
p2650_orig|original
p2650_mut|mutant
p2651_orig|original
p2651_mut|mutant
p2652_orig|original
p2652_mut|mutant
p2653_orig|original
p2653_mut|mutant
p2654_orig|original
p2654_mut|mutant
p2655_orig|original
p2655_mut|mutant
p2656_orig|original
p2656_mut|mutant
p2657_orig|original
p2657_mut|mutant
p2658_orig|original
p2658_mut|mutant
p2659_orig|original
p2659_mut|mutant
p2660_orig|original
p2660_mut|mutant
p2661_orig|original
p2661_mut|mutant
p2662_orig|original
p2662_mut|mutant
p2663_orig|original
p2663_mut|mutant
p2664_orig|original
p2664_mut|mutant
p2665_orig|original
p2665_mut|mutant
p2666_orig|original
p2666_mut|mutant
p2667_orig|original
p2667_mut|mutant
p2668_orig|original
p2668_mut|mutant
p2669_orig|original
p2669_mut|mutant
p2670_orig|original
p2670_mut|mutant
p2671_orig|original
p2671_mut|mutant
p2672_orig|original
p2672_mut|mutant
p2673_orig|original
p2673_mut|mutant
p2674_orig|original
p2674_mut|mutant
p2675_orig|original
p2675_mut|mutant
p2676_orig|original
p2676_mut|mutant
p2677_orig|original
p2677_mut|mutant
p2678_orig|original
p2678_mut|mutant
p2679_orig|original
p2679_mut|mutant
p2680_orig|original
p2680_mut|mutant
p2681_orig|original
p2681_mut|mutant
p2682_orig|original
p2682_mut|mutant
p2683_orig|original
p2683_mut|mutant
p2684_orig|original
p2684_mut|mutant
p2685_orig|original
p2685_mut|mutant
p2686_orig|original
p2686_mut|mutant
p2687_orig|original
p2687_mut|mutant
p2688_orig|original
p2688_mut|mutant
p2689_orig|original
p2689_mut|mutant
p2690_orig|original
p2690_mut|mutant
p2691_orig|original
p2691_mut|mutant
p2692_orig|original
p2692_mut|mutant
p2693_orig|original
p2693_mut|mutant
p2694_orig|original
p2694_mut|mutant
p2695_orig|original
p2695_mut|mutant
p2696_orig|original
p2696_mut|mutant
p2697_orig|original
p2697_mut|mutant
p2698_orig|original
p2698_mut|mutant
p2699_orig|original
p2699_mut|mutant
p2700_orig|original
p2700_mut|mutant
p2701_orig|original
p2701_mut|mutant
p2702_orig|original
p2702_mut|mutant
p2703_orig|original
p2703_mut|mutant
p2704_orig|original
p2704_mut|mutant
p2705_orig|original
p2705_mut|mutant
p2706_orig|original
p2706_mut|mutant
p2707_orig|original
p2707_mut|mutant
p2708_orig|original
p2708_mut|mutant
p2709_orig|original
p2709_mut|mutant
p2710_orig|original
p2710_mut|mutant
p2711_orig|original
p2711_mut|mutant
p2712_orig|original
p2712_mut|mutant
p2713_orig|original
p2713_mut|mutant
p2714_orig|original
p2714_mut|mutant
p2715_orig|original
p2715_mut|mutant
p2716_orig|original
p2716_mut|mutant
p2717_orig|original
p2717_mut|mutant
p2718_orig|original
p2718_mut|mutant
p2719_orig|original
p2719_mut|mutant
p2720_orig|original
p2720_mut|mutant
p2721_orig|original
p2721_mut|mutant
p2722_orig|original
p2722_mut|mutant
p2723_orig|original
p2723_mut|mutant
p2724_orig|original
p2724_mut|mutant
p2725_orig|original
p2725_mut|mutant
p2726_orig|original
p2726_mut|mutant
p2727_orig|original
p2727_mut|mutant
p2728_orig|original
p2728_mut|mutant
p2729_orig|original
p2729_mut|mutant
p2730_orig|original
p2730_mut|mutant
p2731_orig|original
p2731_mut|mutant
p2732_orig|original
p2732_mut|mutant
p2733_orig|original
p2733_mut|mutant
p2734_orig|original
p2734_mut|mutant
p2735_orig|original
p2735_mut|mutant
p2736_orig|original
p2736_mut|mutant
p2737_orig|original
p2737_mut|mutant
p2738_orig|original
p2738_mut|mutant
p2739_orig|original
p2739_mut|mutant
p2740_orig|original
p2740_mut|mutant
p2741_orig|original
p2741_mut|mutant
p2742_orig|original
p2742_mut|mutant
p2743_orig|original
p2743_mut|mutant
p2744_orig|original
p2744_mut|mutant
p2745_orig|original
p2745_mut|mutant
p2746_orig|original
p2746_mut|mutant
p2747_orig|original
p2747_mut|mutant
p2748_orig|original
p2748_mut|mutant
p2749_orig|original
p2749_mut|mutant
p2750_orig|original
p2750_mut|mutant
p2751_orig|original
p2751_mut|mutant
p2752_orig|original
p2752_mut|mutant
p2753_orig|original
p2753_mut|mutant
p2754_orig|original
p2754_mut|mutant
p2755_orig|original
p2755_mut|mutant
p2756_orig|original
p2756_mut|mutant
p2757_orig|original
p2757_mut|mutant
p2758_orig|original
p2758_mut|mutant
p2759_orig|original
p2759_mut|mutant
p2760_orig|original
p2760_mut|mutant
p2761_orig|original
p2761_mut|mutant
p2762_orig|original
p2762_mut|mutant
p2763_orig|original
p2763_mut|mutant
p2764_orig|original
p2764_mut|mutant
p2765_orig|original
p2765_mut|mutant
p2766_orig|original
p2766_mut|mutant
p2767_orig|original
p2767_mut|mutant
p2768_orig|original
p2768_mut|mutant
p2769_orig|original
p2769_mut|mutant
p2770_orig|original
p2770_mut|mutant
p2771_orig|original
p2771_mut|mutant
p2772_orig|original
p2772_mut|mutant
p2773_orig|original
p2773_mut|mutant
p2774_orig|original
p2774_mut|mutant
p2775_orig|original
p2775_mut|mutant
p2776_orig|original
p2776_mut|mutant
p2777_orig|original
p2777_mut|mutant
p2778_orig|original
p2778_mut|mutant
p2779_orig|original
p2779_mut|mutant
p2780_orig|original
p2780_mut|mutant
p2781_orig|original
p2781_mut|mutant
p2782_orig|original
p2782_mut|mutant
p2783_orig|original
p2783_mut|mutant
p2784_orig|original
p2784_mut|mutant
p2785_orig|original
p2785_mut|mutant
p2786_orig|original
p2786_mut|mutant
p2787_orig|original
p2787_mut|mutant
p2788_orig|original
p2788_mut|mutant
p2789_orig|original
p2789_mut|mutant
p2790_orig|original
p2790_mut|mutant
p2791_orig|original
p2791_mut|mutant
p2792_orig|original
p2792_mut|mutant
p2793_orig|original
p2793_mut|mutant
p2794_orig|original
p2794_mut|mutant
p2795_orig|original
p2795_mut|mutant
p2796_orig|original
p2796_mut|mutant
p2797_orig|original
p2797_mut|mutant
p2798_orig|original
p2798_mut|mutant
p2799_orig|original
p2799_mut|mutant
p2800_orig|original
p2800_mut|mutant
p2801_orig|original
p2801_mut|mutant
p2802_orig|original
p2802_mut|mutant
p2803_orig|original
p2803_mut|mutant
p2804_orig|original
p2804_mut|mutant
p2805_orig|original
p2805_mut|mutant
p2806_orig|original
p2806_mut|mutant
p2807_orig|original
p2807_mut|mutant
p2808_orig|original
p2808_mut|mutant
p2809_orig|original
p2809_mut|mutant
p2810_orig|original
p2810_mut|mutant
p2811_orig|original
p2811_mut|mutant
p2812_orig|original
p2812_mut|mutant
p2813_orig|original
p2813_mut|mutant
p2814_orig|original
p2814_mut|mutant
p2815_orig|original
p2815_mut|mutant
p2816_orig|original
p2816_mut|mutant
p2817_orig|original
p2817_mut|mutant
p2818_orig|original
p2818_mut|mutant
p2819_orig|original
p2819_mut|mutant
p2820_orig|original
p2820_mut|mutant
p2821_orig|original
p2821_mut|mutant
p2822_orig|original
p2822_mut|mutant
p2823_orig|original
p2823_mut|mutant
p2824_orig|original
p2824_mut|mutant
p2825_orig|original
p2825_mut|mutant
p2826_orig|original
p2826_mut|mutant
p2827_orig|original
p2827_mut|mutant
p2828_orig|original
p2828_mut|mutant
p2829_orig|original
p2829_mut|mutant
p2830_orig|original
p2830_mut|mutant
p2831_orig|original
p2831_mut|mutant
p2832_orig|original
p2832_mut|mutant
p2833_orig|original
p2833_mut|mutant
p2834_orig|original
p2834_mut|mutant
p2835_orig|original
p2835_mut|mutant
p2836_orig|original
p2836_mut|mutant
p2837_orig|original
p2837_mut|mutant
p2838_orig|original
p2838_mut|mutant
p2839_orig|original
p2839_mut|mutant
p2840_orig|original
p2840_mut|mutant
p2841_orig|original
p2841_mut|mutant
p2842_orig|original
p2842_mut|mutant
p2843_orig|original
p2843_mut|mutant
p2844_orig|original
p2844_mut|mutant
p2845_orig|original
p2845_mut|mutant
p2846_orig|original
p2846_mut|mutant
p2847_orig|original
p2847_mut|mutant
p2848_orig|original
p2848_mut|mutant
p2849_orig|original
p2849_mut|mutant
p2850_orig|original
p2850_mut|mutant
p2851_orig|original
p2851_mut|mutant
p2852_orig|original
p2852_mut|mutant
p2853_orig|original
p2853_mut|mutant
p2854_orig|original
p2854_mut|mutant
p2855_orig|original
p2855_mut|mutant
p2856_orig|original
p2856_mut|mutant
p2857_orig|original
p2857_mut|mutant
p2858_orig|original
p2858_mut|mutant
p2859_orig|original
p2859_mut|mutant
p2860_orig|original
p2860_mut|mutant
p2861_orig|original
p2861_mut|mutant
p2862_orig|original
p2862_mut|mutant
p2863_orig|original
p2863_mut|mutant
p2864_orig|original
p2864_mut|mutant
p2865_orig|original
p2865_mut|mutant
p2866_orig|original
p2866_mut|mutant
p2867_orig|original
p2867_mut|mutant
p2868_orig|original
p2868_mut|mutant
p2869_orig|original
p2869_mut|mutant
p2870_orig|original
p2870_mut|mutant
p2871_orig|original
p2871_mut|mutant
p2872_orig|original
p2872_mut|mutant
p2873_orig|original
p2873_mut|mutant
p2874_orig|original
p2874_mut|mutant
p2875_orig|original
p2875_mut|mutant
p2876_orig|original
p2876_mut|mutant
p2877_orig|original
p2877_mut|mutant
p2878_orig|original
p2878_mut|mutant
p2879_orig|original
p2879_mut|mutant
p2880_orig|original
p2880_mut|mutant
p2881_orig|original
p2881_mut|mutant
p2882_orig|original
p2882_mut|mutant
p2883_orig|original
p2883_mut|mutant
p2884_orig|original
p2884_mut|mutant
p2885_orig|original
p2885_mut|mutant
p2886_orig|original
p2886_mut|mutant
p2887_orig|original
p2887_mut|mutant
p2888_orig|original
p2888_mut|mutant
p2889_orig|original
p2889_mut|mutant
p2890_orig|original
p2890_mut|mutant
p2891_orig|original
p2891_mut|mutant
p2892_orig|original
p2892_mut|mutant
p2893_orig|original
p2893_mut|mutant
p2894_orig|original
p2894_mut|mutant
p2895_orig|original
p2895_mut|mutant
p2896_orig|original
p2896_mut|mutant
p2897_orig|original
p2897_mut|mutant
p2898_orig|original
p2898_mut|mutant
p2899_orig|original
p2899_mut|mutant
p2900_orig|original
p2900_mut|mutant
p2901_orig|original
p2901_mut|mutant
p2902_orig|original
p2902_mut|mutant
p2903_orig|original
p2903_mut|mutant
p2904_orig|original
p2904_mut|mutant
p2905_orig|original
p2905_mut|mutant
p2906_orig|original
p2906_mut|mutant
p2907_orig|original
p2907_mut|mutant
p2908_orig|original
p2908_mut|mutant
p2909_orig|original
p2909_mut|mutant
p2910_orig|original
p2910_mut|mutant
p2911_orig|original
p2911_mut|mutant
p2912_orig|original
p2912_mut|mutant
p2913_orig|original
p2913_mut|mutant
p2914_orig|original
p2914_mut|mutant
p2915_orig|original
p2915_mut|mutant
p2916_orig|original
p2916_mut|mutant
p2917_orig|original
p2917_mut|mutant
p2918_orig|original
p2918_mut|mutant
p2919_orig|original
p2919_mut|mutant
p2920_orig|original
p2920_mut|mutant
p2921_orig|original
p2921_mut|mutant
p2922_orig|original
p2922_mut|mutant
p2923_orig|original
p2923_mut|mutant
p2924_orig|original
p2924_mut|mutant
p2925_orig|original
p2925_mut|mutant
p2926_orig|original
p2926_mut|mutant
p2927_orig|original
p2927_mut|mutant
p2928_orig|original
p2928_mut|mutant
p2929_orig|original
p2929_mut|mutant
p2930_orig|original
p2930_mut|mutant
p2931_orig|original
p2931_mut|mutant
p2932_orig|original
p2932_mut|mutant
p2933_orig|original
p2933_mut|mutant
p2934_orig|original
p2934_mut|mutant
p2935_orig|original
p2935_mut|mutant
p2936_orig|original
p2936_mut|mutant
p2937_orig|original
p2937_mut|mutant
p2938_orig|original
p2938_mut|mutant
p2939_orig|original
p2939_mut|mutant
p2940_orig|original
p2940_mut|mutant
p2941_orig|original
p2941_mut|mutant
p2942_orig|original
p2942_mut|mutant
p2943_orig|original
p2943_mut|mutant
p2944_orig|original
p2944_mut|mutant
p2945_orig|original
p2945_mut|mutant
p2946_orig|original
p2946_mut|mutant
p2947_orig|original
p2947_mut|mutant
p2948_orig|original
p2948_mut|mutant
p2949_orig|original
p2949_mut|mutant
p2950_orig|original
p2950_mut|mutant
p2951_orig|original
p2951_mut|mutant
p2952_orig|original
p2952_mut|mutant
p2953_orig|original
p2953_mut|mutant
p2954_orig|original
p2954_mut|mutant
p2955_orig|original
p2955_mut|mutant
p2956_orig|original
p2956_mut|mutant
p2957_orig|original
p2957_mut|mutant
p2958_orig|original
p2958_mut|mutant
p2959_orig|original
p2959_mut|mutant
p2960_orig|original
p2960_mut|mutant
p2961_orig|original
p2961_mut|mutant
p2962_orig|original
p2962_mut|mutant
p2963_orig|original
p2963_mut|mutant
p2964_orig|original
p2964_mut|mutant
p2965_orig|original
p2965_mut|mutant
p2966_orig|original
p2966_mut|mutant
p2967_orig|original
p2967_mut|mutant
p2968_orig|original
p2968_mut|mutant
p2969_orig|original
p2969_mut|mutant
p2970_orig|original
p2970_mut|mutant
p2971_orig|original
p2971_mut|mutant
p2972_orig|original
p2972_mut|mutant
p2973_orig|original
p2973_mut|mutant
p2974_orig|original
p2974_mut|mutant
p2975_orig|original
p2975_mut|mutant
p2976_orig|original
p2976_mut|mutant
p2977_orig|original
p2977_mut|mutant
p2978_orig|original
p2978_mut|mutant
p2979_orig|original
p2979_mut|mutant
p2980_orig|original
p2980_mut|mutant
p2981_orig|original
p2981_mut|mutant
p2982_orig|original
p2982_mut|mutant
p2983_orig|original
p2983_mut|mutant
p2984_orig|original
p2984_mut|mutant
p2985_orig|original
p2985_mut|mutant
p2986_orig|original
p2986_mut|mutant
p2987_orig|original
p2987_mut|mutant
p2988_orig|original
p2988_mut|mutant
p2989_orig|original
p2989_mut|mutant
p2990_orig|original
p2990_mut|mutant
p2991_orig|original
p2991_mut|mutant
p2992_orig|original
p2992_mut|mutant
p2993_orig|original
p2993_mut|mutant
p2994_orig|original
p2994_mut|mutant
p2995_orig|original
p2995_mut|mutant
p2996_orig|original
p2996_mut|mutant
p2997_orig|original
p2997_mut|mutant
p2998_orig|original
p2998_mut|mutant
p2999_orig|original
p2999_mut|mutant
p3000_orig|original
p3000_mut|mutant
p3001_orig|original
p3001_mut|mutant
p3002_orig|original
p3002_mut|mutant
p3003_orig|original
p3003_mut|mutant
p3004_orig|original
p3004_mut|mutant
p3005_orig|original
p3005_mut|mutant
p3006_orig|original
p3006_mut|mutant
p3007_orig|original
p3007_mut|mutant
p3008_orig|original
p3008_mut|mutant
p3009_orig|original
p3009_mut|mutant
p3010_orig|original
p3010_mut|mutant
p3011_orig|original
p3011_mut|mutant
p3012_orig|original
p3012_mut|mutant
p3013_orig|original
p3013_mut|mutant
p3014_orig|original
p3014_mut|mutant
p3015_orig|original
p3015_mut|mutant
p3016_orig|original
p3016_mut|mutant
p3017_orig|original
p3017_mut|mutant
p3018_orig|original
p3018_mut|mutant
p3019_orig|original
p3019_mut|mutant
p3020_orig|original
p3020_mut|mutant
p3021_orig|original
p3021_mut|mutant
p3022_orig|original
p3022_mut|mutant
p3023_orig|original
p3023_mut|mutant
p3024_orig|original
p3024_mut|mutant
p3025_orig|original
p3025_mut|mutant
p3026_orig|original
p3026_mut|mutant
p3027_orig|original
p3027_mut|mutant
p3028_orig|original
p3028_mut|mutant
p3029_orig|original
p3029_mut|mutant
p3030_orig|original
p3030_mut|mutant
p3031_orig|original
p3031_mut|mutant
p3032_orig|original
p3032_mut|mutant
p3033_orig|original
p3033_mut|mutant
p3034_orig|original
p3034_mut|mutant
p3035_orig|original
p3035_mut|mutant
p3036_orig|original
p3036_mut|mutant
p3037_orig|original
p3037_mut|mutant
p3038_orig|original
p3038_mut|mutant
p3039_orig|original
p3039_mut|mutant
p3040_orig|original
p3040_mut|mutant
p3041_orig|original
p3041_mut|mutant
p3042_orig|original
p3042_mut|mutant
p3043_orig|original
p3043_mut|mutant
p3044_orig|original
p3044_mut|mutant
p3045_orig|original
p3045_mut|mutant
p3046_orig|original
p3046_mut|mutant
p3047_orig|original
p3047_mut|mutant
p3048_orig|original
p3048_mut|mutant
p3049_orig|original
p3049_mut|mutant
p3050_orig|original
p3050_mut|mutant
p3051_orig|original
p3051_mut|mutant
p3052_orig|original
p3052_mut|mutant
p3053_orig|original
p3053_mut|mutant
p3054_orig|original
p3054_mut|mutant
p3055_orig|original
p3055_mut|mutant
p3056_orig|original
p3056_mut|mutant
p3057_orig|original
p3057_mut|mutant
p3058_orig|original
p3058_mut|mutant
p3059_orig|original
p3059_mut|mutant
p3060_orig|original
p3060_mut|mutant
p3061_orig|original
p3061_mut|mutant
p3062_orig|original
p3062_mut|mutant
p3063_orig|original
p3063_mut|mutant
p3064_orig|original
p3064_mut|mutant
p3065_orig|original
p3065_mut|mutant
p3066_orig|original
p3066_mut|mutant
p3067_orig|original
p3067_mut|mutant
p3068_orig|original
p3068_mut|mutant
p3069_orig|original
p3069_mut|mutant
p3070_orig|original
p3070_mut|mutant
p3071_orig|original
p3071_mut|mutant
p3072_orig|original
p3072_mut|mutant
p3073_orig|original
p3073_mut|mutant
p3074_orig|original
p3074_mut|mutant
p3075_orig|original
p3075_mut|mutant
p3076_orig|original
p3076_mut|mutant
p3077_orig|original
p3077_mut|mutant
p3078_orig|original
p3078_mut|mutant
p3079_orig|original
p3079_mut|mutant
p3080_orig|original
p3080_mut|mutant
p3081_orig|original
p3081_mut|mutant
p3082_orig|original
p3082_mut|mutant
p3083_orig|original
p3083_mut|mutant
p3084_orig|original
p3084_mut|mutant
p3085_orig|original
p3085_mut|mutant
p3086_orig|original
p3086_mut|mutant
p3087_orig|original
p3087_mut|mutant
p3088_orig|original
p3088_mut|mutant
p3089_orig|original
p3089_mut|mutant
p3090_orig|original
p3090_mut|mutant
p3091_orig|original
p3091_mut|mutant
p3092_orig|original
p3092_mut|mutant
p3093_orig|original
p3093_mut|mutant
p3094_orig|original
p3094_mut|mutant
p3095_orig|original
p3095_mut|mutant
p3096_orig|original
p3096_mut|mutant
p3097_orig|original
p3097_mut|mutant
p3098_orig|original
p3098_mut|mutant
p3099_orig|original
p3099_mut|mutant
p3100_orig|original
p3100_mut|mutant
p3101_orig|original
p3101_mut|mutant
p3102_orig|original
p3102_mut|mutant
p3103_orig|original
p3103_mut|mutant
p3104_orig|original
p3104_mut|mutant
p3105_orig|original
p3105_mut|mutant
p3106_orig|original
p3106_mut|mutant
p3107_orig|original
p3107_mut|mutant
p3108_orig|original
p3108_mut|mutant
p3109_orig|original
p3109_mut|mutant
p3110_orig|original
p3110_mut|mutant
p3111_orig|original
p3111_mut|mutant
p3112_orig|original
p3112_mut|mutant
p3113_orig|original
p3113_mut|mutant
p3114_orig|original
p3114_mut|mutant
p3115_orig|original
p3115_mut|mutant
p3116_orig|original
p3116_mut|mutant
p3117_orig|original
p3117_mut|mutant
p3118_orig|original
p3118_mut|mutant
p3119_orig|original
p3119_mut|mutant
p3120_orig|original
p3120_mut|mutant
p3121_orig|original
p3121_mut|mutant
p3122_orig|original
p3122_mut|mutant
p3123_orig|original
p3123_mut|mutant
p3124_orig|original
p3124_mut|mutant
p3125_orig|original
p3125_mut|mutant
p3126_orig|original
p3126_mut|mutant
p3127_orig|original
p3127_mut|mutant
p3128_orig|original
p3128_mut|mutant
p3129_orig|original
p3129_mut|mutant
p3130_orig|original
p3130_mut|mutant
p3131_orig|original
p3131_mut|mutant
p3132_orig|original
p3132_mut|mutant
p3133_orig|original
p3133_mut|mutant
p3134_orig|original
p3134_mut|mutant
p3135_orig|original
p3135_mut|mutant
p3136_orig|original
p3136_mut|mutant
p3137_orig|original
p3137_mut|mutant
p3138_orig|original
p3138_mut|mutant
p3139_orig|original
p3139_mut|mutant
p3140_orig|original
p3140_mut|mutant
p3141_orig|original
p3141_mut|mutant
p3142_orig|original
p3142_mut|mutant
p3143_orig|original
p3143_mut|mutant
p3144_orig|original
p3144_mut|mutant
p3145_orig|original
p3145_mut|mutant
p3146_orig|original
p3146_mut|mutant
p3147_orig|original
p3147_mut|mutant
p3148_orig|original
p3148_mut|mutant
p3149_orig|original
p3149_mut|mutant
p3150_orig|original
p3150_mut|mutant
p3151_orig|original
p3151_mut|mutant
p3152_orig|original
p3152_mut|mutant
p3153_orig|original
p3153_mut|mutant
p3154_orig|original
p3154_mut|mutant
p3155_orig|original
p3155_mut|mutant
p3156_orig|original
p3156_mut|mutant
p3157_orig|original
p3157_mut|mutant
p3158_orig|original
p3158_mut|mutant
p3159_orig|original
p3159_mut|mutant
p3160_orig|original
p3160_mut|mutant
p3161_orig|original
p3161_mut|mutant
p3162_orig|original
p3162_mut|mutant
p3163_orig|original
p3163_mut|mutant
p3164_orig|original
p3164_mut|mutant
p3165_orig|original
p3165_mut|mutant
p3166_orig|original
p3166_mut|mutant
p3167_orig|original
p3167_mut|mutant
p3168_orig|original
p3168_mut|mutant
p3169_orig|original
p3169_mut|mutant
p3170_orig|original
p3170_mut|mutant
p3171_orig|original
p3171_mut|mutant
p3172_orig|original
p3172_mut|mutant
p3173_orig|original
p3173_mut|mutant
p3174_orig|original
p3174_mut|mutant
p3175_orig|original
p3175_mut|mutant
p3176_orig|original
p3176_mut|mutant
p3177_orig|original
p3177_mut|mutant
p3178_orig|original
p3178_mut|mutant
p3179_orig|original
p3179_mut|mutant
p3180_orig|original
p3180_mut|mutant
p3181_orig|original
p3181_mut|mutant
p3182_orig|original
p3182_mut|mutant
p3183_orig|original
p3183_mut|mutant
p3184_orig|original
p3184_mut|mutant
p3185_orig|original
p3185_mut|mutant
p3186_orig|original
p3186_mut|mutant
p3187_orig|original
p3187_mut|mutant
p3188_orig|original
p3188_mut|mutant
p3189_orig|original
p3189_mut|mutant
p3190_orig|original
p3190_mut|mutant
p3191_orig|original
p3191_mut|mutant
p3192_orig|original
p3192_mut|mutant
p3193_orig|original
p3193_mut|mutant
p3194_orig|original
p3194_mut|mutant
p3195_orig|original
p3195_mut|mutant
p3196_orig|original
p3196_mut|mutant
p3197_orig|original
p3197_mut|mutant
p3198_orig|original
p3198_mut|mutant
p3199_orig|original
p3199_mut|mutant
p3200_orig|original
p3200_mut|mutant
p3201_orig|original
p3201_mut|mutant
p3202_orig|original
p3202_mut|mutant
p3203_orig|original
p3203_mut|mutant
p3204_orig|original
p3204_mut|mutant
p3205_orig|original
p3205_mut|mutant
p3206_orig|original
p3206_mut|mutant
p3207_orig|original
p3207_mut|mutant
p3208_orig|original
p3208_mut|mutant
p3209_orig|original
p3209_mut|mutant
p3210_orig|original
p3210_mut|mutant
p3211_orig|original
p3211_mut|mutant
p3212_orig|original
p3212_mut|mutant
p3213_orig|original
p3213_mut|mutant
p3214_orig|original
p3214_mut|mutant
p3215_orig|original
p3215_mut|mutant
p3216_orig|original
p3216_mut|mutant
p3217_orig|original
p3217_mut|mutant
p3218_orig|original
p3218_mut|mutant
p3219_orig|original
p3219_mut|mutant
p3220_orig|original
p3220_mut|mutant
p3221_orig|original
p3221_mut|mutant
p3222_orig|original
p3222_mut|mutant
p3223_orig|original
p3223_mut|mutant
p3224_orig|original
p3224_mut|mutant
p3225_orig|original
p3225_mut|mutant
p3226_orig|original
p3226_mut|mutant
p3227_orig|original
p3227_mut|mutant
p3228_orig|original
p3228_mut|mutant
p3229_orig|original
p3229_mut|mutant
p3230_orig|original
p3230_mut|mutant
p3231_orig|original
p3231_mut|mutant
p3232_orig|original
p3232_mut|mutant
p3233_orig|original
p3233_mut|mutant
p3234_orig|original
p3234_mut|mutant
p3235_orig|original
p3235_mut|mutant
p3236_orig|original
p3236_mut|mutant
p3237_orig|original
p3237_mut|mutant
p3238_orig|original
p3238_mut|mutant
p3239_orig|original
p3239_mut|mutant
p3240_orig|original
p3240_mut|mutant
p3241_orig|original
p3241_mut|mutant
p3242_orig|original
p3242_mut|mutant
p3243_orig|original
p3243_mut|mutant
p3244_orig|original
p3244_mut|mutant
p3245_orig|original
p3245_mut|mutant
p3246_orig|original
p3246_mut|mutant
p3247_orig|original
p3247_mut|mutant
p3248_orig|original
p3248_mut|mutant
p3249_orig|original
p3249_mut|mutant
p3250_orig|original
p3250_mut|mutant
p3251_orig|original
p3251_mut|mutant
p3252_orig|original
p3252_mut|mutant
p3253_orig|original
p3253_mut|mutant
p3254_orig|original
p3254_mut|mutant
p3255_orig|original
p3255_mut|mutant
p3256_orig|original
p3256_mut|mutant
p3257_orig|original
p3257_mut|mutant
p3258_orig|original
p3258_mut|mutant
p3259_orig|original
p3259_mut|mutant
p3260_orig|original
p3260_mut|mutant
p3261_orig|original
p3261_mut|mutant
p3262_orig|original
p3262_mut|mutant
p3263_orig|original
p3263_mut|mutant
p3264_orig|original
p3264_mut|mutant
p3265_orig|original
p3265_mut|mutant
p3266_orig|original
p3266_mut|mutant
p3267_orig|original
p3267_mut|mutant
p3268_orig|original
p3268_mut|mutant
p3269_orig|original
p3269_mut|mutant
p3270_orig|original
p3270_mut|mutant
p3271_orig|original
p3271_mut|mutant
p3272_orig|original
p3272_mut|mutant
p3273_orig|original
p3273_mut|mutant
p3274_orig|original
p3274_mut|mutant
p3275_orig|original
p3275_mut|mutant
p3276_orig|original
p3276_mut|mutant
p3277_orig|original
p3277_mut|mutant
p3278_orig|original
p3278_mut|mutant
p3279_orig|original
p3279_mut|mutant
p3280_orig|original
p3280_mut|mutant
p3281_orig|original
p3281_mut|mutant
p3282_orig|original
p3282_mut|mutant
p3283_orig|original
p3283_mut|mutant
p3284_orig|original
p3284_mut|mutant
p3285_orig|original
p3285_mut|mutant
p3286_orig|original
p3286_mut|mutant
p3287_orig|original
p3287_mut|mutant
p3288_orig|original
p3288_mut|mutant
p3289_orig|original
p3289_mut|mutant
p3290_orig|original
p3290_mut|mutant
p3291_orig|original
p3291_mut|mutant
p3292_orig|original
p3292_mut|mutant
p3293_orig|original
p3293_mut|mutant
p3294_orig|original
p3294_mut|mutant
p3295_orig|original
p3295_mut|mutant
p3296_orig|original
p3296_mut|mutant
p3297_orig|original
p3297_mut|mutant
p3298_orig|original
p3298_mut|mutant
p3299_orig|original
p3299_mut|mutant
p3300_orig|original
p3300_mut|mutant
p3301_orig|original
p3301_mut|mutant
p3302_orig|original
p3302_mut|mutant
p3303_orig|original
p3303_mut|mutant
p3304_orig|original
p3304_mut|mutant
p3305_orig|original
p3305_mut|mutant
p3306_orig|original
p3306_mut|mutant
p3307_orig|original
p3307_mut|mutant
p3308_orig|original
p3308_mut|mutant
p3309_orig|original
p3309_mut|mutant
p3310_orig|original
p3310_mut|mutant
p3311_orig|original
p3311_mut|mutant
p3312_orig|original
p3312_mut|mutant
p3313_orig|original
p3313_mut|mutant
p3314_orig|original
p3314_mut|mutant
p3315_orig|original
p3315_mut|mutant
p3316_orig|original
p3316_mut|mutant
p3317_orig|original
p3317_mut|mutant
p3318_orig|original
p3318_mut|mutant
p3319_orig|original
p3319_mut|mutant
p3320_orig|original
p3320_mut|mutant
p3321_orig|original
p3321_mut|mutant
p3322_orig|original
p3322_mut|mutant
p3323_orig|original
p3323_mut|mutant
p3324_orig|original
p3324_mut|mutant
p3325_orig|original
p3325_mut|mutant
p3326_orig|original
p3326_mut|mutant
p3327_orig|original
p3327_mut|mutant
p3328_orig|original
p3328_mut|mutant
p3329_orig|original
p3329_mut|mutant
p3330_orig|original
p3330_mut|mutant
p3331_orig|original
p3331_mut|mutant
p3332_orig|original
p3332_mut|mutant
p3333_orig|original
p3333_mut|mutant
p3334_orig|original
p3334_mut|mutant
p3335_orig|original
p3335_mut|mutant
p3336_orig|original
p3336_mut|mutant
p3337_orig|original
p3337_mut|mutant
p3338_orig|original
p3338_mut|mutant
p3339_orig|original
p3339_mut|mutant
p3340_orig|original
p3340_mut|mutant
p3341_orig|original
p3341_mut|mutant
p3342_orig|original
p3342_mut|mutant
p3343_orig|original
p3343_mut|mutant
p3344_orig|original
p3344_mut|mutant
p3345_orig|original
p3345_mut|mutant
p3346_orig|original
p3346_mut|mutant
p3347_orig|original
p3347_mut|mutant
p3348_orig|original
p3348_mut|mutant
p3349_orig|original
p3349_mut|mutant
p3350_orig|original
p3350_mut|mutant
p3351_orig|original
p3351_mut|mutant
p3352_orig|original
p3352_mut|mutant
p3353_orig|original
p3353_mut|mutant
p3354_orig|original
p3354_mut|mutant
p3355_orig|original
p3355_mut|mutant
p3356_orig|original
p3356_mut|mutant
p3357_orig|original
p3357_mut|mutant
p3358_orig|original
p3358_mut|mutant
p3359_orig|original
p3359_mut|mutant
p3360_orig|original
p3360_mut|mutant
p3361_orig|original
p3361_mut|mutant
p3362_orig|original
p3362_mut|mutant
p3363_orig|original
p3363_mut|mutant
p3364_orig|original
p3364_mut|mutant
p3365_orig|original
p3365_mut|mutant
p3366_orig|original
p3366_mut|mutant
p3367_orig|original
p3367_mut|mutant
p3368_orig|original
p3368_mut|mutant
p3369_orig|original
p3369_mut|mutant
p3370_orig|original
p3370_mut|mutant
p3371_orig|original
p3371_mut|mutant
p3372_orig|original
p3372_mut|mutant
p3373_orig|original
p3373_mut|mutant
p3374_orig|original
p3374_mut|mutant
p3375_orig|original
p3375_mut|mutant
p3376_orig|original
p3376_mut|mutant
p3377_orig|original
p3377_mut|mutant
p3378_orig|original
p3378_mut|mutant
p3379_orig|original
p3379_mut|mutant
p3380_orig|original
p3380_mut|mutant
p3381_orig|original
p3381_mut|mutant
p3382_orig|original
p3382_mut|mutant
p3383_orig|original
p3383_mut|mutant
p3384_orig|original
p3384_mut|mutant
p3385_orig|original
p3385_mut|mutant
p3386_orig|original
p3386_mut|mutant
p3387_orig|original
p3387_mut|mutant
p3388_orig|original
p3388_mut|mutant
p3389_orig|original
p3389_mut|mutant
p3390_orig|original
p3390_mut|mutant
p3391_orig|original
p3391_mut|mutant
p3392_orig|original
p3392_mut|mutant
p3393_orig|original
p3393_mut|mutant
p3394_orig|original
p3394_mut|mutant
p3395_orig|original
p3395_mut|mutant
p3396_orig|original
p3396_mut|mutant
p3397_orig|original
p3397_mut|mutant
p3398_orig|original
p3398_mut|mutant
p3399_orig|original
p3399_mut|mutant
p3400_orig|original
p3400_mut|mutant
p3401_orig|original
p3401_mut|mutant
p3402_orig|original
p3402_mut|mutant
p3403_orig|original
p3403_mut|mutant
p3404_orig|original
p3404_mut|mutant
p3405_orig|original
p3405_mut|mutant
p3406_orig|original
p3406_mut|mutant
p3407_orig|original
p3407_mut|mutant
p3408_orig|original
p3408_mut|mutant
p3409_orig|original
p3409_mut|mutant
p3410_orig|original
p3410_mut|mutant
p3411_orig|original
p3411_mut|mutant
p3412_orig|original
p3412_mut|mutant
p3413_orig|original
p3413_mut|mutant
p3414_orig|original
p3414_mut|mutant
p3415_orig|original
p3415_mut|mutant
p3416_orig|original
p3416_mut|mutant
p3417_orig|original
p3417_mut|mutant
p3418_orig|original
p3418_mut|mutant
p3419_orig|original
p3419_mut|mutant
p3420_orig|original
p3420_mut|mutant
p3421_orig|original
p3421_mut|mutant
p3422_orig|original
p3422_mut|mutant
p3423_orig|original
p3423_mut|mutant
p3424_orig|original
p3424_mut|mutant
p3425_orig|original
p3425_mut|mutant
p3426_orig|original
p3426_mut|mutant
p3427_orig|original
p3427_mut|mutant
p3428_orig|original
p3428_mut|mutant
p3429_orig|original
p3429_mut|mutant
p3430_orig|original
p3430_mut|mutant
p3431_orig|original
p3431_mut|mutant
p3432_orig|original
p3432_mut|mutant
p3433_orig|original
p3433_mut|mutant
p3434_orig|original
p3434_mut|mutant
p3435_orig|original
p3435_mut|mutant
p3436_orig|original
p3436_mut|mutant
p3437_orig|original
p3437_mut|mutant
p3438_orig|original
p3438_mut|mutant
p3439_orig|original
p3439_mut|mutant
p3440_orig|original
p3440_mut|mutant
p3441_orig|original
p3441_mut|mutant
p3442_orig|original
p3442_mut|mutant
p3443_orig|original
p3443_mut|mutant
p3444_orig|original
p3444_mut|mutant
p3445_orig|original
p3445_mut|mutant
p3446_orig|original
p3446_mut|mutant
p3447_orig|original
p3447_mut|mutant
p3448_orig|original
p3448_mut|mutant
p3449_orig|original
p3449_mut|mutant
p3450_orig|original
p3450_mut|mutant
p3451_orig|original
p3451_mut|mutant
p3452_orig|original
p3452_mut|mutant
p3453_orig|original
p3453_mut|mutant
p3454_orig|original
p3454_mut|mutant
p3455_orig|original
p3455_mut|mutant
p3456_orig|original
p3456_mut|mutant
p3457_orig|original
p3457_mut|mutant
p3458_orig|original
p3458_mut|mutant
p3459_orig|original
p3459_mut|mutant
p3460_orig|original
p3460_mut|mutant
p3461_orig|original
p3461_mut|mutant
p3462_orig|original
p3462_mut|mutant
p3463_orig|original
p3463_mut|mutant
p3464_orig|original
p3464_mut|mutant
p3465_orig|original
p3465_mut|mutant
p3466_orig|original
p3466_mut|mutant
p3467_orig|original
p3467_mut|mutant
p3468_orig|original
p3468_mut|mutant
p3469_orig|original
p3469_mut|mutant
p3470_orig|original
p3470_mut|mutant
p3471_orig|original
p3471_mut|mutant
p3472_orig|original
p3472_mut|mutant
p3473_orig|original
p3473_mut|mutant
p3474_orig|original
p3474_mut|mutant
p3475_orig|original
p3475_mut|mutant
p3476_orig|original
p3476_mut|mutant
p3477_orig|original
p3477_mut|mutant
p3478_orig|original
p3478_mut|mutant
p3479_orig|original
p3479_mut|mutant
p3480_orig|original
p3480_mut|mutant
p3481_orig|original
p3481_mut|mutant
p3482_orig|original
p3482_mut|mutant
p3483_orig|original
p3483_mut|mutant
p3484_orig|original
p3484_mut|mutant
p3485_orig|original
p3485_mut|mutant
p3486_orig|original
p3486_mut|mutant
p3487_orig|original
p3487_mut|mutant
p3488_orig|original
p3488_mut|mutant
p3489_orig|original
p3489_mut|mutant
p3490_orig|original
p3490_mut|mutant
p3491_orig|original
p3491_mut|mutant
p3492_orig|original
p3492_mut|mutant
p3493_orig|original
p3493_mut|mutant
p3494_orig|original
p3494_mut|mutant
p3495_orig|original
p3495_mut|mutant
p3496_orig|original
p3496_mut|mutant
p3497_orig|original
p3497_mut|mutant
p3498_orig|original
p3498_mut|mutant
p3499_orig|original
p3499_mut|mutant
p3500_orig|original
p3500_mut|mutant
p3501_orig|original
p3501_mut|mutant
p3502_orig|original
p3502_mut|mutant
p3503_orig|original
p3503_mut|mutant
p3504_orig|original
p3504_mut|mutant
p3505_orig|original
p3505_mut|mutant
p3506_orig|original
p3506_mut|mutant
p3507_orig|original
p3507_mut|mutant
p3508_orig|original
p3508_mut|mutant
p3509_orig|original
p3509_mut|mutant
p3510_orig|original
p3510_mut|mutant
p3511_orig|original
p3511_mut|mutant
p3512_orig|original
p3512_mut|mutant
p3513_orig|original
p3513_mut|mutant
p3514_orig|original
p3514_mut|mutant
p3515_orig|original
p3515_mut|mutant
p3516_orig|original
p3516_mut|mutant
p3517_orig|original
p3517_mut|mutant
p3518_orig|original
p3518_mut|mutant
p3519_orig|original
p3519_mut|mutant
p3520_orig|original
p3520_mut|mutant
p3521_orig|original
p3521_mut|mutant
p3522_orig|original
p3522_mut|mutant
p3523_orig|original
p3523_mut|mutant
p3524_orig|original
p3524_mut|mutant
p3525_orig|original
p3525_mut|mutant
p3526_orig|original
p3526_mut|mutant
p3527_orig|original
p3527_mut|mutant
p3528_orig|original
p3528_mut|mutant
p3529_orig|original
p3529_mut|mutant
p3530_orig|original
p3530_mut|mutant
p3531_orig|original
p3531_mut|mutant
p3532_orig|original
p3532_mut|mutant
p3533_orig|original
p3533_mut|mutant
p3534_orig|original
p3534_mut|mutant
p3535_orig|original
p3535_mut|mutant
p3536_orig|original
p3536_mut|mutant
p3537_orig|original
p3537_mut|mutant
p3538_orig|original
p3538_mut|mutant
p3539_orig|original
p3539_mut|mutant
p3540_orig|original
p3540_mut|mutant
p3541_orig|original
p3541_mut|mutant
p3542_orig|original
p3542_mut|mutant
p3543_orig|original
p3543_mut|mutant
p3544_orig|original
p3544_mut|mutant
p3545_orig|original
p3545_mut|mutant
p3546_orig|original
p3546_mut|mutant
p3547_orig|original
p3547_mut|mutant
p3548_orig|original
p3548_mut|mutant
p3549_orig|original
p3549_mut|mutant
p3550_orig|original
p3550_mut|mutant
p3551_orig|original
p3551_mut|mutant
p3552_orig|original
p3552_mut|mutant
p3553_orig|original
p3553_mut|mutant
p3554_orig|original
p3554_mut|mutant
p3555_orig|original
p3555_mut|mutant
p3556_orig|original
p3556_mut|mutant
p3557_orig|original
p3557_mut|mutant
p3558_orig|original
p3558_mut|mutant
p3559_orig|original
p3559_mut|mutant
p3560_orig|original
p3560_mut|mutant
p3561_orig|original
p3561_mut|mutant
p3562_orig|original
p3562_mut|mutant
p3563_orig|original
p3563_mut|mutant
p3564_orig|original
p3564_mut|mutant
p3565_orig|original
p3565_mut|mutant
p3566_orig|original
p3566_mut|mutant
p3567_orig|original
p3567_mut|mutant
p3568_orig|original
p3568_mut|mutant
p3569_orig|original
p3569_mut|mutant
p3570_orig|original
p3570_mut|mutant
p3571_orig|original
p3571_mut|mutant
p3572_orig|original
p3572_mut|mutant
p3573_orig|original
p3573_mut|mutant
p3574_orig|original
p3574_mut|mutant
p3575_orig|original
p3575_mut|mutant
p3576_orig|original
p3576_mut|mutant
p3577_orig|original
p3577_mut|mutant
p3578_orig|original
p3578_mut|mutant
p3579_orig|original
p3579_mut|mutant
p3580_orig|original
p3580_mut|mutant
p3581_orig|original
p3581_mut|mutant
p3582_orig|original
p3582_mut|mutant
p3583_orig|original
p3583_mut|mutant
p3584_orig|original
p3584_mut|mutant
p3585_orig|original
p3585_mut|mutant
p3586_orig|original
p3586_mut|mutant
p3587_orig|original
p3587_mut|mutant
p3588_orig|original
p3588_mut|mutant
p3589_orig|original
p3589_mut|mutant
p3590_orig|original
p3590_mut|mutant
p3591_orig|original
p3591_mut|mutant
p3592_orig|original
p3592_mut|mutant
p3593_orig|original
p3593_mut|mutant
p3594_orig|original
p3594_mut|mutant
p3595_orig|original
p3595_mut|mutant
p3596_orig|original
p3596_mut|mutant
p3597_orig|original
p3597_mut|mutant
p3598_orig|original
p3598_mut|mutant
p3599_orig|original
p3599_mut|mutant
p3600_orig|original
p3600_mut|mutant
p3601_orig|original
p3601_mut|mutant
p3602_orig|original
p3602_mut|mutant
p3603_orig|original
p3603_mut|mutant
p3604_orig|original
p3604_mut|mutant
p3605_orig|original
p3605_mut|mutant
p3606_orig|original
p3606_mut|mutant
p3607_orig|original
p3607_mut|mutant
p3608_orig|original
p3608_mut|mutant
p3609_orig|original
p3609_mut|mutant
p3610_orig|original
p3610_mut|mutant
p3611_orig|original
p3611_mut|mutant
p3612_orig|original
p3612_mut|mutant
p3613_orig|original
p3613_mut|mutant
p3614_orig|original
p3614_mut|mutant
p3615_orig|original
p3615_mut|mutant
p3616_orig|original
p3616_mut|mutant
p3617_orig|original
p3617_mut|mutant
p3618_orig|original
p3618_mut|mutant
p3619_orig|original
p3619_mut|mutant
p3620_orig|original
p3620_mut|mutant
p3621_orig|original
p3621_mut|mutant
p3622_orig|original
p3622_mut|mutant
p3623_orig|original
p3623_mut|mutant
p3624_orig|original
p3624_mut|mutant
p3625_orig|original
p3625_mut|mutant
p3626_orig|original
p3626_mut|mutant
p3627_orig|original
p3627_mut|mutant
p3628_orig|original
p3628_mut|mutant
p3629_orig|original
p3629_mut|mutant
p3630_orig|original
p3630_mut|mutant
p3631_orig|original
p3631_mut|mutant
p3632_orig|original
p3632_mut|mutant
p3633_orig|original
p3633_mut|mutant
p3634_orig|original
p3634_mut|mutant
p3635_orig|original
p3635_mut|mutant
p3636_orig|original
p3636_mut|mutant
p3637_orig|original
p3637_mut|mutant
p3638_orig|original
p3638_mut|mutant
p3639_orig|original
p3639_mut|mutant
p3640_orig|original
p3640_mut|mutant
p3641_orig|original
p3641_mut|mutant
p3642_orig|original
p3642_mut|mutant
p3643_orig|original
p3643_mut|mutant
p3644_orig|original
p3644_mut|mutant
p3645_orig|original
p3645_mut|mutant
p3646_orig|original
p3646_mut|mutant
p3647_orig|original
p3647_mut|mutant
p3648_orig|original
p3648_mut|mutant
p3649_orig|original
p3649_mut|mutant
p3650_orig|original
p3650_mut|mutant
p3651_orig|original
p3651_mut|mutant
p3652_orig|original
p3652_mut|mutant
p3653_orig|original
p3653_mut|mutant
p3654_orig|original
p3654_mut|mutant
p3655_orig|original
p3655_mut|mutant
p3656_orig|original
p3656_mut|mutant
p3657_orig|original
p3657_mut|mutant
p3658_orig|original
p3658_mut|mutant
p3659_orig|original
p3659_mut|mutant
p3660_orig|original
p3660_mut|mutant
p3661_orig|original
p3661_mut|mutant
p3662_orig|original
p3662_mut|mutant
p3663_orig|original
p3663_mut|mutant
p3664_orig|original
p3664_mut|mutant
p3665_orig|original
p3665_mut|mutant
p3666_orig|original
p3666_mut|mutant
p3667_orig|original
p3667_mut|mutant
p3668_orig|original
p3668_mut|mutant
p3669_orig|original
p3669_mut|mutant
p3670_orig|original
p3670_mut|mutant
p3671_orig|original
p3671_mut|mutant
p3672_orig|original
p3672_mut|mutant
p3673_orig|original
p3673_mut|mutant
p3674_orig|original
p3674_mut|mutant
p3675_orig|original
p3675_mut|mutant
p3676_orig|original
p3676_mut|mutant
p3677_orig|original
p3677_mut|mutant
p3678_orig|original
p3678_mut|mutant
p3679_orig|original
p3679_mut|mutant
p3680_orig|original
p3680_mut|mutant
p3681_orig|original
p3681_mut|mutant
p3682_orig|original
p3682_mut|mutant
p3683_orig|original
p3683_mut|mutant
p3684_orig|original
p3684_mut|mutant
p3685_orig|original
p3685_mut|mutant
p3686_orig|original
p3686_mut|mutant
p3687_orig|original
p3687_mut|mutant
p3688_orig|original
p3688_mut|mutant
p3689_orig|original
p3689_mut|mutant
p3690_orig|original
p3690_mut|mutant
p3691_orig|original
p3691_mut|mutant
p3692_orig|original
p3692_mut|mutant
p3693_orig|original
p3693_mut|mutant
p3694_orig|original
p3694_mut|mutant
p3695_orig|original
p3695_mut|mutant
p3696_orig|original
p3696_mut|mutant
p3697_orig|original
p3697_mut|mutant
p3698_orig|original
p3698_mut|mutant
p3699_orig|original
p3699_mut|mutant
p3700_orig|original
p3700_mut|mutant
p3701_orig|original
p3701_mut|mutant
p3702_orig|original
p3702_mut|mutant
p3703_orig|original
p3703_mut|mutant
p3704_orig|original
p3704_mut|mutant
p3705_orig|original
p3705_mut|mutant
p3706_orig|original
p3706_mut|mutant
p3707_orig|original
p3707_mut|mutant
p3708_orig|original
p3708_mut|mutant
p3709_orig|original
p3709_mut|mutant
p3710_orig|original
p3710_mut|mutant
p3711_orig|original
p3711_mut|mutant
p3712_orig|original
p3712_mut|mutant
p3713_orig|original
p3713_mut|mutant
p3714_orig|original
p3714_mut|mutant
p3715_orig|original
p3715_mut|mutant
p3716_orig|original
p3716_mut|mutant
p3717_orig|original
p3717_mut|mutant
p3718_orig|original
p3718_mut|mutant
p3719_orig|original
p3719_mut|mutant
p3720_orig|original
p3720_mut|mutant
p3721_orig|original
p3721_mut|mutant
p3722_orig|original
p3722_mut|mutant
p3723_orig|original
p3723_mut|mutant
p3724_orig|original
p3724_mut|mutant
p3725_orig|original
p3725_mut|mutant
p3726_orig|original
p3726_mut|mutant
p3727_orig|original
p3727_mut|mutant
p3728_orig|original
p3728_mut|mutant
p3729_orig|original
p3729_mut|mutant
p3730_orig|original
p3730_mut|mutant
p3731_orig|original
p3731_mut|mutant
p3732_orig|original
p3732_mut|mutant
p3733_orig|original
p3733_mut|mutant
p3734_orig|original
p3734_mut|mutant
p3735_orig|original
p3735_mut|mutant
p3736_orig|original
p3736_mut|mutant
p3737_orig|original
p3737_mut|mutant
p3738_orig|original
p3738_mut|mutant
p3739_orig|original
p3739_mut|mutant
p3740_orig|original
p3740_mut|mutant
p3741_orig|original
p3741_mut|mutant
p3742_orig|original
p3742_mut|mutant
p3743_orig|original
p3743_mut|mutant
p3744_orig|original
p3744_mut|mutant
p3745_orig|original
p3745_mut|mutant
p3746_orig|original
p3746_mut|mutant
p3747_orig|original
p3747_mut|mutant
p3748_orig|original
p3748_mut|mutant
p3749_orig|original
p3749_mut|mutant
p3750_orig|original
p3750_mut|mutant
p3751_orig|original
p3751_mut|mutant
p3752_orig|original
p3752_mut|mutant
p3753_orig|original
p3753_mut|mutant
p3754_orig|original
p3754_mut|mutant
p3755_orig|original
p3755_mut|mutant
p3756_orig|original
p3756_mut|mutant
p3757_orig|original
p3757_mut|mutant
p3758_orig|original
p3758_mut|mutant
p3759_orig|original
p3759_mut|mutant
p3760_orig|original
p3760_mut|mutant
p3761_orig|original
p3761_mut|mutant
p3762_orig|original
p3762_mut|mutant
p3763_orig|original
p3763_mut|mutant
p3764_orig|original
p3764_mut|mutant
p3765_orig|original
p3765_mut|mutant
p3766_orig|original
p3766_mut|mutant
p3767_orig|original
p3767_mut|mutant
p3768_orig|original
p3768_mut|mutant
p3769_orig|original
p3769_mut|mutant
p3770_orig|original
p3770_mut|mutant
p3771_orig|original
p3771_mut|mutant
p3772_orig|original
p3772_mut|mutant
p3773_orig|original
p3773_mut|mutant
p3774_orig|original
p3774_mut|mutant
p3775_orig|original
p3775_mut|mutant
p3776_orig|original
p3776_mut|mutant
p3777_orig|original
p3777_mut|mutant
p3778_orig|original
p3778_mut|mutant
p3779_orig|original
p3779_mut|mutant
p3780_orig|original
p3780_mut|mutant
p3781_orig|original
p3781_mut|mutant
p3782_orig|original
p3782_mut|mutant
p3783_orig|original
p3783_mut|mutant
p3784_orig|original
p3784_mut|mutant
p3785_orig|original
p3785_mut|mutant
p3786_orig|original
p3786_mut|mutant
p3787_orig|original
p3787_mut|mutant
p3788_orig|original
p3788_mut|mutant
p3789_orig|original
p3789_mut|mutant
p3790_orig|original
p3790_mut|mutant
p3791_orig|original
p3791_mut|mutant
p3792_orig|original
p3792_mut|mutant
p3793_orig|original
p3793_mut|mutant
p3794_orig|original
p3794_mut|mutant
p3795_orig|original
p3795_mut|mutant
p3796_orig|original
p3796_mut|mutant
p3797_orig|original
p3797_mut|mutant
p3798_orig|original
p3798_mut|mutant
p3799_orig|original
p3799_mut|mutant
p3800_orig|original
p3800_mut|mutant
p3801_orig|original
p3801_mut|mutant
p3802_orig|original
p3802_mut|mutant
p3803_orig|original
p3803_mut|mutant
p3804_orig|original
p3804_mut|mutant
p3805_orig|original
p3805_mut|mutant
p3806_orig|original
p3806_mut|mutant
p3807_orig|original
p3807_mut|mutant
p3808_orig|original
p3808_mut|mutant
p3809_orig|original
p3809_mut|mutant
p3810_orig|original
p3810_mut|mutant
p3811_orig|original
p3811_mut|mutant
p3812_orig|original
p3812_mut|mutant
p3813_orig|original
p3813_mut|mutant
p3814_orig|original
p3814_mut|mutant
p3815_orig|original
p3815_mut|mutant
p3816_orig|original
p3816_mut|mutant
p3817_orig|original
p3817_mut|mutant
p3818_orig|original
p3818_mut|mutant
p3819_orig|original
p3819_mut|mutant
p3820_orig|original
p3820_mut|mutant
p3821_orig|original
p3821_mut|mutant
p3822_orig|original
p3822_mut|mutant
p3823_orig|original
p3823_mut|mutant
p3824_orig|original
p3824_mut|mutant
p3825_orig|original
p3825_mut|mutant
p3826_orig|original
p3826_mut|mutant
p3827_orig|original
p3827_mut|mutant
p3828_orig|original
p3828_mut|mutant
p3829_orig|original
p3829_mut|mutant
p3830_orig|original
p3830_mut|mutant
p3831_orig|original
p3831_mut|mutant
p3832_orig|original
p3832_mut|mutant
p3833_orig|original
p3833_mut|mutant
p3834_orig|original
p3834_mut|mutant
p3835_orig|original
p3835_mut|mutant
p3836_orig|original
p3836_mut|mutant
p3837_orig|original
p3837_mut|mutant
p3838_orig|original
p3838_mut|mutant
p3839_orig|original
p3839_mut|mutant
p3840_orig|original
p3840_mut|mutant
p3841_orig|original
p3841_mut|mutant
p3842_orig|original
p3842_mut|mutant
p3843_orig|original
p3843_mut|mutant
p3844_orig|original
p3844_mut|mutant
p3845_orig|original
p3845_mut|mutant
p3846_orig|original
p3846_mut|mutant
p3847_orig|original
p3847_mut|mutant
p3848_orig|original
p3848_mut|mutant
p3849_orig|original
p3849_mut|mutant
p3850_orig|original
p3850_mut|mutant
p3851_orig|original
p3851_mut|mutant
p3852_orig|original
p3852_mut|mutant
p3853_orig|original
p3853_mut|mutant
p3854_orig|original
p3854_mut|mutant
p3855_orig|original
p3855_mut|mutant
p3856_orig|original
p3856_mut|mutant
p3857_orig|original
p3857_mut|mutant
p3858_orig|original
p3858_mut|mutant
p3859_orig|original
p3859_mut|mutant
p3860_orig|original
p3860_mut|mutant
p3861_orig|original
p3861_mut|mutant
p3862_orig|original
p3862_mut|mutant
p3863_orig|original
p3863_mut|mutant
p3864_orig|original
p3864_mut|mutant
p3865_orig|original
p3865_mut|mutant
p3866_orig|original
p3866_mut|mutant
p3867_orig|original
p3867_mut|mutant
p3868_orig|original
p3868_mut|mutant
p3869_orig|original
p3869_mut|mutant
p3870_orig|original
p3870_mut|mutant
p3871_orig|original
p3871_mut|mutant
p3872_orig|original
p3872_mut|mutant
p3873_orig|original
p3873_mut|mutant
p3874_orig|original
p3874_mut|mutant
p3875_orig|original
p3875_mut|mutant
p3876_orig|original
p3876_mut|mutant
p3877_orig|original
p3877_mut|mutant
p3878_orig|original
p3878_mut|mutant
p3879_orig|original
p3879_mut|mutant
p3880_orig|original
p3880_mut|mutant
p3881_orig|original
p3881_mut|mutant
p3882_orig|original
p3882_mut|mutant
p3883_orig|original
p3883_mut|mutant
p3884_orig|original
p3884_mut|mutant
p3885_orig|original
p3885_mut|mutant
p3886_orig|original
p3886_mut|mutant
p3887_orig|original
p3887_mut|mutant
p3888_orig|original
p3888_mut|mutant
p3889_orig|original
p3889_mut|mutant
p3890_orig|original
p3890_mut|mutant
p3891_orig|original
p3891_mut|mutant
p3892_orig|original
p3892_mut|mutant
p3893_orig|original
p3893_mut|mutant
p3894_orig|original
p3894_mut|mutant
p3895_orig|original
p3895_mut|mutant
p3896_orig|original
p3896_mut|mutant
p3897_orig|original
p3897_mut|mutant
p3898_orig|original
p3898_mut|mutant
p3899_orig|original
p3899_mut|mutant
p3900_orig|original
p3900_mut|mutant
p3901_orig|original
p3901_mut|mutant
p3902_orig|original
p3902_mut|mutant
p3903_orig|original
p3903_mut|mutant
p3904_orig|original
p3904_mut|mutant
p3905_orig|original
p3905_mut|mutant
p3906_orig|original
p3906_mut|mutant
p3907_orig|original
p3907_mut|mutant
p3908_orig|original
p3908_mut|mutant
p3909_orig|original
p3909_mut|mutant
p3910_orig|original
p3910_mut|mutant
p3911_orig|original
p3911_mut|mutant
p3912_orig|original
p3912_mut|mutant
p3913_orig|original
p3913_mut|mutant
p3914_orig|original
p3914_mut|mutant
p3915_orig|original
p3915_mut|mutant
p3916_orig|original
p3916_mut|mutant
p3917_orig|original
p3917_mut|mutant
p3918_orig|original
p3918_mut|mutant
p3919_orig|original
p3919_mut|mutant
p3920_orig|original
p3920_mut|mutant
p3921_orig|original
p3921_mut|mutant
p3922_orig|original
p3922_mut|mutant
p3923_orig|original
p3923_mut|mutant
p3924_orig|original
p3924_mut|mutant
p3925_orig|original
p3925_mut|mutant
p3926_orig|original
p3926_mut|mutant
p3927_orig|original
p3927_mut|mutant
p3928_orig|original
p3928_mut|mutant
p3929_orig|original
p3929_mut|mutant
p3930_orig|original
p3930_mut|mutant
p3931_orig|original
p3931_mut|mutant
p3932_orig|original
p3932_mut|mutant
p3933_orig|original
p3933_mut|mutant
p3934_orig|original
p3934_mut|mutant
p3935_orig|original
p3935_mut|mutant
p3936_orig|original
p3936_mut|mutant
p3937_orig|original
p3937_mut|mutant
p3938_orig|original
p3938_mut|mutant
p3939_orig|original
p3939_mut|mutant
p3940_orig|original
p3940_mut|mutant
p3941_orig|original
p3941_mut|mutant
p3942_orig|original
p3942_mut|mutant
p3943_orig|original
p3943_mut|mutant
p3944_orig|original
p3944_mut|mutant
p3945_orig|original
p3945_mut|mutant
p3946_orig|original
p3946_mut|mutant
p3947_orig|original
p3947_mut|mutant
p3948_orig|original
p3948_mut|mutant
p3949_orig|original
p3949_mut|mutant
p3950_orig|original
p3950_mut|mutant
p3951_orig|original
p3951_mut|mutant
p3952_orig|original
p3952_mut|mutant
p3953_orig|original
p3953_mut|mutant
p3954_orig|original
p3954_mut|mutant
p3955_orig|original
p3955_mut|mutant
p3956_orig|original
p3956_mut|mutant
p3957_orig|original
p3957_mut|mutant
p3958_orig|original
p3958_mut|mutant
p3959_orig|original
p3959_mut|mutant
p3960_orig|original
p3960_mut|mutant
p3961_orig|original
p3961_mut|mutant
p3962_orig|original
p3962_mut|mutant
p3963_orig|original
p3963_mut|mutant
p3964_orig|original
p3964_mut|mutant
p3965_orig|original
p3965_mut|mutant
p3966_orig|original
p3966_mut|mutant
p3967_orig|original
p3967_mut|mutant
p3968_orig|original
p3968_mut|mutant
p3969_orig|original
p3969_mut|mutant
p3970_orig|original
p3970_mut|mutant
p3971_orig|original
p3971_mut|mutant
p3972_orig|original
p3972_mut|mutant
p3973_orig|original
p3973_mut|mutant
p3974_orig|original
p3974_mut|mutant
p3975_orig|original
p3975_mut|mutant
p3976_orig|original
p3976_mut|mutant
p3977_orig|original
p3977_mut|mutant
p3978_orig|original
p3978_mut|mutant
p3979_orig|original
p3979_mut|mutant
p3980_orig|original
p3980_mut|mutant
p3981_orig|original
p3981_mut|mutant
p3982_orig|original
p3982_mut|mutant
p3983_orig|original
p3983_mut|mutant
p3984_orig|original
p3984_mut|mutant
p3985_orig|original
p3985_mut|mutant
p3986_orig|original
p3986_mut|mutant
p3987_orig|original
p3987_mut|mutant
p3988_orig|original
p3988_mut|mutant
p3989_orig|original
p3989_mut|mutant
p3990_orig|original
p3990_mut|mutant
p3991_orig|original
p3991_mut|mutant
p3992_orig|original
p3992_mut|mutant
p3993_orig|original
p3993_mut|mutant
p3994_orig|original
p3994_mut|mutant
p3995_orig|original
p3995_mut|mutant
p3996_orig|original
p3996_mut|mutant
p3997_orig|original
p3997_mut|mutant
p3998_orig|original
p3998_mut|mutant
p3999_orig|original
p3999_mut|mutant
p4000_orig|original
p4000_mut|mutant
p4001_orig|original
p4001_mut|mutant
p4002_orig|original
p4002_mut|mutant
p4003_orig|original
p4003_mut|mutant
p4004_orig|original
p4004_mut|mutant
p4005_orig|original
p4005_mut|mutant
p4006_orig|original
p4006_mut|mutant
p4007_orig|original
p4007_mut|mutant
p4008_orig|original
p4008_mut|mutant
p4009_orig|original
p4009_mut|mutant
p4010_orig|original
p4010_mut|mutant
p4011_orig|original
p4011_mut|mutant
p4012_orig|original
p4012_mut|mutant
p4013_orig|original
p4013_mut|mutant
p4014_orig|original
p4014_mut|mutant
p4015_orig|original
p4015_mut|mutant
p4016_orig|original
p4016_mut|mutant
p4017_orig|original
p4017_mut|mutant
p4018_orig|original
p4018_mut|mutant
p4019_orig|original
p4019_mut|mutant
p4020_orig|original
p4020_mut|mutant
p4021_orig|original
p4021_mut|mutant
p4022_orig|original
p4022_mut|mutant
p4023_orig|original
p4023_mut|mutant
p4024_orig|original
p4024_mut|mutant
p4025_orig|original
p4025_mut|mutant
p4026_orig|original
p4026_mut|mutant
p4027_orig|original
p4027_mut|mutant
p4028_orig|original
p4028_mut|mutant
p4029_orig|original
p4029_mut|mutant
p4030_orig|original
p4030_mut|mutant
p4031_orig|original
p4031_mut|mutant
p4032_orig|original
p4032_mut|mutant
p4033_orig|original
p4033_mut|mutant
p4034_orig|original
p4034_mut|mutant
p4035_orig|original
p4035_mut|mutant
p4036_orig|original
p4036_mut|mutant
p4037_orig|original
p4037_mut|mutant
p4038_orig|original
p4038_mut|mutant
p4039_orig|original
p4039_mut|mutant
p4040_orig|original
p4040_mut|mutant
p4041_orig|original
p4041_mut|mutant
p4042_orig|original
p4042_mut|mutant
p4043_orig|original
p4043_mut|mutant
p4044_orig|original
p4044_mut|mutant
p4045_orig|original
p4045_mut|mutant
p4046_orig|original
p4046_mut|mutant
p4047_orig|original
p4047_mut|mutant
p4048_orig|original
p4048_mut|mutant
p4049_orig|original
p4049_mut|mutant
p4050_orig|original
p4050_mut|mutant
p4051_orig|original
p4051_mut|mutant
p4052_orig|original
p4052_mut|mutant
p4053_orig|original
p4053_mut|mutant
p4054_orig|original
p4054_mut|mutant
p4055_orig|original
p4055_mut|mutant
p4056_orig|original
p4056_mut|mutant
p4057_orig|original
p4057_mut|mutant
p4058_orig|original
p4058_mut|mutant
p4059_orig|original
p4059_mut|mutant
p4060_orig|original
p4060_mut|mutant
p4061_orig|original
p4061_mut|mutant
p4062_orig|original
p4062_mut|mutant
p4063_orig|original
p4063_mut|mutant
p4064_orig|original
p4064_mut|mutant
p4065_orig|original
p4065_mut|mutant
p4066_orig|original
p4066_mut|mutant
p4067_orig|original
p4067_mut|mutant
p4068_orig|original
p4068_mut|mutant
p4069_orig|original
p4069_mut|mutant
p4070_orig|original
p4070_mut|mutant
p4071_orig|original
p4071_mut|mutant
p4072_orig|original
p4072_mut|mutant
p4073_orig|original
p4073_mut|mutant
p4074_orig|original
p4074_mut|mutant
p4075_orig|original
p4075_mut|mutant
p4076_orig|original
p4076_mut|mutant
p4077_orig|original
p4077_mut|mutant
p4078_orig|original
p4078_mut|mutant
p4079_orig|original
p4079_mut|mutant
p4080_orig|original
p4080_mut|mutant
p4081_orig|original
p4081_mut|mutant
p4082_orig|original
p4082_mut|mutant
p4083_orig|original
p4083_mut|mutant
p4084_orig|original
p4084_mut|mutant
p4085_orig|original
p4085_mut|mutant
p4086_orig|original
p4086_mut|mutant
p4087_orig|original
p4087_mut|mutant
p4088_orig|original
p4088_mut|mutant
p4089_orig|original
p4089_mut|mutant
p4090_orig|original
p4090_mut|mutant
p4091_orig|original
p4091_mut|mutant
p4092_orig|original
p4092_mut|mutant
p4093_orig|original
p4093_mut|mutant
p4094_orig|original
p4094_mut|mutant
p4095_orig|original
p4095_mut|mutant
p4096_orig|original
p4096_mut|mutant
p4097_orig|original
p4097_mut|mutant
p4098_orig|original
p4098_mut|mutant
p4099_orig|original
p4099_mut|mutant
p4100_orig|original
p4100_mut|mutant
p4101_orig|original
p4101_mut|mutant
p4102_orig|original
p4102_mut|mutant
p4103_orig|original
p4103_mut|mutant
p4104_orig|original
p4104_mut|mutant
p4105_orig|original
p4105_mut|mutant
p4106_orig|original
p4106_mut|mutant
p4107_orig|original
p4107_mut|mutant
p4108_orig|original
p4108_mut|mutant
p4109_orig|original
p4109_mut|mutant
p4110_orig|original
p4110_mut|mutant
p4111_orig|original
p4111_mut|mutant
p4112_orig|original
p4112_mut|mutant
p4113_orig|original
p4113_mut|mutant
p4114_orig|original
p4114_mut|mutant
p4115_orig|original
p4115_mut|mutant
p4116_orig|original
p4116_mut|mutant
p4117_orig|original
p4117_mut|mutant
p4118_orig|original
p4118_mut|mutant
p4119_orig|original
p4119_mut|mutant
p4120_orig|original
p4120_mut|mutant
p4121_orig|original
p4121_mut|mutant
p4122_orig|original
p4122_mut|mutant
p4123_orig|original
p4123_mut|mutant
p4124_orig|original
p4124_mut|mutant
p4125_orig|original
p4125_mut|mutant
p4126_orig|original
p4126_mut|mutant
p4127_orig|original
p4127_mut|mutant
p4128_orig|original
p4128_mut|mutant
p4129_orig|original
p4129_mut|mutant
p4130_orig|original
p4130_mut|mutant
p4131_orig|original
p4131_mut|mutant
p4132_orig|original
p4132_mut|mutant
p4133_orig|original
p4133_mut|mutant
p4134_orig|original
p4134_mut|mutant
p4135_orig|original
p4135_mut|mutant
p4136_orig|original
p4136_mut|mutant
p4137_orig|original
p4137_mut|mutant
p4138_orig|original
p4138_mut|mutant
p4139_orig|original
p4139_mut|mutant
p4140_orig|original
p4140_mut|mutant
p4141_orig|original
p4141_mut|mutant
p4142_orig|original
p4142_mut|mutant
p4143_orig|original
p4143_mut|mutant
p4144_orig|original
p4144_mut|mutant
p4145_orig|original
p4145_mut|mutant
p4146_orig|original
p4146_mut|mutant
p4147_orig|original
p4147_mut|mutant
p4148_orig|original
p4148_mut|mutant
p4149_orig|original
p4149_mut|mutant
p4150_orig|original
p4150_mut|mutant
p4151_orig|original
p4151_mut|mutant
p4152_orig|original
p4152_mut|mutant
p4153_orig|original
p4153_mut|mutant
p4154_orig|original
p4154_mut|mutant
p4155_orig|original
p4155_mut|mutant
p4156_orig|original
p4156_mut|mutant
p4157_orig|original
p4157_mut|mutant
p4158_orig|original
p4158_mut|mutant
p4159_orig|original
p4159_mut|mutant
p4160_orig|original
p4160_mut|mutant
p4161_orig|original
p4161_mut|mutant
p4162_orig|original
p4162_mut|mutant
p4163_orig|original
p4163_mut|mutant
p4164_orig|original
p4164_mut|mutant
p4165_orig|original
p4165_mut|mutant
p4166_orig|original
p4166_mut|mutant
p4167_orig|original
p4167_mut|mutant
p4168_orig|original
p4168_mut|mutant
p4169_orig|original
p4169_mut|mutant
p4170_orig|original
p4170_mut|mutant
p4171_orig|original
p4171_mut|mutant
p4172_orig|original
p4172_mut|mutant
p4173_orig|original
p4173_mut|mutant
p4174_orig|original
p4174_mut|mutant
p4175_orig|original
p4175_mut|mutant
p4176_orig|original
p4176_mut|mutant
p4177_orig|original
p4177_mut|mutant
p4178_orig|original
p4178_mut|mutant
p4179_orig|original
p4179_mut|mutant
p4180_orig|original
p4180_mut|mutant
p4181_orig|original
p4181_mut|mutant
p4182_orig|original
p4182_mut|mutant
p4183_orig|original
p4183_mut|mutant
p4184_orig|original
p4184_mut|mutant
p4185_orig|original
p4185_mut|mutant
p4186_orig|original
p4186_mut|mutant
p4187_orig|original
p4187_mut|mutant
p4188_orig|original
p4188_mut|mutant
p4189_orig|original
p4189_mut|mutant
p4190_orig|original
p4190_mut|mutant
p4191_orig|original
p4191_mut|mutant
p4192_orig|original
p4192_mut|mutant
p4193_orig|original
p4193_mut|mutant
p4194_orig|original
p4194_mut|mutant
p4195_orig|original
p4195_mut|mutant
p4196_orig|original
p4196_mut|mutant
p4197_orig|original
p4197_mut|mutant
p4198_orig|original
p4198_mut|mutant
p4199_orig|original
p4199_mut|mutant
p4200_orig|original
p4200_mut|mutant
p4201_orig|original
p4201_mut|mutant
p4202_orig|original
p4202_mut|mutant
p4203_orig|original
p4203_mut|mutant
p4204_orig|original
p4204_mut|mutant
p4205_orig|original
p4205_mut|mutant
p4206_orig|original
p4206_mut|mutant
p4207_orig|original
p4207_mut|mutant
p4208_orig|original
p4208_mut|mutant
p4209_orig|original
p4209_mut|mutant
p4210_orig|original
p4210_mut|mutant
p4211_orig|original
p4211_mut|mutant
p4212_orig|original
p4212_mut|mutant
p4213_orig|original
p4213_mut|mutant
p4214_orig|original
p4214_mut|mutant
p4215_orig|original
p4215_mut|mutant
p4216_orig|original
p4216_mut|mutant
p4217_orig|original
p4217_mut|mutant
p4218_orig|original
p4218_mut|mutant
p4219_orig|original
p4219_mut|mutant
p4220_orig|original
p4220_mut|mutant
p4221_orig|original
p4221_mut|mutant
p4222_orig|original
p4222_mut|mutant
p4223_orig|original
p4223_mut|mutant
p4224_orig|original
p4224_mut|mutant
p4225_orig|original
p4225_mut|mutant
p4226_orig|original
p4226_mut|mutant
p4227_orig|original
p4227_mut|mutant
p4228_orig|original
p4228_mut|mutant
p4229_orig|original
p4229_mut|mutant
p4230_orig|original
p4230_mut|mutant
p4231_orig|original
p4231_mut|mutant
p4232_orig|original
p4232_mut|mutant
p4233_orig|original
p4233_mut|mutant
p4234_orig|original
p4234_mut|mutant
p4235_orig|original
p4235_mut|mutant
p4236_orig|original
p4236_mut|mutant
p4237_orig|original
p4237_mut|mutant
p4238_orig|original
p4238_mut|mutant
p4239_orig|original
p4239_mut|mutant
p4240_orig|original
p4240_mut|mutant
p4241_orig|original
p4241_mut|mutant
p4242_orig|original
p4242_mut|mutant
p4243_orig|original
p4243_mut|mutant
p4244_orig|original
p4244_mut|mutant
p4245_orig|original
p4245_mut|mutant
p4246_orig|original
p4246_mut|mutant
p4247_orig|original
p4247_mut|mutant
p4248_orig|original
p4248_mut|mutant
p4249_orig|original
p4249_mut|mutant
p4250_orig|original
p4250_mut|mutant
p4251_orig|original
p4251_mut|mutant
p4252_orig|original
p4252_mut|mutant
p4253_orig|original
p4253_mut|mutant
p4254_orig|original
p4254_mut|mutant
p4255_orig|original
p4255_mut|mutant
p4256_orig|original
p4256_mut|mutant
p4257_orig|original
p4257_mut|mutant
p4258_orig|original
p4258_mut|mutant
p4259_orig|original
p4259_mut|mutant
p4260_orig|original
p4260_mut|mutant
p4261_orig|original
p4261_mut|mutant
p4262_orig|original
p4262_mut|mutant
p4263_orig|original
p4263_mut|mutant
p4264_orig|original
p4264_mut|mutant
p4265_orig|original
p4265_mut|mutant
p4266_orig|original
p4266_mut|mutant
p4267_orig|original
p4267_mut|mutant
p4268_orig|original
p4268_mut|mutant
p4269_orig|original
p4269_mut|mutant
p4270_orig|original
p4270_mut|mutant
p4271_orig|original
p4271_mut|mutant
p4272_orig|original
p4272_mut|mutant
p4273_orig|original
p4273_mut|mutant
p4274_orig|original
p4274_mut|mutant
p4275_orig|original
p4275_mut|mutant
p4276_orig|original
p4276_mut|mutant
p4277_orig|original
p4277_mut|mutant
p4278_orig|original
p4278_mut|mutant
p4279_orig|original
p4279_mut|mutant
p4280_orig|original
p4280_mut|mutant
p4281_orig|original
p4281_mut|mutant
p4282_orig|original
p4282_mut|mutant
p4283_orig|original
p4283_mut|mutant
p4284_orig|original
p4284_mut|mutant
p4285_orig|original
p4285_mut|mutant
p4286_orig|original
p4286_mut|mutant
p4287_orig|original
p4287_mut|mutant
p4288_orig|original
p4288_mut|mutant
p4289_orig|original
p4289_mut|mutant
p4290_orig|original
p4290_mut|mutant
p4291_orig|original
p4291_mut|mutant
p4292_orig|original
p4292_mut|mutant
p4293_orig|original
p4293_mut|mutant
p4294_orig|original
p4294_mut|mutant
p4295_orig|original
p4295_mut|mutant
p4296_orig|original
p4296_mut|mutant
p4297_orig|original
p4297_mut|mutant
p4298_orig|original
p4298_mut|mutant
p4299_orig|original
p4299_mut|mutant
p4300_orig|original
p4300_mut|mutant
p4301_orig|original
p4301_mut|mutant
p4302_orig|original
p4302_mut|mutant
p4303_orig|original
p4303_mut|mutant
p4304_orig|original
p4304_mut|mutant
p4305_orig|original
p4305_mut|mutant
p4306_orig|original
p4306_mut|mutant
p4307_orig|original
p4307_mut|mutant
p4308_orig|original
p4308_mut|mutant
p4309_orig|original
p4309_mut|mutant
p4310_orig|original
p4310_mut|mutant
p4311_orig|original
p4311_mut|mutant
p4312_orig|original
p4312_mut|mutant
p4313_orig|original
p4313_mut|mutant
p4314_orig|original
p4314_mut|mutant
p4315_orig|original
p4315_mut|mutant
p4316_orig|original
p4316_mut|mutant
p4317_orig|original
p4317_mut|mutant
p4318_orig|original
p4318_mut|mutant
p4319_orig|original
p4319_mut|mutant
p4320_orig|original
p4320_mut|mutant
p4321_orig|original
p4321_mut|mutant
p4322_orig|original
p4322_mut|mutant
p4323_orig|original
p4323_mut|mutant
p4324_orig|original
p4324_mut|mutant
p4325_orig|original
p4325_mut|mutant
p4326_orig|original
p4326_mut|mutant
p4327_orig|original
p4327_mut|mutant
p4328_orig|original
p4328_mut|mutant
p4329_orig|original
p4329_mut|mutant
p4330_orig|original
p4330_mut|mutant
p4331_orig|original
p4331_mut|mutant
p4332_orig|original
p4332_mut|mutant
p4333_orig|original
p4333_mut|mutant
p4334_orig|original
p4334_mut|mutant
p4335_orig|original
p4335_mut|mutant
p4336_orig|original
p4336_mut|mutant
p4337_orig|original
p4337_mut|mutant
p4338_orig|original
p4338_mut|mutant
p4339_orig|original
p4339_mut|mutant
p4340_orig|original
p4340_mut|mutant
p4341_orig|original
p4341_mut|mutant
p4342_orig|original
p4342_mut|mutant
p4343_orig|original
p4343_mut|mutant
p4344_orig|original
p4344_mut|mutant
p4345_orig|original
p4345_mut|mutant
p4346_orig|original
p4346_mut|mutant
p4347_orig|original
p4347_mut|mutant
p4348_orig|original
p4348_mut|mutant
p4349_orig|original
p4349_mut|mutant
p4350_orig|original
p4350_mut|mutant
p4351_orig|original
p4351_mut|mutant
p4352_orig|original
p4352_mut|mutant
p4353_orig|original
p4353_mut|mutant
p4354_orig|original
p4354_mut|mutant
p4355_orig|original
p4355_mut|mutant
p4356_orig|original
p4356_mut|mutant
p4357_orig|original
p4357_mut|mutant
p4358_orig|original
p4358_mut|mutant
p4359_orig|original
p4359_mut|mutant
p4360_orig|original
p4360_mut|mutant
p4361_orig|original
p4361_mut|mutant
p4362_orig|original
p4362_mut|mutant
p4363_orig|original
p4363_mut|mutant
p4364_orig|original
p4364_mut|mutant
p4365_orig|original
p4365_mut|mutant
p4366_orig|original
p4366_mut|mutant
p4367_orig|original
p4367_mut|mutant
p4368_orig|original
p4368_mut|mutant
p4369_orig|original
p4369_mut|mutant
p4370_orig|original
p4370_mut|mutant
p4371_orig|original
p4371_mut|mutant
p4372_orig|original
p4372_mut|mutant
p4373_orig|original
p4373_mut|mutant
p4374_orig|original
p4374_mut|mutant
p4375_orig|original
p4375_mut|mutant
p4376_orig|original
p4376_mut|mutant
p4377_orig|original
p4377_mut|mutant
p4378_orig|original
p4378_mut|mutant
p4379_orig|original
p4379_mut|mutant
p4380_orig|original
p4380_mut|mutant
p4381_orig|original
p4381_mut|mutant
p4382_orig|original
p4382_mut|mutant
p4383_orig|original
p4383_mut|mutant
p4384_orig|original
p4384_mut|mutant
p4385_orig|original
p4385_mut|mutant
p4386_orig|original
p4386_mut|mutant
p4387_orig|original
p4387_mut|mutant
p4388_orig|original
p4388_mut|mutant
p4389_orig|original
p4389_mut|mutant
p4390_orig|original
p4390_mut|mutant
p4391_orig|original
p4391_mut|mutant
p4392_orig|original
p4392_mut|mutant
p4393_orig|original
p4393_mut|mutant
p4394_orig|original
p4394_mut|mutant
p4395_orig|original
p4395_mut|mutant
p4396_orig|original
p4396_mut|mutant
p4397_orig|original
p4397_mut|mutant
p4398_orig|original
p4398_mut|mutant
p4399_orig|original
p4399_mut|mutant
p4400_orig|original
p4400_mut|mutant
p4401_orig|original
p4401_mut|mutant
p4402_orig|original
p4402_mut|mutant
p4403_orig|original
p4403_mut|mutant
p4404_orig|original
p4404_mut|mutant
p4405_orig|original
p4405_mut|mutant
p4406_orig|original
p4406_mut|mutant
p4407_orig|original
p4407_mut|mutant
p4408_orig|original
p4408_mut|mutant
p4409_orig|original
p4409_mut|mutant
p4410_orig|original
p4410_mut|mutant
p4411_orig|original
p4411_mut|mutant
p4412_orig|original
p4412_mut|mutant
p4413_orig|original
p4413_mut|mutant
p4414_orig|original
p4414_mut|mutant
p4415_orig|original
p4415_mut|mutant
p4416_orig|original
p4416_mut|mutant
p4417_orig|original
p4417_mut|mutant
p4418_orig|original
p4418_mut|mutant
p4419_orig|original
p4419_mut|mutant
p4420_orig|original
p4420_mut|mutant
p4421_orig|original
p4421_mut|mutant
p4422_orig|original
p4422_mut|mutant
p4423_orig|original
p4423_mut|mutant
p4424_orig|original
p4424_mut|mutant
p4425_orig|original
p4425_mut|mutant
p4426_orig|original
p4426_mut|mutant
p4427_orig|original
p4427_mut|mutant
p4428_orig|original
p4428_mut|mutant
p4429_orig|original
p4429_mut|mutant
p4430_orig|original
p4430_mut|mutant
p4431_orig|original
p4431_mut|mutant
p4432_orig|original
p4432_mut|mutant
p4433_orig|original
p4433_mut|mutant
p4434_orig|original
p4434_mut|mutant
p4435_orig|original
p4435_mut|mutant
p4436_orig|original
p4436_mut|mutant
p4437_orig|original
p4437_mut|mutant
p4438_orig|original
p4438_mut|mutant
p4439_orig|original
p4439_mut|mutant
p4440_orig|original
p4440_mut|mutant
p4441_orig|original
p4441_mut|mutant
p4442_orig|original
p4442_mut|mutant
p4443_orig|original
p4443_mut|mutant
p4444_orig|original
p4444_mut|mutant
p4445_orig|original
p4445_mut|mutant
p4446_orig|original
p4446_mut|mutant
p4447_orig|original
p4447_mut|mutant
p4448_orig|original
p4448_mut|mutant
p4449_orig|original
p4449_mut|mutant
p4450_orig|original
p4450_mut|mutant
p4451_orig|original
p4451_mut|mutant
p4452_orig|original
p4452_mut|mutant
p4453_orig|original
p4453_mut|mutant
p4454_orig|original
p4454_mut|mutant
p4455_orig|original
p4455_mut|mutant
p4456_orig|original
p4456_mut|mutant
p4457_orig|original
p4457_mut|mutant
p4458_orig|original
p4458_mut|mutant
p4459_orig|original
p4459_mut|mutant
p4460_orig|original
p4460_mut|mutant
p4461_orig|original
p4461_mut|mutant
p4462_orig|original
p4462_mut|mutant
p4463_orig|original
p4463_mut|mutant
p4464_orig|original
p4464_mut|mutant
p4465_orig|original
p4465_mut|mutant
p4466_orig|original
p4466_mut|mutant
p4467_orig|original
p4467_mut|mutant
p4468_orig|original
p4468_mut|mutant
p4469_orig|original
p4469_mut|mutant
p4470_orig|original
p4470_mut|mutant
p4471_orig|original
p4471_mut|mutant
p4472_orig|original
p4472_mut|mutant
p4473_orig|original
p4473_mut|mutant
p4474_orig|original
p4474_mut|mutant
p4475_orig|original
p4475_mut|mutant
p4476_orig|original
p4476_mut|mutant
p4477_orig|original
p4477_mut|mutant
p4478_orig|original
p4478_mut|mutant
p4479_orig|original
p4479_mut|mutant
p4480_orig|original
p4480_mut|mutant
p4481_orig|original
p4481_mut|mutant
p4482_orig|original
p4482_mut|mutant
p4483_orig|original
p4483_mut|mutant
p4484_orig|original
p4484_mut|mutant
p4485_orig|original
p4485_mut|mutant
p4486_orig|original
p4486_mut|mutant
p4487_orig|original
p4487_mut|mutant
p4488_orig|original
p4488_mut|mutant
p4489_orig|original
p4489_mut|mutant
p4490_orig|original
p4490_mut|mutant
p4491_orig|original
p4491_mut|mutant
p4492_orig|original
p4492_mut|mutant
p4493_orig|original
p4493_mut|mutant
p4494_orig|original
p4494_mut|mutant
p4495_orig|original
p4495_mut|mutant
p4496_orig|original
p4496_mut|mutant
p4497_orig|original
p4497_mut|mutant
p4498_orig|original
p4498_mut|mutant
p4499_orig|original
p4499_mut|mutant
p4500_orig|original
p4500_mut|mutant
p4501_orig|original
p4501_mut|mutant
p4502_orig|original
p4502_mut|mutant
p4503_orig|original
p4503_mut|mutant
p4504_orig|original
p4504_mut|mutant
p4505_orig|original
p4505_mut|mutant
p4506_orig|original
p4506_mut|mutant
p4507_orig|original
p4507_mut|mutant
p4508_orig|original
p4508_mut|mutant
p4509_orig|original
p4509_mut|mutant
p4510_orig|original
p4510_mut|mutant
p4511_orig|original
p4511_mut|mutant
p4512_orig|original
p4512_mut|mutant
p4513_orig|original
p4513_mut|mutant
p4514_orig|original
p4514_mut|mutant
p4515_orig|original
p4515_mut|mutant
p4516_orig|original
p4516_mut|mutant
p4517_orig|original
p4517_mut|mutant
p4518_orig|original
p4518_mut|mutant
p4519_orig|original
p4519_mut|mutant
p4520_orig|original
p4520_mut|mutant
p4521_orig|original
p4521_mut|mutant
p4522_orig|original
p4522_mut|mutant
p4523_orig|original
p4523_mut|mutant
p4524_orig|original
p4524_mut|mutant
p4525_orig|original
p4525_mut|mutant
p4526_orig|original
p4526_mut|mutant
p4527_orig|original
p4527_mut|mutant
p4528_orig|original
p4528_mut|mutant
p4529_orig|original
p4529_mut|mutant
p4530_orig|original
p4530_mut|mutant
p4531_orig|original
p4531_mut|mutant
p4532_orig|original
p4532_mut|mutant
p4533_orig|original
p4533_mut|mutant
p4534_orig|original
p4534_mut|mutant
p4535_orig|original
p4535_mut|mutant
p4536_orig|original
p4536_mut|mutant
p4537_orig|original
p4537_mut|mutant
p4538_orig|original
p4538_mut|mutant
p4539_orig|original
p4539_mut|mutant
p4540_orig|original
p4540_mut|mutant
p4541_orig|original
p4541_mut|mutant
p4542_orig|original
p4542_mut|mutant
p4543_orig|original
p4543_mut|mutant
p4544_orig|original
p4544_mut|mutant
p4545_orig|original
p4545_mut|mutant
p4546_orig|original
p4546_mut|mutant
p4547_orig|original
p4547_mut|mutant
p4548_orig|original
p4548_mut|mutant
p4549_orig|original
p4549_mut|mutant
p4550_orig|original
p4550_mut|mutant
p4551_orig|original
p4551_mut|mutant
p4552_orig|original
p4552_mut|mutant
p4553_orig|original
p4553_mut|mutant
p4554_orig|original
p4554_mut|mutant
p4555_orig|original
p4555_mut|mutant
p4556_orig|original
p4556_mut|mutant
p4557_orig|original
p4557_mut|mutant
p4558_orig|original
p4558_mut|mutant
p4559_orig|original
p4559_mut|mutant
p4560_orig|original
p4560_mut|mutant
p4561_orig|original
p4561_mut|mutant
p4562_orig|original
p4562_mut|mutant
p4563_orig|original
p4563_mut|mutant
p4564_orig|original
p4564_mut|mutant
p4565_orig|original
p4565_mut|mutant
p4566_orig|original
p4566_mut|mutant
p4567_orig|original
p4567_mut|mutant
p4568_orig|original
p4568_mut|mutant
p4569_orig|original
p4569_mut|mutant
p4570_orig|original
p4570_mut|mutant
p4571_orig|original
p4571_mut|mutant
p4572_orig|original
p4572_mut|mutant
p4573_orig|original
p4573_mut|mutant
p4574_orig|original
p4574_mut|mutant
p4575_orig|original
p4575_mut|mutant
p4576_orig|original
p4576_mut|mutant
p4577_orig|original
p4577_mut|mutant
p4578_orig|original
p4578_mut|mutant
p4579_orig|original
p4579_mut|mutant
p4580_orig|original
p4580_mut|mutant
p4581_orig|original
p4581_mut|mutant
p4582_orig|original
p4582_mut|mutant
p4583_orig|original
p4583_mut|mutant
p4584_orig|original
p4584_mut|mutant
p4585_orig|original
p4585_mut|mutant
p4586_orig|original
p4586_mut|mutant
p4587_orig|original
p4587_mut|mutant
p4588_orig|original
p4588_mut|mutant
p4589_orig|original
p4589_mut|mutant
p4590_orig|original
p4590_mut|mutant
p4591_orig|original
p4591_mut|mutant
p4592_orig|original
p4592_mut|mutant
p4593_orig|original
p4593_mut|mutant
p4594_orig|original
p4594_mut|mutant
p4595_orig|original
p4595_mut|mutant
p4596_orig|original
p4596_mut|mutant
p4597_orig|original
p4597_mut|mutant
p4598_orig|original
p4598_mut|mutant
p4599_orig|original
p4599_mut|mutant
p4600_orig|original
p4600_mut|mutant
p4601_orig|original
p4601_mut|mutant
p4602_orig|original
p4602_mut|mutant
p4603_orig|original
p4603_mut|mutant
p4604_orig|original
p4604_mut|mutant
p4605_orig|original
p4605_mut|mutant
p4606_orig|original
p4606_mut|mutant
p4607_orig|original
p4607_mut|mutant
p4608_orig|original
p4608_mut|mutant
p4609_orig|original
p4609_mut|mutant
p4610_orig|original
p4610_mut|mutant
p4611_orig|original
p4611_mut|mutant
p4612_orig|original
p4612_mut|mutant
p4613_orig|original
p4613_mut|mutant
p4614_orig|original
p4614_mut|mutant
p4615_orig|original
p4615_mut|mutant
p4616_orig|original
p4616_mut|mutant
p4617_orig|original
p4617_mut|mutant
p4618_orig|original
p4618_mut|mutant
p4619_orig|original
p4619_mut|mutant
p4620_orig|original
p4620_mut|mutant
p4621_orig|original
p4621_mut|mutant
p4622_orig|original
p4622_mut|mutant
p4623_orig|original
p4623_mut|mutant
p4624_orig|original
p4624_mut|mutant
p4625_orig|original
p4625_mut|mutant
p4626_orig|original
p4626_mut|mutant
p4627_orig|original
p4627_mut|mutant
p4628_orig|original
p4628_mut|mutant
p4629_orig|original
p4629_mut|mutant
p4630_orig|original
p4630_mut|mutant
p4631_orig|original
p4631_mut|mutant
p4632_orig|original
p4632_mut|mutant
p4633_orig|original
p4633_mut|mutant
p4634_orig|original
p4634_mut|mutant
p4635_orig|original
p4635_mut|mutant
p4636_orig|original
p4636_mut|mutant
p4637_orig|original
p4637_mut|mutant
p4638_orig|original
p4638_mut|mutant
p4639_orig|original
p4639_mut|mutant
p4640_orig|original
p4640_mut|mutant
p4641_orig|original
p4641_mut|mutant
p4642_orig|original
p4642_mut|mutant
p4643_orig|original
p4643_mut|mutant
p4644_orig|original
p4644_mut|mutant
p4645_orig|original
p4645_mut|mutant
p4646_orig|original
p4646_mut|mutant
p4647_orig|original
p4647_mut|mutant
p4648_orig|original
p4648_mut|mutant
p4649_orig|original
p4649_mut|mutant
p4650_orig|original
p4650_mut|mutant
p4651_orig|original
p4651_mut|mutant
p4652_orig|original
p4652_mut|mutant
p4653_orig|original
p4653_mut|mutant
p4654_orig|original
p4654_mut|mutant
p4655_orig|original
p4655_mut|mutant
p4656_orig|original
p4656_mut|mutant
p4657_orig|original
p4657_mut|mutant
p4658_orig|original
p4658_mut|mutant
p4659_orig|original
p4659_mut|mutant
p4660_orig|original
p4660_mut|mutant
p4661_orig|original
p4661_mut|mutant
p4662_orig|original
p4662_mut|mutant
p4663_orig|original
p4663_mut|mutant
p4664_orig|original
p4664_mut|mutant
p4665_orig|original
p4665_mut|mutant
p4666_orig|original
p4666_mut|mutant
p4667_orig|original
p4667_mut|mutant
p4668_orig|original
p4668_mut|mutant
p4669_orig|original
p4669_mut|mutant
p4670_orig|original
p4670_mut|mutant
p4671_orig|original
p4671_mut|mutant
p4672_orig|original
p4672_mut|mutant
p4673_orig|original
p4673_mut|mutant
p4674_orig|original
p4674_mut|mutant
p4675_orig|original
p4675_mut|mutant
p4676_orig|original
p4676_mut|mutant
p4677_orig|original
p4677_mut|mutant
p4678_orig|original
p4678_mut|mutant
p4679_orig|original
p4679_mut|mutant
p4680_orig|original
p4680_mut|mutant
p4681_orig|original
p4681_mut|mutant
p4682_orig|original
p4682_mut|mutant
p4683_orig|original
p4683_mut|mutant
p4684_orig|original
p4684_mut|mutant
p4685_orig|original
p4685_mut|mutant
p4686_orig|original
p4686_mut|mutant
p4687_orig|original
p4687_mut|mutant
p4688_orig|original
p4688_mut|mutant
p4689_orig|original
p4689_mut|mutant
p4690_orig|original
p4690_mut|mutant
p4691_orig|original
p4691_mut|mutant
p4692_orig|original
p4692_mut|mutant
p4693_orig|original
p4693_mut|mutant
p4694_orig|original
p4694_mut|mutant
p4695_orig|original
p4695_mut|mutant
p4696_orig|original
p4696_mut|mutant
p4697_orig|original
p4697_mut|mutant
p4698_orig|original
p4698_mut|mutant
p4699_orig|original
p4699_mut|mutant
p4700_orig|original
p4700_mut|mutant
p4701_orig|original
p4701_mut|mutant
p4702_orig|original
p4702_mut|mutant
p4703_orig|original
p4703_mut|mutant
p4704_orig|original
p4704_mut|mutant
p4705_orig|original
p4705_mut|mutant
p4706_orig|original
p4706_mut|mutant
p4707_orig|original
p4707_mut|mutant
p4708_orig|original
p4708_mut|mutant
p4709_orig|original
p4709_mut|mutant
p4710_orig|original
p4710_mut|mutant
p4711_orig|original
p4711_mut|mutant
p4712_orig|original
p4712_mut|mutant
p4713_orig|original
p4713_mut|mutant
p4714_orig|original
p4714_mut|mutant
p4715_orig|original
p4715_mut|mutant
p4716_orig|original
p4716_mut|mutant
p4717_orig|original
p4717_mut|mutant
p4718_orig|original
p4718_mut|mutant
p4719_orig|original
p4719_mut|mutant
p4720_orig|original
p4720_mut|mutant
p4721_orig|original
p4721_mut|mutant
p4722_orig|original
p4722_mut|mutant
p4723_orig|original
p4723_mut|mutant
p4724_orig|original
p4724_mut|mutant
p4725_orig|original
p4725_mut|mutant
p4726_orig|original
p4726_mut|mutant
p4727_orig|original
p4727_mut|mutant
p4728_orig|original
p4728_mut|mutant
p4729_orig|original
p4729_mut|mutant
p4730_orig|original
p4730_mut|mutant
p4731_orig|original
p4731_mut|mutant
p4732_orig|original
p4732_mut|mutant
p4733_orig|original
p4733_mut|mutant
p4734_orig|original
p4734_mut|mutant
p4735_orig|original
p4735_mut|mutant
p4736_orig|original
p4736_mut|mutant
p4737_orig|original
p4737_mut|mutant
p4738_orig|original
p4738_mut|mutant
p4739_orig|original
p4739_mut|mutant
p4740_orig|original
p4740_mut|mutant
p4741_orig|original
p4741_mut|mutant
p4742_orig|original
p4742_mut|mutant
p4743_orig|original
p4743_mut|mutant
p4744_orig|original
p4744_mut|mutant
p4745_orig|original
p4745_mut|mutant
p4746_orig|original
p4746_mut|mutant
p4747_orig|original
p4747_mut|mutant
p4748_orig|original
p4748_mut|mutant
p4749_orig|original
p4749_mut|mutant
p4750_orig|original
p4750_mut|mutant
p4751_orig|original
p4751_mut|mutant
p4752_orig|original
p4752_mut|mutant
p4753_orig|original
p4753_mut|mutant
p4754_orig|original
p4754_mut|mutant
p4755_orig|original
p4755_mut|mutant
p4756_orig|original
p4756_mut|mutant
p4757_orig|original
p4757_mut|mutant
p4758_orig|original
p4758_mut|mutant
p4759_orig|original
p4759_mut|mutant
p4760_orig|original
p4760_mut|mutant
p4761_orig|original
p4761_mut|mutant
p4762_orig|original
p4762_mut|mutant
p4763_orig|original
p4763_mut|mutant
p4764_orig|original
p4764_mut|mutant
p4765_orig|original
p4765_mut|mutant
p4766_orig|original
p4766_mut|mutant
p4767_orig|original
p4767_mut|mutant
p4768_orig|original
p4768_mut|mutant
p4769_orig|original
p4769_mut|mutant
p4770_orig|original
p4770_mut|mutant
p4771_orig|original
p4771_mut|mutant
p4772_orig|original
p4772_mut|mutant
p4773_orig|original
p4773_mut|mutant
p4774_orig|original
p4774_mut|mutant
p4775_orig|original
p4775_mut|mutant
p4776_orig|original
p4776_mut|mutant
p4777_orig|original
p4777_mut|mutant
p4778_orig|original
p4778_mut|mutant
p4779_orig|original
p4779_mut|mutant
p4780_orig|original
p4780_mut|mutant
p4781_orig|original
p4781_mut|mutant
p4782_orig|original
p4782_mut|mutant
p4783_orig|original
p4783_mut|mutant
p4784_orig|original
p4784_mut|mutant
p4785_orig|original
p4785_mut|mutant
p4786_orig|original
p4786_mut|mutant
p4787_orig|original
p4787_mut|mutant
p4788_orig|original
p4788_mut|mutant
p4789_orig|original
p4789_mut|mutant
p4790_orig|original
p4790_mut|mutant
p4791_orig|original
p4791_mut|mutant
p4792_orig|original
p4792_mut|mutant
p4793_orig|original
p4793_mut|mutant
p4794_orig|original
p4794_mut|mutant
p4795_orig|original
p4795_mut|mutant
p4796_orig|original
p4796_mut|mutant
p4797_orig|original
p4797_mut|mutant
p4798_orig|original
p4798_mut|mutant
p4799_orig|original
p4799_mut|mutant
p4800_orig|original
p4800_mut|mutant
p4801_orig|original
p4801_mut|mutant
p4802_orig|original
p4802_mut|mutant
p4803_orig|original
p4803_mut|mutant
p4804_orig|original
p4804_mut|mutant
p4805_orig|original
p4805_mut|mutant
p4806_orig|original
p4806_mut|mutant
p4807_orig|original
p4807_mut|mutant
p4808_orig|original
p4808_mut|mutant
p4809_orig|original
p4809_mut|mutant
p4810_orig|original
p4810_mut|mutant
p4811_orig|original
p4811_mut|mutant
p4812_orig|original
p4812_mut|mutant
p4813_orig|original
p4813_mut|mutant
p4814_orig|original
p4814_mut|mutant
p4815_orig|original
p4815_mut|mutant
p4816_orig|original
p4816_mut|mutant
p4817_orig|original
p4817_mut|mutant
p4818_orig|original
p4818_mut|mutant
p4819_orig|original
p4819_mut|mutant
p4820_orig|original
p4820_mut|mutant
p4821_orig|original
p4821_mut|mutant
p4822_orig|original
p4822_mut|mutant
p4823_orig|original
p4823_mut|mutant
p4824_orig|original
p4824_mut|mutant
p4825_orig|original
p4825_mut|mutant
p4826_orig|original
p4826_mut|mutant
p4827_orig|original
p4827_mut|mutant
p4828_orig|original
p4828_mut|mutant
p4829_orig|original
p4829_mut|mutant
p4830_orig|original
p4830_mut|mutant
p4831_orig|original
p4831_mut|mutant
p4832_orig|original
p4832_mut|mutant
p4833_orig|original
p4833_mut|mutant
p4834_orig|original
p4834_mut|mutant
p4835_orig|original
p4835_mut|mutant
p4836_orig|original
p4836_mut|mutant
p4837_orig|original
p4837_mut|mutant
p4838_orig|original
p4838_mut|mutant
p4839_orig|original
p4839_mut|mutant
p4840_orig|original
p4840_mut|mutant
p4841_orig|original
p4841_mut|mutant
p4842_orig|original
p4842_mut|mutant
p4843_orig|original
p4843_mut|mutant
p4844_orig|original
p4844_mut|mutant
p4845_orig|original
p4845_mut|mutant
p4846_orig|original
p4846_mut|mutant
p4847_orig|original
p4847_mut|mutant
p4848_orig|original
p4848_mut|mutant
p4849_orig|original
p4849_mut|mutant
p4850_orig|original
p4850_mut|mutant
p4851_orig|original
p4851_mut|mutant
p4852_orig|original
p4852_mut|mutant
p4853_orig|original
p4853_mut|mutant
p4854_orig|original
p4854_mut|mutant
p4855_orig|original
p4855_mut|mutant
p4856_orig|original
p4856_mut|mutant
p4857_orig|original
p4857_mut|mutant
p4858_orig|original
p4858_mut|mutant
p4859_orig|original
p4859_mut|mutant
p4860_orig|original
p4860_mut|mutant
p4861_orig|original
p4861_mut|mutant
p4862_orig|original
p4862_mut|mutant
p4863_orig|original
p4863_mut|mutant
p4864_orig|original
p4864_mut|mutant
p4865_orig|original
p4865_mut|mutant
p4866_orig|original
p4866_mut|mutant
p4867_orig|original
p4867_mut|mutant
p4868_orig|original
p4868_mut|mutant
p4869_orig|original
p4869_mut|mutant
p4870_orig|original
p4870_mut|mutant
p4871_orig|original
p4871_mut|mutant
p4872_orig|original
p4872_mut|mutant
p4873_orig|original
p4873_mut|mutant
p4874_orig|original
p4874_mut|mutant
p4875_orig|original
p4875_mut|mutant
p4876_orig|original
p4876_mut|mutant
p4877_orig|original
p4877_mut|mutant
p4878_orig|original
p4878_mut|mutant
p4879_orig|original
p4879_mut|mutant
p4880_orig|original
p4880_mut|mutant
p4881_orig|original
p4881_mut|mutant
p4882_orig|original
p4882_mut|mutant
p4883_orig|original
p4883_mut|mutant
p4884_orig|original
p4884_mut|mutant
p4885_orig|original
p4885_mut|mutant
p4886_orig|original
p4886_mut|mutant
p4887_orig|original
p4887_mut|mutant
p4888_orig|original
p4888_mut|mutant
p4889_orig|original
p4889_mut|mutant
p4890_orig|original
p4890_mut|mutant
p4891_orig|original
p4891_mut|mutant
p4892_orig|original
p4892_mut|mutant
p4893_orig|original
p4893_mut|mutant
p4894_orig|original
p4894_mut|mutant
p4895_orig|original
p4895_mut|mutant
p4896_orig|original
p4896_mut|mutant
p4897_orig|original
p4897_mut|mutant
p4898_orig|original
p4898_mut|mutant
p4899_orig|original
p4899_mut|mutant
p4900_orig|original
p4900_mut|mutant
p4901_orig|original
p4901_mut|mutant
p4902_orig|original
p4902_mut|mutant
p4903_orig|original
p4903_mut|mutant
p4904_orig|original
p4904_mut|mutant
p4905_orig|original
p4905_mut|mutant
p4906_orig|original
p4906_mut|mutant
p4907_orig|original
p4907_mut|mutant
p4908_orig|original
p4908_mut|mutant
p4909_orig|original
p4909_mut|mutant
p4910_orig|original
p4910_mut|mutant
p4911_orig|original
p4911_mut|mutant
p4912_orig|original
p4912_mut|mutant
p4913_orig|original
p4913_mut|mutant
p4914_orig|original
p4914_mut|mutant
p4915_orig|original
p4915_mut|mutant
p4916_orig|original
p4916_mut|mutant
p4917_orig|original
p4917_mut|mutant
p4918_orig|original
p4918_mut|mutant
p4919_orig|original
p4919_mut|mutant
p4920_orig|original
p4920_mut|mutant
p4921_orig|original
p4921_mut|mutant
p4922_orig|original
p4922_mut|mutant
p4923_orig|original
p4923_mut|mutant
p4924_orig|original
p4924_mut|mutant
p4925_orig|original
p4925_mut|mutant
p4926_orig|original
p4926_mut|mutant
p4927_orig|original
p4927_mut|mutant
p4928_orig|original
p4928_mut|mutant
p4929_orig|original
p4929_mut|mutant
p4930_orig|original
p4930_mut|mutant
p4931_orig|original
p4931_mut|mutant
p4932_orig|original
p4932_mut|mutant
p4933_orig|original
p4933_mut|mutant
p4934_orig|original
p4934_mut|mutant
p4935_orig|original
p4935_mut|mutant
p4936_orig|original
p4936_mut|mutant
p4937_orig|original
p4937_mut|mutant
p4938_orig|original
p4938_mut|mutant
p4939_orig|original
p4939_mut|mutant
p4940_orig|original
p4940_mut|mutant
p4941_orig|original
p4941_mut|mutant
p4942_orig|original
p4942_mut|mutant
p4943_orig|original
p4943_mut|mutant
p4944_orig|original
p4944_mut|mutant
p4945_orig|original
p4945_mut|mutant
p4946_orig|original
p4946_mut|mutant
p4947_orig|original
p4947_mut|mutant
p4948_orig|original
p4948_mut|mutant
p4949_orig|original
p4949_mut|mutant
p4950_orig|original
p4950_mut|mutant
p4951_orig|original
p4951_mut|mutant
p4952_orig|original
p4952_mut|mutant
p4953_orig|original
p4953_mut|mutant
p4954_orig|original
p4954_mut|mutant
p4955_orig|original
p4955_mut|mutant
p4956_orig|original
p4956_mut|mutant
p4957_orig|original
p4957_mut|mutant
p4958_orig|original
p4958_mut|mutant
p4959_orig|original
p4959_mut|mutant
p4960_orig|original
p4960_mut|mutant
p4961_orig|original
p4961_mut|mutant
p4962_orig|original
p4962_mut|mutant
p4963_orig|original
p4963_mut|mutant
p4964_orig|original
p4964_mut|mutant
p4965_orig|original
p4965_mut|mutant
p4966_orig|original
p4966_mut|mutant
p4967_orig|original
p4967_mut|mutant
p4968_orig|original
p4968_mut|mutant
p4969_orig|original
p4969_mut|mutant
p4970_orig|original
p4970_mut|mutant
p4971_orig|original
p4971_mut|mutant
p4972_orig|original
p4972_mut|mutant
p4973_orig|original
p4973_mut|mutant
p4974_orig|original
p4974_mut|mutant
p4975_orig|original
p4975_mut|mutant
p4976_orig|original
p4976_mut|mutant
p4977_orig|original
p4977_mut|mutant
p4978_orig|original
p4978_mut|mutant
p4979_orig|original
p4979_mut|mutant
p4980_orig|original
p4980_mut|mutant
p4981_orig|original
p4981_mut|mutant
p4982_orig|original
p4982_mut|mutant
p4983_orig|original
p4983_mut|mutant
p4984_orig|original
p4984_mut|mutant
p4985_orig|original
p4985_mut|mutant
p4986_orig|original
p4986_mut|mutant
p4987_orig|original
p4987_mut|mutant
p4988_orig|original
p4988_mut|mutant
p4989_orig|original
p4989_mut|mutant
p4990_orig|original
p4990_mut|mutant
p4991_orig|original
p4991_mut|mutant
p4992_orig|original
p4992_mut|mutant
p4993_orig|original
p4993_mut|mutant
p4994_orig|original
p4994_mut|mutant
p4995_orig|original
p4995_mut|mutant
p4996_orig|original
p4996_mut|mutant
p4997_orig|original
p4997_mut|mutant
p4998_orig|original
p4998_mut|mutant
p4999_orig|original
p4999_mut|mutant
